{
  "type": "FeatureCollection",
  "generator": "overpass-turbo",
  "copyright": "The data included in this document is from www.openstreetmap.org. The data is made available under ODbL.",
  "timestamp": "2026-09-02T05:26:10Z",
  "features": [
    {
      "type": "Feature",
      "properties": {
        "@id": "way/219767495",
        "name": "Navi Peth Upakendra",
        "name:mr": "नवी पेठ उपकेंद्र",
        "power": "substation",
        "voltage": "22000;11000"
      },
      "geometry": {
        "type": "Polygon",
        "coordinates": [
          [
            [
              73.8404078,
              18.5089403
            ],
            [
              73.8407537,
              18.5089349
            ],
            [
              73.8407629,
              18.5093062
            ],
            [
              73.8406099,
              18.5093073
            ],
            [
              73.8404078,
              18.5089403
            ]
          ]
        ]
      },
      "id": "way/219767495"
    },
    {
      "type": "Feature",
      "properties": {
        "@id": "way/1152839862",
        "area": "yes",
        "highway": "pedestrian"
      },
      "geometry": {
        "type": "Polygon",
        "coordinates": [
          [
            [
              73.8406143,
              18.5096479
            ],
            [
              73.8407142,
              18.5095809
            ],
            [
              73.8407322,
              18.5095689
            ],
            [
              73.8409122,
              18.5098103
            ],
            [
              73.8407943,
              18.5098893
            ],
            [
              73.8406143,
              18.5096479
            ]
          ]
        ]
      },
      "id": "way/1152839862"
    },
    {
      "type": "Feature",
      "properties": {
        "@id": "way/22840820",
        "highway": "tertiary",
        "name": "Prabhat Path",
        "name:mr": "प्रभात पथ"
      },
      "geometry": {
        "type": "LineString",
        "coordinates": [
          [
            73.8414998,
            18.5138464
          ],
          [
            73.8413582,
            18.513872
          ],
          [
            73.8408589,
            18.5139622
          ],
          [
            73.8405961,
            18.5140023
          ],
          [
            73.8402509,
            18.5140331
          ],
          [
            73.8401003,
            18.5140466
          ],
          [
            73.8394209,
            18.5141123
          ],
          [
            73.8391719,
            18.5141364
          ],
          [
            73.8386575,
            18.5141621
          ],
          [
            73.8385844,
            18.5141657
          ],
          [
            73.8385008,
            18.5141501
          ],
          [
            73.8383718,
            18.5141261
          ],
          [
            73.8382063,
            18.5140953
          ],
          [
            73.83749,
            18.513962
          ],
          [
            73.8372884,
            18.5139297
          ],
          [
            73.8368567,
            18.5139265
          ],
          [
            73.836739,
            18.5139256
          ],
          [
            73.8365564,
            18.5139243
          ],
          [
            73.8362069,
            18.5139216
          ],
          [
            73.8355252,
            18.5139677
          ],
          [
            73.8352942,
            18.5139928
          ],
          [
            73.8350467,
            18.5140303
          ],
          [
            73.8348069,
            18.5140666
          ],
          [
            73.8346355,
            18.5140926
          ],
          [
            73.8345234,
            18.5141155
          ],
          [
            73.8341093,
            18.5142002
          ],
          [
            73.8338015,
            18.5142631
          ],
          [
            73.8329891,
            18.5144904
          ],
          [
            73.8329125,
            18.5145118
          ],
          [
            73.8327499,
            18.5145503
          ],
          [
            73.8325649,
            18.5145942
          ],
          [
            73.8324632,
            18.5146142
          ],
          [
            73.8323727,
            18.514632
          ],
          [
            73.8318803,
            18.5147286
          ],
          [
            73.8313974,
            18.5147794
          ],
          [
            73.8304978,
            18.5149947
          ],
          [
            73.828981,
            18.5153696
          ]
        ]
      },
      "id": "way/22840820"
    },
    {
      "type": "Feature",
      "properties": {
        "@id": "way/22840866",
        "highway": "residential",
        "name": "Aravind Ranade Path",
        "name:mr": "अरविंद रानडे पथ",
        "oneway": "yes"
      },
      "geometry": {
        "type": "LineString",
        "coordinates": [
          [
            73.8418664,
            18.5163955
          ],
          [
            73.8417795,
            18.5163724
          ],
          [
            73.8413194,
            18.5162502
          ],
          [
            73.8408584,
            18.5161344
          ]
        ]
      },
      "id": "way/22840866"
    },
    {
      "type": "Feature",
      "properties": {
        "@id": "way/22840867",
        "highway": "residential",
        "name": "Bhalba Kelkar Path",
        "name:mr": "भालबा केळकर पथ"
      },
      "geometry": {
        "type": "LineString",
        "coordinates": [
          [
            73.8392602,
            18.5160393
          ],
          [
            73.8391671,
            18.5156369
          ],
          [
            73.8391286,
            18.515431
          ],
          [
            73.8391405,
            18.5151323
          ],
          [
            73.8391907,
            18.5147926
          ],
          [
            73.8392447,
            18.5144902
          ],
          [
            73.8391719,
            18.5141364
          ]
        ]
      },
      "id": "way/22840867"
    },
    {
      "type": "Feature",
      "properties": {
        "@id": "way/22840876",
        "highway": "residential",
        "name": "Omkareshwar Path",
        "name:mr": "ॐकारेश्वर पथ"
      },
      "geometry": {
        "type": "LineString",
        "coordinates": [
          [
            73.8499303,
            18.5198468
          ],
          [
            73.8499853,
            18.5198618
          ],
          [
            73.8500573,
            18.5198655
          ],
          [
            73.8501464,
            18.5198694
          ],
          [
            73.8502958,
            18.5198581
          ],
          [
            73.8508329,
            18.5198487
          ],
          [
            73.8509404,
            18.5198374
          ],
          [
            73.8510037,
            18.5198089
          ],
          [
            73.8513531,
            18.5195476
          ],
          [
            73.8514254,
            18.5195238
          ],
          [
            73.8515268,
            18.5195054
          ],
          [
            73.8516163,
            18.5194923
          ],
          [
            73.8517516,
            18.5194791
          ],
          [
            73.8519058,
            18.5194629
          ]
        ]
      },
      "id": "way/22840876"
    },
    {
      "type": "Feature",
      "properties": {
        "@id": "way/22840877",
        "highway": "residential"
      },
      "geometry": {
        "type": "LineString",
        "coordinates": [
          [
            73.8477955,
            18.516113
          ],
          [
            73.8478571,
            18.5157614
          ],
          [
            73.8478734,
            18.5156386
          ],
          [
            73.8479238,
            18.5152584
          ]
        ]
      },
      "id": "way/22840877"
    },
    {
      "type": "Feature",
      "properties": {
        "@id": "way/22840894",
        "highway": "tertiary",
        "name": "Dr. Ketkar Path",
        "name:mr": "डॉ. केतकर पथ"
      },
      "geometry": {
        "type": "LineString",
        "coordinates": [
          [
            73.8340207,
            18.5101168
          ],
          [
            73.8339902,
            18.5101769
          ],
          [
            73.8338911,
            18.5103722
          ]
        ]
      },
      "id": "way/22840894"
    },
    {
      "type": "Feature",
      "properties": {
        "@id": "way/22840904",
        "highway": "residential"
      },
      "geometry": {
        "type": "LineString",
        "coordinates": [
          [
            73.8466767,
            18.5102348
          ],
          [
            73.8476366,
            18.5103599
          ],
          [
            73.8477379,
            18.5103685
          ]
        ]
      },
      "id": "way/22840904"
    },
    {
      "type": "Feature",
      "properties": {
        "@id": "way/22840906",
        "alt_name": "Lakadi Pul",
        "alt_name:mr": "लकडी पूल",
        "highway": "primary",
        "name": "Sambhaji Bridge",
        "name:etymology:wikidata": "Q2737041",
        "name:mr": "संभाजी पूल",
        "oneway": "yes"
      },
      "geometry": {
        "type": "LineString",
        "coordinates": [
          [
            73.8435407,
            18.5130608
          ],
          [
            73.8436545,
            18.5129713
          ],
          [
            73.8437732,
            18.5128789
          ],
          [
            73.8437766,
            18.5128754
          ],
          [
            73.8438536,
            18.5128013
          ]
        ]
      },
      "id": "way/22840906"
    },
    {
      "type": "Feature",
      "properties": {
        "@id": "way/22840911",
        "highway": "tertiary",
        "name": "Narsimha Chintaman Kelkar Marg",
        "name:etymology:wikidata": "Q3633474",
        "name:mr": "नरसिंह चिंतामण केळकर मार्ग",
        "oneway": "yes"
      },
      "geometry": {
        "type": "LineString",
        "coordinates": [
          [
            73.8439554,
            18.5128496
          ],
          [
            73.8441106,
            18.5130559
          ],
          [
            73.8443831,
            18.5134183
          ],
          [
            73.8447087,
            18.5138185
          ]
        ]
      },
      "id": "way/22840911"
    },
    {
      "type": "Feature",
      "properties": {
        "@id": "way/22840963",
        "alt_name": "Apte Road",
        "hgv": "no",
        "highway": "tertiary",
        "lit": "yes",
        "maxheight": "3.2",
        "name": "Apte Path",
        "name:mr": "आपटे पथ",
        "surface": "asphalt"
      },
      "geometry": {
        "type": "LineString",
        "coordinates": [
          [
            73.8424544,
            18.517397
          ],
          [
            73.8424678,
            18.5174462
          ],
          [
            73.8425696,
            18.5178189
          ],
          [
            73.8427003,
            18.5181364
          ],
          [
            73.8427537,
            18.5182549
          ],
          [
            73.842814,
            18.5184017
          ],
          [
            73.8428779,
            18.5185223
          ],
          [
            73.8429309,
            18.5186223
          ],
          [
            73.8431391,
            18.5190151
          ],
          [
            73.8432845,
            18.5193973
          ],
          [
            73.8433205,
            18.5194921
          ],
          [
            73.84336,
            18.519596
          ],
          [
            73.8434309,
            18.5197824
          ],
          [
            73.843475,
            18.5198959
          ],
          [
            73.8435319,
            18.5200421
          ],
          [
            73.8435739,
            18.5201538
          ],
          [
            73.8436175,
            18.5202699
          ],
          [
            73.8437166,
            18.5205337
          ],
          [
            73.8437452,
            18.5206131
          ],
          [
            73.8438616,
            18.5209358
          ],
          [
            73.8438712,
            18.5209625
          ],
          [
            73.8439151,
            18.5210969
          ],
          [
            73.8439339,
            18.5211573
          ],
          [
            73.8440106,
            18.5214031
          ],
          [
            73.8441209,
            18.5217604
          ],
          [
            73.8441662,
            18.521907
          ],
          [
            73.8442394,
            18.5221442
          ],
          [
            73.8444254,
            18.522739
          ],
          [
            73.8445656,
            18.5232123
          ]
        ]
      },
      "id": "way/22840963"
    },
    {
      "type": "Feature",
      "properties": {
        "@id": "way/22841173",
        "highway": "tertiary",
        "name": "Narsimha Chintaman Kelkar Marg",
        "name:etymology:wikidata": "Q3633474",
        "name:mr": "नरसिंह चिंतामण केळकर मार्ग",
        "oneway": "no"
      },
      "geometry": {
        "type": "LineString",
        "coordinates": [
          [
            73.8479629,
            18.5161515
          ],
          [
            73.8490922,
            18.516199
          ],
          [
            73.8493425,
            18.5162095
          ],
          [
            73.8495487,
            18.5162182
          ],
          [
            73.8497093,
            18.5162574
          ],
          [
            73.8497813,
            18.5162908
          ],
          [
            73.849865,
            18.5163296
          ],
          [
            73.8499846,
            18.5164029
          ]
        ]
      },
      "id": "way/22841173"
    },
    {
      "type": "Feature",
      "properties": {
        "@id": "way/22841195",
        "alt_name": "Balagandharva Bridge",
        "alt_name:mr": "बालगंधर्व पूल",
        "highway": "tertiary",
        "name": "Maharshi Vitthal Ramji Shinde Bridge",
        "name:etymology:wikidata": "Q7937284",
        "name:mr": "महर्षी विठ्ठल रामजी शिंदे पूल",
        "oneway": "yes"
      },
      "geometry": {
        "type": "LineString",
        "coordinates": [
          [
            73.8496595,
            18.5201314
          ],
          [
            73.8496806,
            18.5200453
          ],
          [
            73.8497179,
            18.5198316
          ]
        ]
      },
      "id": "way/22841195"
    },
    {
      "type": "Feature",
      "properties": {
        "@id": "way/22841354",
        "highway": "primary",
        "lanes": "3",
        "name": "Tanaji Malusare Path",
        "name:etymology:wikidata": "Q7682239",
        "name:mr": "तानाजी मालुसरे पथ",
        "oneway": "yes"
      },
      "geometry": {
        "type": "LineString",
        "coordinates": [
          [
            73.8456423,
            18.5012279
          ],
          [
            73.8458628,
            18.501227
          ],
          [
            73.8459008,
            18.5012294
          ],
          [
            73.8459562,
            18.501233
          ],
          [
            73.8462138,
            18.5012496
          ],
          [
            73.8463011,
            18.5012552
          ],
          [
            73.8465063,
            18.5012628
          ],
          [
            73.846676,
            18.501269
          ],
          [
            73.84693,
            18.5012612
          ],
          [
            73.8470374,
            18.5012496
          ],
          [
            73.8471893,
            18.5012193
          ],
          [
            73.8473877,
            18.5011658
          ],
          [
            73.8474395,
            18.501151
          ],
          [
            73.8475912,
            18.5011077
          ],
          [
            73.8476486,
            18.5010913
          ],
          [
            73.8478521,
            18.5010332
          ],
          [
            73.8483585,
            18.500904
          ],
          [
            73.8485663,
            18.500848
          ],
          [
            73.8487288,
            18.50079
          ],
          [
            73.8488575,
            18.5007256
          ],
          [
            73.8492802,
            18.5004533
          ],
          [
            73.8495156,
            18.5003006
          ],
          [
            73.8496631,
            18.500198
          ],
          [
            73.8498646,
            18.5000578
          ],
          [
            73.8501113,
            18.4998861
          ],
          [
            73.8504239,
            18.499672
          ],
          [
            73.8508468,
            18.4993285
          ]
        ]
      },
      "id": "way/22841354"
    },
    {
      "type": "Feature",
      "properties": {
        "@id": "way/22972725",
        "highway": "tertiary",
        "name": "Narsimha Chintaman Kelkar Marg",
        "name:etymology:wikidata": "Q3633474",
        "name:mr": "नरसिंह चिंतामण केळकर मार्ग",
        "oneway": "no"
      },
      "geometry": {
        "type": "LineString",
        "coordinates": [
          [
            73.8447087,
            18.5138185
          ],
          [
            73.8451957,
            18.5143544
          ],
          [
            73.8455485,
            18.5147426
          ],
          [
            73.8460238,
            18.5153025
          ],
          [
            73.8461386,
            18.5154313
          ],
          [
            73.8463563,
            18.5156222
          ],
          [
            73.8463906,
            18.5156485
          ],
          [
            73.8464374,
            18.5156845
          ],
          [
            73.8467218,
            18.5157742
          ],
          [
            73.8468129,
            18.5158043
          ],
          [
            73.8469055,
            18.5158393
          ],
          [
            73.8469972,
            18.515874
          ],
          [
            73.8472835,
            18.5159663
          ],
          [
            73.8475116,
            18.5160293
          ],
          [
            73.8477955,
            18.516113
          ],
          [
            73.8479629,
            18.5161515
          ]
        ]
      },
      "id": "way/22972725"
    },
    {
      "type": "Feature",
      "properties": {
        "@id": "way/23016221",
        "alt_name": "Law College Road",
        "alt_name:mr": "विधी महाविद्यालय रस्ता",
        "highway": "primary",
        "lane_markings": "no",
        "name": "Vishnushastri Chiplunkar Path",
        "name:etymology:wikidata": "Q3633358",
        "name:mr": "विष्णुशास्त्री चिपळूणकर पथ",
        "oneway": "yes",
        "surface": "asphalt"
      },
      "geometry": {
        "type": "LineString",
        "coordinates": [
          [
            73.8295683,
            18.5107026
          ],
          [
            73.8297623,
            18.5103532
          ],
          [
            73.830073,
            18.5097935
          ],
          [
            73.8303842,
            18.509236
          ],
          [
            73.8304303,
            18.5091534
          ],
          [
            73.8307778,
            18.5085308
          ],
          [
            73.8308014,
            18.5084885
          ]
        ]
      },
      "id": "way/23016221"
    },
    {
      "type": "Feature",
      "properties": {
        "@id": "way/23016234",
        "highway": "tertiary",
        "name": "Shivram Mhatre Path",
        "name:mr": "शिवराम म्हात्रे पथ"
      },
      "geometry": {
        "type": "LineString",
        "coordinates": [
          [
            73.8431556,
            18.5112421
          ],
          [
            73.8430925,
            18.5112367
          ],
          [
            73.842266,
            18.5111661
          ],
          [
            73.8421828,
            18.5111629
          ],
          [
            73.8421281,
            18.5111817
          ],
          [
            73.8420571,
            18.5112238
          ],
          [
            73.8420168,
            18.5112563
          ]
        ]
      },
      "id": "way/23016234"
    },
    {
      "type": "Feature",
      "properties": {
        "@id": "way/23016235",
        "highway": "secondary"
      },
      "geometry": {
        "type": "LineString",
        "coordinates": [
          [
            73.8393898,
            18.5107362
          ],
          [
            73.8392669,
            18.5108015
          ],
          [
            73.8390249,
            18.5108559
          ],
          [
            73.838933,
            18.5108765
          ],
          [
            73.8382277,
            18.511035
          ],
          [
            73.8378501,
            18.5111802
          ],
          [
            73.8375271,
            18.5114021
          ],
          [
            73.8374999,
            18.5114257
          ]
        ]
      },
      "id": "way/23016235"
    },
    {
      "type": "Feature",
      "properties": {
        "@id": "way/23016236",
        "highway": "tertiary",
        "name": "Krushnahardas Path",
        "name:mr": "कृष्णहरदास पथ"
      },
      "geometry": {
        "type": "LineString",
        "coordinates": [
          [
            73.8460962,
            18.5097971
          ],
          [
            73.8451979,
            18.5097102
          ],
          [
            73.8447599,
            18.5096678
          ],
          [
            73.8440077,
            18.509595
          ],
          [
            73.8436934,
            18.5095613
          ],
          [
            73.8436096,
            18.5095523
          ]
        ]
      },
      "id": "way/23016236"
    },
    {
      "type": "Feature",
      "properties": {
        "@id": "way/23016237",
        "bridge": "yes",
        "highway": "secondary",
        "layer": "1",
        "name": "S. M. Joshi Bridge",
        "name:etymology:wikidata": "Q10982988",
        "name:mr": "एस. एम. जोशी पूल",
        "surface": "asphalt"
      },
      "geometry": {
        "type": "LineString",
        "coordinates": [
          [
            73.8406685,
            18.5094357
          ],
          [
            73.840642,
            18.5094627
          ],
          [
            73.8394879,
            18.5106364
          ],
          [
            73.8393898,
            18.5107362
          ]
        ]
      },
      "id": "way/23016237"
    },
    {
      "type": "Feature",
      "properties": {
        "@id": "way/23016238",
        "auto_rickshaw": "no",
        "bicycle": "yes",
        "bridge": "yes",
        "foot": "yes",
        "goods": "no",
        "hgv": "no",
        "highway": "tertiary",
        "layer": "1",
        "motorcar": "no",
        "motorcycle": "yes",
        "name": "Chavan Bridge",
        "name:etymology:wikidata": "Q1764541",
        "name:mr": "यशवंतराव चव्हाण पूल",
        "oneway": "yes"
      },
      "geometry": {
        "type": "LineString",
        "coordinates": [
          [
            73.8419446,
            18.5112963
          ],
          [
            73.8416515,
            18.5116453
          ],
          [
            73.8412833,
            18.5120875
          ],
          [
            73.8409857,
            18.5124481
          ],
          [
            73.8407908,
            18.5127049
          ]
        ]
      },
      "id": "way/23016238"
    },
    {
      "type": "Feature",
      "properties": {
        "@id": "way/23016239",
        "bicycle": "yes",
        "foot": "yes",
        "goods": "no",
        "hgv": "no",
        "highway": "tertiary",
        "lane_markings": "no",
        "motorcar": "no",
        "motorcycle": "yes",
        "name": "Yashwantrao Chavan Bridge",
        "name:etymology:wikidata": "Q1764541",
        "name:mr": "यशवंतराव चव्हाण पूल",
        "oneway": "yes",
        "surface": "asphalt"
      },
      "geometry": {
        "type": "LineString",
        "coordinates": [
          [
            73.8407908,
            18.5127049
          ],
          [
            73.8405966,
            18.5130149
          ],
          [
            73.8405641,
            18.5130809
          ]
        ]
      },
      "id": "way/23016239"
    },
    {
      "type": "Feature",
      "properties": {
        "@id": "way/23016562",
        "name": "Mutha",
        "name:en": "Mutha",
        "name:gu": "મુઠા",
        "name:mr": "मुठा",
        "waterway": "river",
        "width": "100"
      },
      "geometry": {
        "type": "LineString",
        "coordinates": [
          [
            73.7634967,
            18.4428873
          ],
          [
            73.7634979,
            18.4429326
          ],
          [
            73.763843,
            18.44397
          ],
          [
            73.7647537,
            18.4447953
          ],
          [
            73.7650275,
            18.4450122
          ],
          [
            73.7662206,
            18.4457043
          ],
          [
            73.7671046,
            18.4458916
          ],
          [
            73.7681603,
            18.4462905
          ],
          [
            73.7695765,
            18.4466406
          ],
          [
            73.7701945,
            18.4466732
          ],
          [
            73.7703662,
            18.446893
          ],
          [
            73.7709155,
            18.4470966
          ],
          [
            73.7706752,
            18.4479841
          ],
          [
            73.7703318,
            18.4490018
          ],
          [
            73.770246,
            18.4497183
          ],
          [
            73.7703318,
            18.4514199
          ],
          [
            73.7705807,
            18.4529913
          ],
          [
            73.7706065,
            18.4538218
          ],
          [
            73.7712159,
            18.4551244
          ],
          [
            73.7716794,
            18.4561421
          ],
          [
            73.7724604,
            18.4575995
          ],
          [
            73.7732415,
            18.4583566
          ],
          [
            73.7740397,
            18.4589917
          ],
          [
            73.774898,
            18.4599361
          ],
          [
            73.7752156,
            18.4599361
          ],
          [
            73.775516,
            18.459871
          ],
          [
            73.7757821,
            18.4599524
          ],
          [
            73.7758679,
            18.4602129
          ],
          [
            73.7761082,
            18.4603594
          ],
          [
            73.7768721,
            18.4605141
          ],
          [
            73.7779193,
            18.4608235
          ],
          [
            73.7787432,
            18.4608642
          ],
          [
            73.7800135,
            18.4609538
          ],
          [
            73.7808032,
            18.4612794
          ],
          [
            73.7821336,
            18.4614097
          ],
          [
            73.7828288,
            18.461312
          ],
          [
            73.7835669,
            18.4616051
          ],
          [
            73.7837472,
            18.4618737
          ],
          [
            73.7839703,
            18.4623785
          ],
          [
            73.7842192,
            18.4626635
          ],
          [
            73.7846484,
            18.4628751
          ],
          [
            73.7850604,
            18.4628426
          ],
          [
            73.786159,
            18.4628588
          ],
          [
            73.7872405,
            18.4626879
          ],
          [
            73.7892575,
            18.4623215
          ],
          [
            73.7904162,
            18.4616295
          ],
          [
            73.7907166,
            18.4615888
          ],
          [
            73.7911715,
            18.4618737
          ],
          [
            73.7916798,
            18.4621027
          ],
          [
            73.7928582,
            18.4623867
          ],
          [
            73.7936877,
            18.4625305
          ],
          [
            73.7945361,
            18.4625983
          ],
          [
            73.7954116,
            18.4630542
          ],
          [
            73.7955661,
            18.4631682
          ],
          [
            73.7969823,
            18.464308
          ],
          [
            73.7976775,
            18.4645522
          ],
          [
            73.7979436,
            18.4647558
          ],
          [
            73.7991195,
            18.4660828
          ],
          [
            73.7994027,
            18.4665061
          ],
          [
            73.7998147,
            18.4667992
          ],
          [
            73.8006387,
            18.4672876
          ],
          [
            73.8026213,
            18.468232
          ],
          [
            73.8032737,
            18.4687368
          ],
          [
            73.8080371,
            18.4722387
          ],
          [
            73.8086603,
            18.472861
          ],
          [
            73.8089642,
            18.4732387
          ],
          [
            73.8091702,
            18.4737841
          ],
          [
            73.8092377,
            18.4740199
          ],
          [
            73.8093203,
            18.4743134
          ],
          [
            73.8095565,
            18.4748831
          ],
          [
            73.8103578,
            18.4764334
          ],
          [
            73.8112817,
            18.4782208
          ],
          [
            73.8115907,
            18.4787255
          ],
          [
            73.8118224,
            18.4789534
          ],
          [
            73.8123889,
            18.4793279
          ],
          [
            73.8129296,
            18.4795721
          ],
          [
            73.8144402,
            18.4801175
          ],
          [
            73.8176846,
            18.4817049
          ],
          [
            73.8198733,
            18.4825678
          ],
          [
            73.8208275,
            18.4827246
          ],
          [
            73.822373,
            18.4827199
          ],
          [
            73.82303,
            18.4826613
          ],
          [
            73.82357,
            18.4826931
          ],
          [
            73.823976,
            18.4827957
          ],
          [
            73.8250575,
            18.4833248
          ],
          [
            73.8258986,
            18.4842284
          ],
          [
            73.8268857,
            18.4864018
          ],
          [
            73.8272362,
            18.4873531
          ],
          [
            73.8281374,
            18.4891195
          ],
          [
            73.8284367,
            18.489496
          ],
          [
            73.8287704,
            18.4898994
          ],
          [
            73.8290829,
            18.4904312
          ],
          [
            73.8293803,
            18.4908264
          ],
          [
            73.8296866,
            18.4913763
          ],
          [
            73.8299318,
            18.4916831
          ],
          [
            73.8301362,
            18.491999
          ],
          [
            73.8303361,
            18.4922301
          ],
          [
            73.8305482,
            18.4926248
          ],
          [
            73.8311141,
            18.4934235
          ],
          [
            73.8316184,
            18.4941037
          ],
          [
            73.8321704,
            18.4949339
          ],
          [
            73.8327943,
            18.4957774
          ],
          [
            73.8334002,
            18.4964791
          ],
          [
            73.8343017,
            18.4970986
          ],
          [
            73.835153,
            18.4977991
          ],
          [
            73.8359453,
            18.4989086
          ],
          [
            73.8365043,
            18.5001509
          ],
          [
            73.8368932,
            18.5015672
          ],
          [
            73.8368578,
            18.5022235
          ],
          [
            73.8366802,
            18.50389
          ],
          [
            73.8365931,
            18.5048139
          ],
          [
            73.8365097,
            18.5057726
          ],
          [
            73.8365314,
            18.5060058
          ],
          [
            73.8367697,
            18.5065903
          ],
          [
            73.8369143,
            18.5068393
          ],
          [
            73.8369985,
            18.5070268
          ],
          [
            73.8372257,
            18.5075274
          ],
          [
            73.8375434,
            18.5078518
          ],
          [
            73.8383183,
            18.5085335
          ],
          [
            73.8385331,
            18.5087319
          ],
          [
            73.8386994,
            18.508887
          ],
          [
            73.8388161,
            18.5089975
          ],
          [
            73.8398289,
            18.5098684
          ],
          [
            73.8400184,
            18.5101134
          ],
          [
            73.840301,
            18.5104788
          ],
          [
            73.8409227,
            18.5114006
          ],
          [
            73.8412452,
            18.5118787
          ],
          [
            73.841537,
            18.5122694
          ],
          [
            73.8427349,
            18.5133192
          ],
          [
            73.8436533,
            18.5142145
          ],
          [
            73.8445881,
            18.5154548
          ],
          [
            73.844932,
            18.5159112
          ],
          [
            73.845675,
            18.5172967
          ],
          [
            73.8458132,
            18.5174812
          ],
          [
            73.845945,
            18.5176572
          ],
          [
            73.8462015,
            18.5179899
          ],
          [
            73.8465286,
            18.5184141
          ],
          [
            73.8477125,
            18.5195586
          ],
          [
            73.8487173,
            18.5205301
          ],
          [
            73.8489331,
            18.5206061
          ],
          [
            73.8499189,
            18.5209533
          ],
          [
            73.851042,
            18.5211127
          ],
          [
            73.8513523,
            18.5211568
          ],
          [
            73.8527256,
            18.5214253
          ],
          [
            73.8528308,
            18.5214612
          ],
          [
            73.8541399,
            18.5219075
          ],
          [
            73.8542534,
            18.5219462
          ],
          [
            73.855245,
            18.5225088
          ],
          [
            73.8553005,
            18.5225403
          ],
          [
            73.8564335,
            18.5235169
          ],
          [
            73.8580299,
            18.5250225
          ],
          [
            73.8584002,
            18.5254505
          ],
          [
            73.8586095,
            18.5257474
          ],
          [
            73.8588198,
            18.5259963
          ],
          [
            73.8592573,
            18.52652
          ],
          [
            73.8594241,
            18.5266883
          ],
          [
            73.8595175,
            18.5267825
          ],
          [
            73.8595803,
            18.5268361
          ],
          [
            73.8602873,
            18.5274396
          ],
          [
            73.8605086,
            18.5277745
          ],
          [
            73.8606907,
            18.52805
          ],
          [
            73.8607258,
            18.5287733
          ],
          [
            73.8607508,
            18.529287
          ],
          [
            73.8607131,
            18.5294997
          ],
          [
            73.8603474,
            18.5315656
          ]
        ]
      },
      "id": "way/23016562"
    },
    {
      "type": "Feature",
      "properties": {
        "@id": "way/30876504",
        "highway": "tertiary",
        "name": "R. B. Kumthekar Marg",
        "name:mr": "रा. ब. कुमठेकर मार्ग",
        "oneway": "yes"
      },
      "geometry": {
        "type": "LineString",
        "coordinates": [
          [
            73.8438536,
            18.5128013
          ],
          [
            73.8440806,
            18.5128135
          ],
          [
            73.8442364,
            18.5128181
          ],
          [
            73.8442915,
            18.5128225
          ],
          [
            73.8446782,
            18.51288
          ],
          [
            73.8447895,
            18.5128912
          ],
          [
            73.8448644,
            18.5128987
          ],
          [
            73.8455389,
            18.5129635
          ],
          [
            73.8467444,
            18.5130861
          ],
          [
            73.8473191,
            18.5131412
          ],
          [
            73.8484952,
            18.5132652
          ]
        ]
      },
      "id": "way/30876504"
    },
    {
      "type": "Feature",
      "properties": {
        "@id": "way/51874255",
        "highway": "residential",
        "surface": "asphalt"
      },
      "geometry": {
        "type": "LineString",
        "coordinates": [
          [
            73.8327097,
            18.5092922
          ],
          [
            73.832967,
            18.5088344
          ],
          [
            73.8329859,
            18.5088046
          ],
          [
            73.8330047,
            18.5087885
          ],
          [
            73.8330305,
            18.508778
          ]
        ]
      },
      "id": "way/51874255"
    },
    {
      "type": "Feature",
      "properties": {
        "@id": "way/51874380",
        "highway": "tertiary",
        "name": "Kashibai Amrutrao Khilare Path",
        "name:mr": "काशीबाई अमृतराव खिलारे पथ"
      },
      "geometry": {
        "type": "LineString",
        "coordinates": [
          [
            73.8382277,
            18.511035
          ],
          [
            73.8379295,
            18.5106666
          ],
          [
            73.8377125,
            18.5103984
          ],
          [
            73.8375653,
            18.5102468
          ],
          [
            73.8375322,
            18.5102127
          ],
          [
            73.8371734,
            18.5098435
          ],
          [
            73.8370833,
            18.5097677
          ],
          [
            73.8364334,
            18.5092206
          ],
          [
            73.8359736,
            18.508869
          ],
          [
            73.8357765,
            18.5087183
          ],
          [
            73.8356257,
            18.508603
          ],
          [
            73.8354409,
            18.508472
          ],
          [
            73.8353505,
            18.5084092
          ],
          [
            73.8350925,
            18.5082299
          ],
          [
            73.8350618,
            18.5082086
          ],
          [
            73.8346784,
            18.5079421
          ],
          [
            73.8345713,
            18.5078836
          ],
          [
            73.8343595,
            18.507768
          ],
          [
            73.8342118,
            18.5076874
          ],
          [
            73.8338089,
            18.5074674
          ],
          [
            73.8337517,
            18.5074362
          ],
          [
            73.8335752,
            18.5073398
          ],
          [
            73.8335484,
            18.5073252
          ],
          [
            73.8334536,
            18.5072735
          ],
          [
            73.8323857,
            18.5068897
          ]
        ]
      },
      "id": "way/51874380"
    },
    {
      "type": "Feature",
      "properties": {
        "@id": "way/51874385",
        "embankment": "yes",
        "highway": "secondary",
        "lanes": "2",
        "maxspeed": "40",
        "name": "Raveendra Mhatre Bridge",
        "name:etymology:wikidata": "Q7296736",
        "name:mr": "रवींद्र म्हात्रे पूल",
        "oneway": "yes"
      },
      "geometry": {
        "type": "LineString",
        "coordinates": [
          [
            73.8355704,
            18.5045112
          ],
          [
            73.8352927,
            18.5044986
          ],
          [
            73.8351756,
            18.5044958
          ],
          [
            73.8350406,
            18.5044926
          ],
          [
            73.8349259,
            18.5044917
          ]
        ]
      },
      "id": "way/51874385"
    },
    {
      "type": "Feature",
      "properties": {
        "@id": "way/53088328",
        "alt_name": "Lakadi Pul",
        "alt_name:mr": "लकडी पूल",
        "bicycle": "no",
        "bridge": "yes",
        "foot": "yes",
        "highway": "primary",
        "layer": "1",
        "motorcycle": "yes",
        "name": "Sambhaji Bridge",
        "name:etymology:wikidata": "Q2737041",
        "name:mr": "संभाजी पूल",
        "oneway": "yes",
        "surface": "asphalt"
      },
      "geometry": {
        "type": "LineString",
        "coordinates": [
          [
            73.8426566,
            18.5141723
          ],
          [
            73.8433907,
            18.5132494
          ],
          [
            73.8435407,
            18.5130608
          ]
        ]
      },
      "id": "way/53088328"
    },
    {
      "type": "Feature",
      "properties": {
        "@id": "way/53088749",
        "highway": "residential",
        "name": "Appasaheb Athawale Path",
        "name:mr": "आप्पासाहेब आठवले पथ"
      },
      "geometry": {
        "type": "LineString",
        "coordinates": [
          [
            73.8469972,
            18.515874
          ],
          [
            73.8470459,
            18.5159688
          ],
          [
            73.8471088,
            18.5160425
          ],
          [
            73.8472406,
            18.5161534
          ],
          [
            73.8479282,
            18.5165241
          ]
        ]
      },
      "id": "way/53088749"
    },
    {
      "type": "Feature",
      "properties": {
        "@id": "way/53089623",
        "highway": "residential"
      },
      "geometry": {
        "type": "LineString",
        "coordinates": [
          [
            73.8496327,
            18.5192864
          ],
          [
            73.849109,
            18.5195278
          ]
        ]
      },
      "id": "way/53089623"
    },
    {
      "type": "Feature",
      "properties": {
        "@id": "way/53090268",
        "highway": "residential",
        "lane_markings": "yes",
        "lanes": "2",
        "name": "Namdeo Raut Path",
        "surface": "concrete"
      },
      "geometry": {
        "type": "LineString",
        "coordinates": [
          [
            73.848145,
            18.5177272
          ],
          [
            73.8494729,
            18.5177486
          ],
          [
            73.8495999,
            18.5177684
          ],
          [
            73.8497344,
            18.5178115
          ],
          [
            73.8498462,
            18.5178654
          ],
          [
            73.8499429,
            18.5179283
          ],
          [
            73.8500014,
            18.5179923
          ]
        ]
      },
      "id": "way/53090268"
    },
    {
      "type": "Feature",
      "properties": {
        "@id": "way/53090697",
        "highway": "tertiary",
        "name": "Narsimha Chintaman Kelkar Marg",
        "name:etymology:wikidata": "Q3633474",
        "name:mr": "नरसिंह चिंतामण केळकर मार्ग",
        "oneway": "no"
      },
      "geometry": {
        "type": "LineString",
        "coordinates": [
          [
            73.8499846,
            18.5164029
          ],
          [
            73.8508112,
            18.5164014
          ],
          [
            73.8510378,
            18.516401
          ],
          [
            73.8510701,
            18.5164004
          ],
          [
            73.8520119,
            18.5163825
          ],
          [
            73.8522882,
            18.516378
          ],
          [
            73.8528719,
            18.5164168
          ],
          [
            73.8531058,
            18.5164089
          ],
          [
            73.8532842,
            18.516398
          ],
          [
            73.8535673,
            18.5163713
          ],
          [
            73.8536964,
            18.5163854
          ],
          [
            73.8538574,
            18.5164569
          ]
        ]
      },
      "id": "way/53090697"
    },
    {
      "type": "Feature",
      "properties": {
        "@id": "way/53273477",
        "highway": "tertiary",
        "name": "Bhandarkar Path",
        "name:etymology:wikidata": "Q2623927",
        "name:mr": "भांडारकर पथ",
        "oneway": "no",
        "surface": "asphalt"
      },
      "geometry": {
        "type": "LineString",
        "coordinates": [
          [
            73.8361411,
            18.5181161
          ],
          [
            73.8355155,
            18.5181394
          ],
          [
            73.8352091,
            18.5181447
          ],
          [
            73.8349034,
            18.51815
          ],
          [
            73.834621,
            18.5181767
          ],
          [
            73.8344491,
            18.5181929
          ],
          [
            73.8341958,
            18.5182402
          ],
          [
            73.8338173,
            18.5183399
          ],
          [
            73.8336628,
            18.5183806
          ],
          [
            73.8336247,
            18.5183967
          ],
          [
            73.8332761,
            18.5185444
          ],
          [
            73.8331585,
            18.5185942
          ],
          [
            73.8330912,
            18.518617
          ],
          [
            73.8328041,
            18.5187146
          ],
          [
            73.8327563,
            18.5187308
          ],
          [
            73.8326954,
            18.5187515
          ],
          [
            73.8323327,
            18.5188746
          ],
          [
            73.8322895,
            18.5188892
          ],
          [
            73.8321348,
            18.5189026
          ],
          [
            73.8319446,
            18.5189191
          ],
          [
            73.8315733,
            18.5189513
          ],
          [
            73.8311113,
            18.5189955
          ],
          [
            73.8309479,
            18.5190212
          ],
          [
            73.8306897,
            18.5190623
          ]
        ]
      },
      "id": "way/53273477"
    },
    {
      "type": "Feature",
      "properties": {
        "@id": "way/53744465",
        "highway": "residential",
        "lane_markings": "no",
        "name": "Jnana Prabodhini Marg",
        "name:etymology:wikidata": "Q6203925",
        "name:mr": "ज्ञान प्रबोधिनी मार्ग",
        "surface": "asphalt"
      },
      "geometry": {
        "type": "LineString",
        "coordinates": [
          [
            73.8457311,
            18.5118397
          ],
          [
            73.8472133,
            18.5120354
          ],
          [
            73.8474539,
            18.5120672
          ]
        ]
      },
      "id": "way/53744465"
    },
    {
      "type": "Feature",
      "properties": {
        "@id": "way/53744468",
        "highway": "tertiary",
        "name": "Shivram Mhatre Path",
        "name:mr": "शिवराम म्हात्रे पथ"
      },
      "geometry": {
        "type": "LineString",
        "coordinates": [
          [
            73.8450707,
            18.5114645
          ],
          [
            73.84475,
            18.5114244
          ],
          [
            73.8440763,
            18.5113254
          ],
          [
            73.8435594,
            18.5112761
          ],
          [
            73.8433144,
            18.5112528
          ],
          [
            73.8432571,
            18.5112473
          ]
        ]
      },
      "id": "way/53744468"
    },
    {
      "type": "Feature",
      "properties": {
        "@id": "way/53744474",
        "bicycle": "yes",
        "cycleway": "no",
        "foot": "yes",
        "highway": "residential",
        "name": "Ahitagni Rajwade Marg",
        "name:mr": "अहिताग्नी राजवाडे मार्ग",
        "oneway": "no",
        "sidewalk": "both"
      },
      "geometry": {
        "type": "LineString",
        "coordinates": [
          [
            73.845601,
            18.5122713
          ],
          [
            73.8474021,
            18.5124798
          ]
        ]
      },
      "id": "way/53744474"
    },
    {
      "type": "Feature",
      "properties": {
        "@id": "way/53744511",
        "highway": "tertiary",
        "lane_markings": "no",
        "name": "Chhatrapati Sambhaji Path",
        "name:etymology:wikidata": "Q2737041",
        "name:mr": "छत्रपती संभाजी पथ",
        "surface": "asphalt"
      },
      "geometry": {
        "type": "LineString",
        "coordinates": [
          [
            73.8453115,
            18.513457
          ],
          [
            73.8454826,
            18.513116
          ],
          [
            73.8455389,
            18.5129635
          ],
          [
            73.8455737,
            18.5128313
          ],
          [
            73.845601,
            18.5122713
          ],
          [
            73.8456354,
            18.5120797
          ],
          [
            73.8456752,
            18.5119575
          ],
          [
            73.8457311,
            18.5118397
          ],
          [
            73.8458554,
            18.5115748
          ],
          [
            73.8458969,
            18.5114363
          ],
          [
            73.8459437,
            18.5111878
          ]
        ]
      },
      "id": "way/53744511"
    },
    {
      "type": "Feature",
      "properties": {
        "@id": "way/53744580",
        "highway": "tertiary",
        "name": "Madhavrao Peshve Marg",
        "name:mr": "माधवराव पेशवे मार्ग"
      },
      "geometry": {
        "type": "LineString",
        "coordinates": [
          [
            73.8457653,
            18.5032437
          ],
          [
            73.8459067,
            18.5033663
          ],
          [
            73.8460302,
            18.5034442
          ],
          [
            73.8461814,
            18.5035515
          ],
          [
            73.8462872,
            18.5036266
          ],
          [
            73.8467448,
            18.5038579
          ],
          [
            73.8467988,
            18.5038852
          ],
          [
            73.8471885,
            18.504011
          ],
          [
            73.8473369,
            18.5040398
          ],
          [
            73.847601,
            18.5040508
          ],
          [
            73.8477168,
            18.5040696
          ],
          [
            73.8481413,
            18.5041384
          ],
          [
            73.8487544,
            18.5042378
          ],
          [
            73.8492038,
            18.5042902
          ],
          [
            73.8495191,
            18.5043236
          ],
          [
            73.8498292,
            18.5043321
          ],
          [
            73.8501812,
            18.5043458
          ],
          [
            73.8502901,
            18.5043464
          ],
          [
            73.8506893,
            18.5043248
          ]
        ]
      },
      "id": "way/53744580"
    },
    {
      "type": "Feature",
      "properties": {
        "@id": "way/53744641",
        "highway": "residential",
        "name": "L. B. Bhopatkar Marg",
        "name:etymology:wikidata": "Q19811999",
        "name:mr": "ल. ब. भोपटकर मार्ग"
      },
      "geometry": {
        "type": "LineString",
        "coordinates": [
          [
            73.8459437,
            18.5111878
          ],
          [
            73.8465504,
            18.5112539
          ],
          [
            73.8475424,
            18.5113619
          ],
          [
            73.8486775,
            18.5114805
          ],
          [
            73.8506617,
            18.5117016
          ]
        ]
      },
      "id": "way/53744641"
    },
    {
      "type": "Feature",
      "properties": {
        "@id": "way/53744711",
        "highway": "residential",
        "name": "Rashtrabhasha Bhavan Marg",
        "name:mr": "राष्ट्रभाषा भवन मार्ग",
        "oneway": "no"
      },
      "geometry": {
        "type": "LineString",
        "coordinates": [
          [
            73.8460238,
            18.5153025
          ],
          [
            73.8461921,
            18.5152152
          ],
          [
            73.8463261,
            18.5151821
          ],
          [
            73.8465128,
            18.5151919
          ],
          [
            73.84705,
            18.5152203
          ],
          [
            73.8473846,
            18.515236
          ],
          [
            73.8479238,
            18.5152584
          ],
          [
            73.8483338,
            18.5152724
          ],
          [
            73.8500519,
            18.515373
          ],
          [
            73.8510542,
            18.5154257
          ],
          [
            73.8520058,
            18.5154783
          ],
          [
            73.852303,
            18.5154947
          ]
        ]
      },
      "id": "way/53744711"
    },
    {
      "type": "Feature",
      "properties": {
        "@id": "way/53744748",
        "highway": "tertiary",
        "lane_markings": "no",
        "name": "T Saheb KK Marg",
        "name:mr": "अप्पासाहेब भागवत पथ",
        "oneway": "no",
        "surface": "asphalt"
      },
      "geometry": {
        "type": "LineString",
        "coordinates": [
          [
            73.8496167,
            18.51939
          ],
          [
            73.8496178,
            18.5193612
          ],
          [
            73.8496226,
            18.5193325
          ],
          [
            73.8496327,
            18.5192864
          ],
          [
            73.8496659,
            18.5191928
          ],
          [
            73.8497185,
            18.5190448
          ],
          [
            73.8497965,
            18.5188515
          ],
          [
            73.849861,
            18.5186916
          ],
          [
            73.850001,
            18.5182292
          ],
          [
            73.850027,
            18.5181419
          ]
        ]
      },
      "id": "way/53744748"
    },
    {
      "type": "Feature",
      "properties": {
        "@id": "way/53744891",
        "highway": "residential",
        "name": "Bhau Nalawade Path",
        "name:mr": "भाऊ नलावडे पथ",
        "oneway": "yes"
      },
      "geometry": {
        "type": "LineString",
        "coordinates": [
          [
            73.8472286,
            18.5138627
          ],
          [
            73.8472161,
            18.5139809
          ],
          [
            73.8471557,
            18.5142975
          ],
          [
            73.8471078,
            18.5148026
          ],
          [
            73.84709,
            18.5150722
          ],
          [
            73.84705,
            18.5152203
          ]
        ]
      },
      "id": "way/53744891"
    },
    {
      "type": "Feature",
      "properties": {
        "@id": "way/53758999",
        "cycleway": "lane",
        "highway": "tertiary",
        "oneway": "no"
      },
      "geometry": {
        "type": "LineString",
        "coordinates": [
          [
            73.8447087,
            18.5138185
          ],
          [
            73.84468,
            18.5138484
          ],
          [
            73.8445889,
            18.5139434
          ]
        ]
      },
      "id": "way/53758999"
    },
    {
      "type": "Feature",
      "properties": {
        "@id": "way/53759030",
        "alt_name": "Z Bridge",
        "bicycle": "yes",
        "bridge": "yes",
        "cycleway": "lane",
        "highway": "tertiary",
        "layer": "1",
        "motor_vehicle": "no",
        "name": "Kakasaheb Gadgil Bridge",
        "name:etymology:wikidata": "Q6965275",
        "name:mr": "काकासाहेब गाडगीळ पूल",
        "oneway": "no"
      },
      "geometry": {
        "type": "LineString",
        "coordinates": [
          [
            73.8445889,
            18.5139434
          ],
          [
            73.8442337,
            18.5143059
          ],
          [
            73.8434652,
            18.5150902
          ],
          [
            73.8434342,
            18.5151534
          ],
          [
            73.843451,
            18.5152478
          ],
          [
            73.8442994,
            18.5165688
          ],
          [
            73.8443724,
            18.5166598
          ],
          [
            73.844883,
            18.5171793
          ],
          [
            73.8448864,
            18.5172048
          ],
          [
            73.8448758,
            18.5172362
          ],
          [
            73.8448562,
            18.5172607
          ],
          [
            73.8444262,
            18.5174952
          ]
        ]
      },
      "id": "way/53759030"
    },
    {
      "type": "Feature",
      "properties": {
        "@id": "way/53759031",
        "highway": "tertiary"
      },
      "geometry": {
        "type": "LineString",
        "coordinates": [
          [
            73.8444262,
            18.5174952
          ],
          [
            73.8443712,
            18.5175228
          ]
        ]
      },
      "id": "way/53759031"
    },
    {
      "type": "Feature",
      "properties": {
        "@id": "way/53759047",
        "highway": "residential",
        "name": "V. R. Kothari Path",
        "name:mr": "वा. र. कोठारी पथ"
      },
      "geometry": {
        "type": "LineString",
        "coordinates": [
          [
            73.8453115,
            18.513457
          ],
          [
            73.8454722,
            18.5135705
          ],
          [
            73.8461004,
            18.5142432
          ],
          [
            73.8464112,
            18.5146339
          ],
          [
            73.8465346,
            18.5147138
          ],
          [
            73.8466936,
            18.5147509
          ],
          [
            73.8471078,
            18.5148026
          ]
        ]
      },
      "id": "way/53759047"
    },
    {
      "type": "Feature",
      "properties": {
        "@id": "way/53759088",
        "highway": "tertiary"
      },
      "geometry": {
        "type": "LineString",
        "coordinates": [
          [
            73.8455485,
            18.5147426
          ],
          [
            73.8451575,
            18.5150071
          ],
          [
            73.8448452,
            18.5151792
          ],
          [
            73.8447981,
            18.5152085
          ]
        ]
      },
      "id": "way/53759088"
    },
    {
      "type": "Feature",
      "properties": {
        "@id": "way/53759137",
        "highway": "tertiary",
        "name": "Jagannath Kaniram Kasat Path",
        "name:mr": "जगन्नाथ कनिराम कासट पथ"
      },
      "geometry": {
        "type": "LineString",
        "coordinates": [
          [
            73.8441037,
            18.5156875
          ],
          [
            73.8440607,
            18.5157084
          ]
        ]
      },
      "id": "way/53759137"
    },
    {
      "type": "Feature",
      "properties": {
        "@id": "way/53759174",
        "bridge": "yes",
        "flood_prone": "yes",
        "foot": "no",
        "highway": "tertiary",
        "horse": "no",
        "layer": "1",
        "name": "Baba Bhide Bridge",
        "name:mr": "बाबा भिडे पूल",
        "oneway": "no"
      },
      "geometry": {
        "type": "LineString",
        "coordinates": [
          [
            73.8447981,
            18.5152085
          ],
          [
            73.8445908,
            18.5153515
          ],
          [
            73.8441037,
            18.5156875
          ]
        ]
      },
      "id": "way/53759174"
    },
    {
      "type": "Feature",
      "properties": {
        "@id": "way/53759184",
        "highway": "residential",
        "oneway": "yes"
      },
      "geometry": {
        "type": "LineString",
        "coordinates": [
          [
            73.844055,
            18.5170059
          ],
          [
            73.8438277,
            18.5166298
          ],
          [
            73.843732,
            18.5164731
          ],
          [
            73.8436131,
            18.5162784
          ],
          [
            73.8434953,
            18.5160506
          ],
          [
            73.8434761,
            18.5160188
          ]
        ]
      },
      "id": "way/53759184"
    },
    {
      "type": "Feature",
      "properties": {
        "@id": "way/60980800",
        "highway": "residential"
      },
      "geometry": {
        "type": "LineString",
        "coordinates": [
          [
            73.8340768,
            18.5064867
          ],
          [
            73.833893,
            18.5062846
          ],
          [
            73.8338111,
            18.5061946
          ],
          [
            73.8333312,
            18.5058449
          ],
          [
            73.8332682,
            18.5058104
          ],
          [
            73.8329488,
            18.5056974
          ]
        ]
      },
      "id": "way/60980800"
    },
    {
      "type": "Feature",
      "properties": {
        "@id": "way/60980803",
        "highway": "tertiary",
        "lanes": "2",
        "name": "Imambhai Shekh Path",
        "name:mr": "इमामभाई शेख पथ"
      },
      "geometry": {
        "type": "LineString",
        "coordinates": [
          [
            73.8307875,
            18.5041844
          ],
          [
            73.8308219,
            18.5041283
          ]
        ]
      },
      "id": "way/60980803"
    },
    {
      "type": "Feature",
      "properties": {
        "@id": "way/60993711",
        "highway": "tertiary",
        "name": "Gopal Ganesh Agarkar Path",
        "name:etymology:wikidata": "Q55681",
        "name:mr": "गोपाळ गणेश आगरकर पथ"
      },
      "geometry": {
        "type": "LineString",
        "coordinates": [
          [
            73.8307467,
            18.5201983
          ],
          [
            73.8313573,
            18.5201926
          ],
          [
            73.8314647,
            18.5201919
          ],
          [
            73.831814,
            18.5201894
          ],
          [
            73.8319626,
            18.5201884
          ],
          [
            73.8320174,
            18.5201878
          ],
          [
            73.8323195,
            18.5201846
          ],
          [
            73.8325731,
            18.5201737
          ],
          [
            73.8327611,
            18.5201609
          ],
          [
            73.8328523,
            18.5201559
          ],
          [
            73.8334673,
            18.5201122
          ],
          [
            73.8335003,
            18.5201099
          ],
          [
            73.8339182,
            18.5200802
          ],
          [
            73.8339767,
            18.520076
          ],
          [
            73.8341946,
            18.5200563
          ],
          [
            73.8343169,
            18.5200347
          ],
          [
            73.8343947,
            18.520021
          ],
          [
            73.8345009,
            18.5199933
          ],
          [
            73.8345947,
            18.5199689
          ],
          [
            73.8345948,
            18.5199744
          ],
          [
            73.8347004,
            18.5199315
          ],
          [
            73.8347415,
            18.519917
          ],
          [
            73.8348262,
            18.5198871
          ],
          [
            73.8350752,
            18.5197968
          ],
          [
            73.835251,
            18.519733
          ],
          [
            73.8353033,
            18.5197141
          ],
          [
            73.8353849,
            18.5196844
          ],
          [
            73.8354799,
            18.51965
          ],
          [
            73.8360237,
            18.5194528
          ],
          [
            73.8363031,
            18.5193515
          ],
          [
            73.8364973,
            18.5192975
          ],
          [
            73.8366993,
            18.5192715
          ],
          [
            73.8368896,
            18.5192789
          ],
          [
            73.8370759,
            18.5193068
          ],
          [
            73.8372465,
            18.5193589
          ],
          [
            73.8374211,
            18.5194296
          ],
          [
            73.8376545,
            18.5195579
          ],
          [
            73.8377506,
            18.5196453
          ],
          [
            73.8378271,
            18.519742
          ],
          [
            73.8379095,
            18.5198183
          ],
          [
            73.837986,
            18.5198629
          ],
          [
            73.838086,
            18.5198889
          ],
          [
            73.8381723,
            18.5198871
          ],
          [
            73.8382662,
            18.5198711
          ],
          [
            73.8383209,
            18.5198618
          ],
          [
            73.8384165,
            18.5198455
          ],
          [
            73.8389088,
            18.5197617
          ],
          [
            73.840198,
            18.5195374
          ],
          [
            73.8407773,
            18.5194074
          ],
          [
            73.8410845,
            18.5193384
          ],
          [
            73.8411885,
            18.5193272
          ],
          [
            73.841293,
            18.5193386
          ]
        ]
      },
      "id": "way/60993711"
    },
    {
      "type": "Feature",
      "properties": {
        "@id": "way/60994076",
        "highway": "tertiary",
        "name": "Shripati Shastri Path",
        "name:mr": "श्रीपती शास्त्री पथ"
      },
      "geometry": {
        "type": "LineString",
        "coordinates": [
          [
            73.8295683,
            18.5107026
          ],
          [
            73.8296383,
            18.5107478
          ],
          [
            73.8296695,
            18.5107782
          ],
          [
            73.829741,
            18.5108673
          ],
          [
            73.8297748,
            18.5109738
          ],
          [
            73.8298297,
            18.5111733
          ],
          [
            73.8298392,
            18.5112078
          ],
          [
            73.8299572,
            18.5115639
          ],
          [
            73.8300754,
            18.5117906
          ],
          [
            73.8300967,
            18.5119302
          ],
          [
            73.8300703,
            18.5120104
          ],
          [
            73.8299894,
            18.5121438
          ],
          [
            73.8299346,
            18.5122139
          ],
          [
            73.829902,
            18.5123377
          ],
          [
            73.8299035,
            18.5124795
          ],
          [
            73.8299518,
            18.5125787
          ],
          [
            73.8300537,
            18.512683
          ],
          [
            73.8302111,
            18.5127393
          ],
          [
            73.830358,
            18.5127838
          ],
          [
            73.830488,
            18.512857
          ],
          [
            73.8306116,
            18.5130696
          ],
          [
            73.8306811,
            18.5133248
          ],
          [
            73.8306975,
            18.513385
          ],
          [
            73.8307325,
            18.5135579
          ],
          [
            73.8307511,
            18.5136495
          ],
          [
            73.8307797,
            18.5138441
          ],
          [
            73.8307916,
            18.5139157
          ],
          [
            73.8307988,
            18.5139592
          ],
          [
            73.8308524,
            18.5141621
          ],
          [
            73.8309887,
            18.5143764
          ],
          [
            73.8310656,
            18.5144701
          ],
          [
            73.8311463,
            18.5145363
          ],
          [
            73.8313029,
            18.5146655
          ],
          [
            73.8313974,
            18.5147794
          ]
        ]
      },
      "id": "way/60994076"
    },
    {
      "type": "Feature",
      "properties": {
        "@id": "way/60994804",
        "bicycle": "yes",
        "foot": "yes",
        "highway": "living_street",
        "horse": "yes",
        "lanes": "15",
        "motor_vehicle": "yes",
        "name": "Lane 15",
        "surface": "concrete:lanes"
      },
      "geometry": {
        "type": "LineString",
        "coordinates": [
          [
            73.8311113,
            18.5189955
          ],
          [
            73.8311814,
            18.5186181
          ],
          [
            73.8312125,
            18.518451
          ],
          [
            73.8313159,
            18.5178945
          ],
          [
            73.8313168,
            18.5178425
          ],
          [
            73.8313179,
            18.5177823
          ],
          [
            73.8313197,
            18.5176836
          ],
          [
            73.8313054,
            18.5176307
          ],
          [
            73.8312594,
            18.5174598
          ],
          [
            73.831229,
            18.5173468
          ],
          [
            73.8311883,
            18.5172258
          ],
          [
            73.8311676,
            18.5171643
          ],
          [
            73.8310553,
            18.5168302
          ],
          [
            73.8308905,
            18.5163398
          ],
          [
            73.8308062,
            18.516089
          ],
          [
            73.8306462,
            18.5155211
          ],
          [
            73.8305883,
            18.5153156
          ],
          [
            73.8304978,
            18.5149947
          ]
        ]
      },
      "id": "way/60994804"
    },
    {
      "type": "Feature",
      "properties": {
        "@id": "way/61381836",
        "alt_name": "Income Tax Lane",
        "alt_name:mr": "आयकर गल्ली",
        "alt_name_1": "Prabhat Road, Lane 14",
        "alt_name_1:mr": "प्रभात रस्ता, गल्ली १४",
        "highway": "tertiary",
        "name": "Dhananjay Gadgil Path",
        "name:etymology:wikidata": "Q5268912",
        "name:hi": "धनंजय गाडगीळ पथ",
        "name:mr": "धनंजय गाडगीळ पथ"
      },
      "geometry": {
        "type": "LineString",
        "coordinates": [
          [
            73.8318803,
            18.5147286
          ],
          [
            73.831789,
            18.5143592
          ],
          [
            73.8317223,
            18.5140396
          ],
          [
            73.831655,
            18.5137168
          ],
          [
            73.8316151,
            18.5134103
          ],
          [
            73.8315959,
            18.5131442
          ],
          [
            73.831577,
            18.5128344
          ],
          [
            73.8315737,
            18.5125839
          ],
          [
            73.831593,
            18.5121659
          ],
          [
            73.8316112,
            18.5119313
          ],
          [
            73.8316375,
            18.5116949
          ],
          [
            73.8316843,
            18.5114594
          ],
          [
            73.8317421,
            18.5111611
          ],
          [
            73.8317608,
            18.5110817
          ],
          [
            73.8318646,
            18.5107329
          ],
          [
            73.8319583,
            18.5104679
          ],
          [
            73.831991,
            18.5103813
          ],
          [
            73.8320548,
            18.5102507
          ],
          [
            73.8321252,
            18.5101066
          ],
          [
            73.8322714,
            18.5098081
          ],
          [
            73.8325245,
            18.5093758
          ]
        ]
      },
      "id": "way/61381836"
    },
    {
      "type": "Feature",
      "properties": {
        "@id": "way/61717182",
        "bridge": "yes",
        "hgv": "no",
        "highway": "secondary",
        "lanes": "2",
        "layer": "1",
        "name": "Raveendra Mhatre Bridge",
        "name:etymology:wikidata": "Q7296736",
        "name:mr": "रवींद्र म्हात्रे पूल",
        "oneway": "yes",
        "tourist_bus": "no"
      },
      "geometry": {
        "type": "LineString",
        "coordinates": [
          [
            73.837357,
            18.5045923
          ],
          [
            73.8355704,
            18.5045112
          ]
        ]
      },
      "id": "way/61717182"
    },
    {
      "type": "Feature",
      "properties": {
        "@id": "way/68338295",
        "highway": "tertiary",
        "name": "Dattawadi Road",
        "name:etymology:wikidata": "Q30639489"
      },
      "geometry": {
        "type": "LineString",
        "coordinates": [
          [
            73.8384635,
            18.4960189
          ],
          [
            73.838384,
            18.4961082
          ],
          [
            73.8383851,
            18.4963002
          ],
          [
            73.8383865,
            18.4965325
          ],
          [
            73.8383905,
            18.4971525
          ],
          [
            73.8383916,
            18.4973662
          ],
          [
            73.83841,
            18.4976708
          ],
          [
            73.8384216,
            18.4978624
          ],
          [
            73.8384252,
            18.497926
          ],
          [
            73.8384807,
            18.4981196
          ],
          [
            73.8385115,
            18.4982115
          ],
          [
            73.8385558,
            18.4983434
          ],
          [
            73.8387001,
            18.4985639
          ],
          [
            73.838942,
            18.4989335
          ],
          [
            73.8391217,
            18.4992909
          ],
          [
            73.8391361,
            18.4997126
          ],
          [
            73.8391441,
            18.4999477
          ],
          [
            73.839167,
            18.5006219
          ],
          [
            73.8391781,
            18.5009559
          ],
          [
            73.8392005,
            18.5020944
          ],
          [
            73.8392063,
            18.5029073
          ],
          [
            73.838938,
            18.5033753
          ],
          [
            73.8388373,
            18.5044659
          ],
          [
            73.8388339,
            18.5045629
          ],
          [
            73.8388301,
            18.5046947
          ]
        ]
      },
      "id": "way/68338295"
    },
    {
      "type": "Feature",
      "properties": {
        "@id": "way/68338353",
        "highway": "residential"
      },
      "geometry": {
        "type": "LineString",
        "coordinates": [
          [
            73.838938,
            18.5033753
          ],
          [
            73.8388509,
            18.5032351
          ],
          [
            73.8388454,
            18.5028927
          ],
          [
            73.8388393,
            18.5025118
          ],
          [
            73.8388328,
            18.5021006
          ],
          [
            73.8388252,
            18.5016187
          ],
          [
            73.8388198,
            18.5012917
          ],
          [
            73.8388143,
            18.5009545
          ]
        ]
      },
      "id": "way/68338353"
    },
    {
      "type": "Feature",
      "properties": {
        "@id": "way/68338411",
        "highway": "tertiary"
      },
      "geometry": {
        "type": "LineString",
        "coordinates": [
          [
            73.8376548,
            18.5009493
          ],
          [
            73.8384194,
            18.5009527
          ],
          [
            73.8388143,
            18.5009545
          ],
          [
            73.8391781,
            18.5009559
          ],
          [
            73.8395565,
            18.5009866
          ],
          [
            73.8398113,
            18.5009866
          ],
          [
            73.8403006,
            18.5009865
          ],
          [
            73.8405368,
            18.500985
          ],
          [
            73.840789,
            18.5009824
          ],
          [
            73.8411922,
            18.5009783
          ],
          [
            73.8415729,
            18.5009744
          ],
          [
            73.8420285,
            18.5009698
          ],
          [
            73.8421344,
            18.5009687
          ]
        ]
      },
      "id": "way/68338411"
    },
    {
      "type": "Feature",
      "properties": {
        "@id": "way/68338431",
        "highway": "tertiary"
      },
      "geometry": {
        "type": "LineString",
        "coordinates": [
          [
            73.8421468,
            18.5001259
          ],
          [
            73.8421432,
            18.5003685
          ],
          [
            73.8421382,
            18.5007133
          ],
          [
            73.8421344,
            18.5009687
          ],
          [
            73.8426855,
            18.5015908
          ],
          [
            73.8431242,
            18.502086
          ],
          [
            73.8432785,
            18.5022739
          ],
          [
            73.8433964,
            18.5023897
          ],
          [
            73.8435726,
            18.5025414
          ]
        ]
      },
      "id": "way/68338431"
    },
    {
      "type": "Feature",
      "properties": {
        "@id": "way/68338437",
        "bridge": "yes",
        "highway": "tertiary",
        "layer": "1"
      },
      "geometry": {
        "type": "LineString",
        "coordinates": [
          [
            73.8435726,
            18.5025414
          ],
          [
            73.8438556,
            18.5027371
          ]
        ]
      },
      "id": "way/68338437"
    },
    {
      "type": "Feature",
      "properties": {
        "@id": "way/68338440",
        "highway": "tertiary"
      },
      "geometry": {
        "type": "LineString",
        "coordinates": [
          [
            73.8438556,
            18.5027371
          ],
          [
            73.843921,
            18.5027579
          ],
          [
            73.8445303,
            18.5027872
          ],
          [
            73.8449004,
            18.5028153
          ],
          [
            73.8449846,
            18.50283
          ],
          [
            73.8450591,
            18.5028681
          ],
          [
            73.8451968,
            18.5029485
          ],
          [
            73.8452173,
            18.5029586
          ],
          [
            73.8452667,
            18.5029831
          ]
        ]
      },
      "id": "way/68338440"
    },
    {
      "type": "Feature",
      "properties": {
        "@id": "way/68338464",
        "access": "private",
        "highway": "residential",
        "name": "Shivaprasad Housing Society Road"
      },
      "geometry": {
        "type": "LineString",
        "coordinates": [
          [
            73.8435885,
            18.4996634
          ],
          [
            73.8435765,
            18.4998291
          ],
          [
            73.8435709,
            18.4999062
          ],
          [
            73.8435553,
            18.500121
          ],
          [
            73.8435335,
            18.5004198
          ],
          [
            73.843468,
            18.5008991
          ],
          [
            73.8433478,
            18.501495
          ],
          [
            73.8428473,
            18.5012947
          ],
          [
            73.8427606,
            18.501207
          ],
          [
            73.8427404,
            18.5010946
          ],
          [
            73.8427417,
            18.5008768
          ],
          [
            73.8427449,
            18.5003747
          ],
          [
            73.8427482,
            18.4998455
          ]
        ]
      },
      "id": "way/68338464"
    },
    {
      "type": "Feature",
      "properties": {
        "@id": "way/68338501",
        "highway": "tertiary"
      },
      "geometry": {
        "type": "LineString",
        "coordinates": [
          [
            73.8404584,
            18.4976522
          ],
          [
            73.8404681,
            18.4980662
          ],
          [
            73.8404701,
            18.4981526
          ],
          [
            73.8404718,
            18.4982244
          ],
          [
            73.8404764,
            18.4984168
          ],
          [
            73.8404825,
            18.4986769
          ],
          [
            73.8404842,
            18.4987502
          ],
          [
            73.8404922,
            18.4990916
          ],
          [
            73.8404944,
            18.4991856
          ],
          [
            73.840504,
            18.4995913
          ],
          [
            73.8405134,
            18.4999411
          ],
          [
            73.8405199,
            18.5002686
          ],
          [
            73.8405271,
            18.5005733
          ],
          [
            73.8405281,
            18.5006169
          ],
          [
            73.8405368,
            18.500985
          ]
        ]
      },
      "id": "way/68338501"
    },
    {
      "type": "Feature",
      "properties": {
        "@id": "way/68338532",
        "highway": "residential"
      },
      "geometry": {
        "type": "LineString",
        "coordinates": [
          [
            73.8395565,
            18.5009866
          ],
          [
            73.8395638,
            18.5013521
          ],
          [
            73.8395707,
            18.5016948
          ],
          [
            73.8395786,
            18.5020884
          ],
          [
            73.8395852,
            18.5024161
          ],
          [
            73.839594,
            18.5028514
          ],
          [
            73.8395796,
            18.5028888
          ]
        ]
      },
      "id": "way/68338532"
    },
    {
      "type": "Feature",
      "properties": {
        "@id": "way/69731956",
        "highway": "residential",
        "name": "Deccan Gymkhana Road",
        "name:mr": "डेक्कन जिमखाना रस्ता"
      },
      "geometry": {
        "type": "LineString",
        "coordinates": [
          [
            73.8420199,
            18.515744
          ],
          [
            73.841879,
            18.5156915
          ],
          [
            73.8415203,
            18.5157335
          ],
          [
            73.8409033,
            18.5158361
          ],
          [
            73.8398983,
            18.5159806
          ],
          [
            73.8394647,
            18.5160205
          ],
          [
            73.8392602,
            18.5160393
          ],
          [
            73.8388105,
            18.5161211
          ],
          [
            73.8386418,
            18.5161518
          ],
          [
            73.8384564,
            18.5161855
          ],
          [
            73.8381815,
            18.516237
          ],
          [
            73.8379605,
            18.5162791
          ],
          [
            73.8377023,
            18.5163282
          ],
          [
            73.8374744,
            18.5163831
          ],
          [
            73.8365974,
            18.5165351
          ]
        ]
      },
      "id": "way/69731956"
    },
    {
      "type": "Feature",
      "properties": {
        "@id": "way/69732058",
        "highway": "residential",
        "name": "Sudhabhau Kelkar Path",
        "name:mr": "सुधाभाऊ केळकर पथ",
        "oneway": "yes"
      },
      "geometry": {
        "type": "LineString",
        "coordinates": [
          [
            73.8431391,
            18.5190151
          ],
          [
            73.8424237,
            18.5193405
          ],
          [
            73.8419641,
            18.5195527
          ],
          [
            73.841194,
            18.5199083
          ]
        ]
      },
      "id": "way/69732058"
    },
    {
      "type": "Feature",
      "properties": {
        "@id": "way/69732124",
        "highway": "residential",
        "name": "Lane 3"
      },
      "geometry": {
        "type": "LineString",
        "coordinates": [
          [
            73.8398492,
            18.5177985
          ],
          [
            73.8399894,
            18.518614
          ],
          [
            73.8400534,
            18.5189216
          ],
          [
            73.8400637,
            18.5189713
          ],
          [
            73.8401111,
            18.5191991
          ],
          [
            73.840198,
            18.5195374
          ]
        ]
      },
      "id": "way/69732124"
    },
    {
      "type": "Feature",
      "properties": {
        "@id": "way/69732130",
        "highway": "residential"
      },
      "geometry": {
        "type": "LineString",
        "coordinates": [
          [
            73.8414602,
            18.5183339
          ],
          [
            73.8413554,
            18.5183549
          ],
          [
            73.8408885,
            18.5184484
          ],
          [
            73.8399894,
            18.518614
          ],
          [
            73.8391483,
            18.5187807
          ],
          [
            73.8391282,
            18.5187953
          ],
          [
            73.8391175,
            18.5188112
          ],
          [
            73.8391063,
            18.5188349
          ],
          [
            73.8391003,
            18.5188572
          ],
          [
            73.8392009,
            18.5193633
          ]
        ]
      },
      "id": "way/69732130"
    },
    {
      "type": "Feature",
      "properties": {
        "@id": "way/69732170",
        "highway": "residential",
        "name": "Ratnakant Phade Path",
        "name:mr": "रत्नाकांत फडे पथ"
      },
      "geometry": {
        "type": "LineString",
        "coordinates": [
          [
            73.8384564,
            18.5161855
          ],
          [
            73.8385572,
            18.516789
          ],
          [
            73.8386575,
            18.5173892
          ],
          [
            73.8387512,
            18.5179497
          ]
        ]
      },
      "id": "way/69732170"
    },
    {
      "type": "Feature",
      "properties": {
        "@id": "way/69732209",
        "highway": "residential",
        "name": "Lane 7"
      },
      "geometry": {
        "type": "LineString",
        "coordinates": [
          [
            73.8376774,
            18.518755
          ],
          [
            73.8376125,
            18.5184335
          ],
          [
            73.8376311,
            18.5180517
          ]
        ]
      },
      "id": "way/69732209"
    },
    {
      "type": "Feature",
      "properties": {
        "@id": "way/69732289",
        "highway": "residential",
        "name": "Pandit Shrikrushna Anant Jakatdar Path",
        "name:mr": "पंडित श्रीकृष्ण अनंत जकातदार पथ"
      },
      "geometry": {
        "type": "LineString",
        "coordinates": [
          [
            73.8386575,
            18.5173892
          ],
          [
            73.8381396,
            18.5173795
          ],
          [
            73.8376192,
            18.5174014
          ],
          [
            73.8372393,
            18.5174166
          ],
          [
            73.8368629,
            18.5174507
          ],
          [
            73.8366746,
            18.517471
          ]
        ]
      },
      "id": "way/69732289"
    },
    {
      "type": "Feature",
      "properties": {
        "@id": "way/69732293",
        "highway": "residential",
        "name": "Lane 10"
      },
      "geometry": {
        "type": "LineString",
        "coordinates": [
          [
            73.8359309,
            18.5174586
          ],
          [
            73.8357392,
            18.5163407
          ],
          [
            73.8356688,
            18.5161544
          ],
          [
            73.8355212,
            18.5153029
          ],
          [
            73.8352942,
            18.5139928
          ]
        ]
      },
      "id": "way/69732293"
    },
    {
      "type": "Feature",
      "properties": {
        "@id": "way/69732374",
        "highway": "residential",
        "name": "Shantabai Kalmadi Path",
        "name:mr": "शांताबाई कलमाडी पथ"
      },
      "geometry": {
        "type": "LineString",
        "coordinates": [
          [
            73.8335474,
            18.5113465
          ],
          [
            73.833773,
            18.511428
          ],
          [
            73.8339959,
            18.5114711
          ],
          [
            73.8345787,
            18.5115042
          ],
          [
            73.834996,
            18.5114992
          ],
          [
            73.8353286,
            18.511428
          ],
          [
            73.8356353,
            18.511358
          ]
        ]
      },
      "id": "way/69732374"
    },
    {
      "type": "Feature",
      "properties": {
        "@id": "way/106359461",
        "highway": "residential",
        "name": "Bapusaheb Gupte Path",
        "name:mr": "बापूसाहेब गुप्ते पथ"
      },
      "geometry": {
        "type": "LineString",
        "coordinates": [
          [
            73.8455859,
            18.5197229
          ],
          [
            73.8454862,
            18.5197822
          ],
          [
            73.8452702,
            18.5199106
          ],
          [
            73.8451277,
            18.5199953
          ],
          [
            73.8448398,
            18.5201205
          ],
          [
            73.8447605,
            18.5201533
          ],
          [
            73.8446678,
            18.5201916
          ],
          [
            73.8446168,
            18.5202127
          ],
          [
            73.8445951,
            18.5202217
          ],
          [
            73.844239,
            18.5203688
          ],
          [
            73.8439893,
            18.5204476
          ],
          [
            73.8437166,
            18.5205337
          ]
        ]
      },
      "id": "way/106359461"
    },
    {
      "type": "Feature",
      "properties": {
        "@id": "way/106359509",
        "highway": "residential",
        "name": "Shankarrao Kirloskar Path",
        "name:mr": "शंकरराव किर्लोस्कर पथ"
      },
      "geometry": {
        "type": "LineString",
        "coordinates": [
          [
            73.8297674,
            18.5106977
          ],
          [
            73.8299914,
            18.510611
          ],
          [
            73.8301474,
            18.5106112
          ]
        ]
      },
      "id": "way/106359509"
    },
    {
      "type": "Feature",
      "properties": {
        "@id": "way/106359659",
        "highway": "residential",
        "name": "Shankarrao Kirloskar Path",
        "name:hi": "शंकरराव किर्लोस्कर पथ",
        "name:mr": "शंकरराव किर्लोस्कर पथ"
      },
      "geometry": {
        "type": "LineString",
        "coordinates": [
          [
            73.8307475,
            18.5101251
          ],
          [
            73.8322714,
            18.5098081
          ]
        ]
      },
      "id": "way/106359659"
    },
    {
      "type": "Feature",
      "properties": {
        "@id": "way/106359661",
        "highway": "residential"
      },
      "geometry": {
        "type": "LineString",
        "coordinates": [
          [
            73.8301947,
            18.5108493
          ],
          [
            73.8319583,
            18.5104679
          ]
        ]
      },
      "id": "way/106359661"
    },
    {
      "type": "Feature",
      "properties": {
        "@id": "way/106359670",
        "highway": "residential"
      },
      "geometry": {
        "type": "LineString",
        "coordinates": [
          [
            73.831991,
            18.5103813
          ],
          [
            73.8330375,
            18.5107451
          ],
          [
            73.8331168,
            18.5108247
          ],
          [
            73.8331863,
            18.5108931
          ],
          [
            73.8335978,
            18.5110322
          ]
        ]
      },
      "id": "way/106359670"
    },
    {
      "type": "Feature",
      "properties": {
        "@id": "way/106359674",
        "highway": "residential"
      },
      "geometry": {
        "type": "LineString",
        "coordinates": [
          [
            73.8317608,
            18.5110817
          ],
          [
            73.8326428,
            18.5108867
          ],
          [
            73.8329993,
            18.5108239
          ],
          [
            73.8331168,
            18.5108247
          ]
        ]
      },
      "id": "way/106359674"
    },
    {
      "type": "Feature",
      "properties": {
        "@id": "way/106359686",
        "highway": "residential",
        "name": "Kumudini Pednekar Path",
        "name:mr": "कुमुदिनी पेडणेकर पथ"
      },
      "geometry": {
        "type": "LineString",
        "coordinates": [
          [
            73.8309411,
            18.513816
          ],
          [
            73.8315819,
            18.5136894
          ],
          [
            73.831655,
            18.5137168
          ],
          [
            73.8336531,
            18.5133237
          ]
        ]
      },
      "id": "way/106359686"
    },
    {
      "type": "Feature",
      "properties": {
        "@id": "way/106359687",
        "highway": "residential"
      },
      "geometry": {
        "type": "LineString",
        "coordinates": [
          [
            73.8305571,
            18.5127791
          ],
          [
            73.8315737,
            18.5125839
          ],
          [
            73.8325646,
            18.5123821
          ],
          [
            73.8327699,
            18.5123692
          ],
          [
            73.8328075,
            18.5123563
          ],
          [
            73.8328299,
            18.5123445
          ],
          [
            73.8328474,
            18.5123317
          ]
        ]
      },
      "id": "way/106359687"
    },
    {
      "type": "Feature",
      "properties": {
        "@id": "way/106359688",
        "highway": "residential",
        "name": "Fattelal Path",
        "name:hi": "फत्तेलाल पथ",
        "name:mr": "फत्तेलाल पथ",
        "surface": "concrete"
      },
      "geometry": {
        "type": "LineString",
        "coordinates": [
          [
            73.8287056,
            18.5143278
          ],
          [
            73.830514,
            18.5139728
          ],
          [
            73.8306898,
            18.5139383
          ]
        ]
      },
      "id": "way/106359688"
    },
    {
      "type": "Feature",
      "properties": {
        "@id": "way/106359719",
        "highway": "residential",
        "name": "Shri V S Kane Path"
      },
      "geometry": {
        "type": "LineString",
        "coordinates": [
          [
            73.832071,
            18.515597
          ],
          [
            73.8323426,
            18.5156062
          ],
          [
            73.8326966,
            18.515613
          ],
          [
            73.8330941,
            18.5156141
          ],
          [
            73.8339309,
            18.5156447
          ]
        ]
      },
      "id": "way/106359719"
    },
    {
      "type": "Feature",
      "properties": {
        "@id": "way/106359728",
        "highway": "residential",
        "name": "Lane 11"
      },
      "geometry": {
        "type": "LineString",
        "coordinates": [
          [
            73.8346355,
            18.5140926
          ],
          [
            73.8346759,
            18.5145168
          ],
          [
            73.8347744,
            18.5155495
          ],
          [
            73.8348021,
            18.5160398
          ],
          [
            73.8348203,
            18.5163625
          ]
        ]
      },
      "id": "way/106359728"
    },
    {
      "type": "Feature",
      "properties": {
        "@id": "way/106359879",
        "highway": "residential",
        "name": "Tukaram Buaa Navle Path"
      },
      "geometry": {
        "type": "LineString",
        "coordinates": [
          [
            73.8438461,
            18.5088496
          ],
          [
            73.8439011,
            18.5088606
          ],
          [
            73.84407,
            18.5088944
          ],
          [
            73.8448397,
            18.5089866
          ],
          [
            73.84528,
            18.509022
          ],
          [
            73.845904,
            18.5090721
          ],
          [
            73.8461852,
            18.5091062
          ]
        ]
      },
      "id": "way/106359879"
    },
    {
      "type": "Feature",
      "properties": {
        "@id": "way/106359939",
        "highway": "residential",
        "name": "Gopal Gayan Samaj Road",
        "oneway": "yes"
      },
      "geometry": {
        "type": "LineString",
        "coordinates": [
          [
            73.8491441,
            18.5086514
          ],
          [
            73.8489884,
            18.5086195
          ],
          [
            73.8481861,
            18.5085112
          ],
          [
            73.8479781,
            18.5084862
          ],
          [
            73.8465514,
            18.5083146
          ]
        ]
      },
      "id": "way/106359939"
    },
    {
      "type": "Feature",
      "properties": {
        "@id": "way/106359947",
        "highway": "residential",
        "name": "Dhawale Path"
      },
      "geometry": {
        "type": "LineString",
        "coordinates": [
          [
            73.8462429,
            18.5087619
          ],
          [
            73.8468502,
            18.5088215
          ],
          [
            73.846987,
            18.5088219
          ],
          [
            73.8471154,
            18.5087826
          ],
          [
            73.8472556,
            18.508776
          ],
          [
            73.8479684,
            18.5088531
          ]
        ]
      },
      "id": "way/106359947"
    },
    {
      "type": "Feature",
      "properties": {
        "@id": "way/106359949",
        "highway": "residential"
      },
      "geometry": {
        "type": "LineString",
        "coordinates": [
          [
            73.8468502,
            18.5088215
          ],
          [
            73.8467558,
            18.5095354
          ],
          [
            73.846712,
            18.5099761
          ],
          [
            73.8466999,
            18.510104
          ]
        ]
      },
      "id": "way/106359949"
    },
    {
      "type": "Feature",
      "properties": {
        "@id": "way/106359955",
        "highway": "residential"
      },
      "geometry": {
        "type": "LineString",
        "coordinates": [
          [
            73.8490829,
            18.50898
          ],
          [
            73.8496751,
            18.5090811
          ]
        ]
      },
      "id": "way/106359955"
    },
    {
      "type": "Feature",
      "properties": {
        "@id": "way/106366977",
        "highway": "residential"
      },
      "geometry": {
        "type": "LineString",
        "coordinates": [
          [
            73.8290061,
            18.501865
          ],
          [
            73.8292539,
            18.5020067
          ],
          [
            73.8293243,
            18.5020345
          ],
          [
            73.8294128,
            18.5020355
          ],
          [
            73.8304029,
            18.5020335
          ]
        ]
      },
      "id": "way/106366977"
    },
    {
      "type": "Feature",
      "properties": {
        "@id": "way/121898088",
        "access": "yes",
        "bicycle": "yes",
        "cycleway": "lane",
        "foot": "yes",
        "highway": "tertiary",
        "horse": "yes",
        "lanes": "1",
        "motor_vehicle": "no",
        "name": "Riverside Road",
        "oneway": "no",
        "surface": "concrete"
      },
      "geometry": {
        "type": "LineString",
        "coordinates": [
          [
            73.8345629,
            18.5070303
          ],
          [
            73.8348766,
            18.5068398
          ],
          [
            73.8359213,
            18.5064593
          ],
          [
            73.8360002,
            18.5064458
          ],
          [
            73.8360468,
            18.5064613
          ],
          [
            73.8361035,
            18.5064975
          ]
        ]
      },
      "id": "way/121898088"
    },
    {
      "type": "Feature",
      "properties": {
        "@id": "way/130356216",
        "highway": "residential"
      },
      "geometry": {
        "type": "LineString",
        "coordinates": [
          [
            73.8463714,
            18.516646
          ],
          [
            73.846642,
            18.5165006
          ],
          [
            73.8467169,
            18.5164269
          ],
          [
            73.8467445,
            18.5163763
          ],
          [
            73.8467526,
            18.5163005
          ],
          [
            73.8467348,
            18.5161093
          ],
          [
            73.8467059,
            18.5160879
          ],
          [
            73.8466501,
            18.5160604
          ],
          [
            73.8462679,
            18.5159304
          ]
        ]
      },
      "id": "way/130356216"
    },
    {
      "type": "Feature",
      "properties": {
        "@id": "way/130356217",
        "highway": "residential",
        "name": "Tatyasaheb Karandikar Path",
        "name:mr": "तात्यासाहेब करंदीकर पथ",
        "oneway": "yes"
      },
      "geometry": {
        "type": "LineString",
        "coordinates": [
          [
            73.8484952,
            18.5132652
          ],
          [
            73.8485768,
            18.5126036
          ],
          [
            73.8486293,
            18.5121778
          ],
          [
            73.8486962,
            18.5115804
          ],
          [
            73.8486775,
            18.5114805
          ],
          [
            73.8487998,
            18.5107716
          ],
          [
            73.8488075,
            18.5107436
          ],
          [
            73.8488488,
            18.5103978
          ],
          [
            73.8488761,
            18.5102269
          ],
          [
            73.8489358,
            18.5098554
          ],
          [
            73.8490829,
            18.50898
          ],
          [
            73.8491084,
            18.5088314
          ],
          [
            73.8491268,
            18.5087293
          ],
          [
            73.8491441,
            18.5086514
          ]
        ]
      },
      "id": "way/130356217"
    },
    {
      "type": "Feature",
      "properties": {
        "@id": "way/130356218",
        "highway": "residential",
        "name": "Shrimant Balasaheb Pantapratinidhi Path",
        "name:etymology:wikidata": "Q1987185",
        "name:mr": "श्रीमंत बाळासाहेब पंतप्रतिनिधी पथ"
      },
      "geometry": {
        "type": "LineString",
        "coordinates": [
          [
            73.8449108,
            18.511549
          ],
          [
            73.8449439,
            18.5116137
          ],
          [
            73.8449681,
            18.5116886
          ],
          [
            73.8449828,
            18.5117814
          ],
          [
            73.8449788,
            18.5118869
          ],
          [
            73.8448889,
            18.5126818
          ],
          [
            73.8448713,
            18.5128374
          ],
          [
            73.8448644,
            18.5128987
          ]
        ]
      },
      "id": "way/130356218"
    },
    {
      "type": "Feature",
      "properties": {
        "@id": "way/130356219",
        "highway": "residential",
        "name": "Munjabacha Bol",
        "name:mr": "मुंजाबाचा बोळ"
      },
      "geometry": {
        "type": "LineString",
        "coordinates": [
          [
            73.848382,
            18.5146599
          ],
          [
            73.8500669,
            18.5149554
          ]
        ]
      },
      "id": "way/130356219"
    },
    {
      "type": "Feature",
      "properties": {
        "@id": "way/130356220",
        "highway": "residential"
      },
      "geometry": {
        "type": "LineString",
        "coordinates": [
          [
            73.8461305,
            18.5160182
          ],
          [
            73.8462108,
            18.5159594
          ],
          [
            73.8462679,
            18.5159304
          ],
          [
            73.8463505,
            18.5158456
          ],
          [
            73.8463893,
            18.5157828
          ],
          [
            73.8464374,
            18.5156845
          ]
        ]
      },
      "id": "way/130356220"
    },
    {
      "type": "Feature",
      "properties": {
        "@id": "way/130356222",
        "highway": "residential",
        "name": "Shri Ashtabhuja Durgadevi Path",
        "name:mr": "श्री अष्टभुजा दुर्गादेवी पथ"
      },
      "geometry": {
        "type": "LineString",
        "coordinates": [
          [
            73.8461878,
            18.5171692
          ],
          [
            73.8465174,
            18.5171057
          ],
          [
            73.8467908,
            18.51706
          ],
          [
            73.8470347,
            18.5170549
          ],
          [
            73.8480434,
            18.5170666
          ]
        ]
      },
      "id": "way/130356222"
    },
    {
      "type": "Feature",
      "properties": {
        "@id": "way/132474354",
        "highway": "tertiary",
        "name": "Chandrashekhar Agashe Road",
        "name:etymology:wikidata": "Q28101716",
        "name:mr": "चंद्रशेखर आगाशे रस्ता",
        "oneway": "no"
      },
      "geometry": {
        "type": "LineString",
        "coordinates": [
          [
            73.8530104,
            18.5210095
          ],
          [
            73.8529434,
            18.5210217
          ],
          [
            73.8527653,
            18.5209929
          ],
          [
            73.8523825,
            18.5209156
          ],
          [
            73.8517269,
            18.5207981
          ],
          [
            73.8515808,
            18.5207719
          ],
          [
            73.8510824,
            18.5206838
          ],
          [
            73.8507659,
            18.5205922
          ],
          [
            73.8505865,
            18.5205196
          ],
          [
            73.8504683,
            18.5204718
          ],
          [
            73.8503224,
            18.5204179
          ],
          [
            73.8501935,
            18.5203927
          ],
          [
            73.8500343,
            18.5203783
          ],
          [
            73.849714,
            18.5203729
          ],
          [
            73.8493786,
            18.5203388
          ],
          [
            73.8489484,
            18.5201842
          ],
          [
            73.8488497,
            18.5201268
          ],
          [
            73.8487619,
            18.520051
          ],
          [
            73.8486501,
            18.5199455
          ],
          [
            73.8483129,
            18.5195786
          ],
          [
            73.8478939,
            18.5191254
          ],
          [
            73.8476484,
            18.5188927
          ],
          [
            73.8471728,
            18.5184039
          ],
          [
            73.8467312,
            18.5178773
          ],
          [
            73.8461878,
            18.5171692
          ],
          [
            73.8453837,
            18.5160246
          ],
          [
            73.8448452,
            18.5151792
          ]
        ]
      },
      "id": "way/132474354"
    },
    {
      "type": "Feature",
      "properties": {
        "@id": "way/140044104",
        "alt_name": "Lane No. 4",
        "foot": "yes",
        "highway": "residential",
        "name": "P. S. Kale Path",
        "name:mr": "पु. श्री. काळे पथ",
        "oneway": "no",
        "source": "local",
        "surface": "paved"
      },
      "geometry": {
        "type": "LineString",
        "coordinates": [
          [
            73.8381815,
            18.516237
          ],
          [
            73.8378209,
            18.5158219
          ],
          [
            73.8377363,
            18.5157322
          ],
          [
            73.8375908,
            18.5155248
          ],
          [
            73.8375512,
            18.5150736
          ],
          [
            73.8375195,
            18.5147523
          ],
          [
            73.837502,
            18.5145743
          ],
          [
            73.83749,
            18.513962
          ]
        ]
      },
      "id": "way/140044104"
    },
    {
      "type": "Feature",
      "properties": {
        "@id": "way/140044720",
        "bicycle": "yes",
        "foot": "yes",
        "highway": "residential",
        "oneway": "no"
      },
      "geometry": {
        "type": "LineString",
        "coordinates": [
          [
            73.8377023,
            18.5163282
          ],
          [
            73.8376598,
            18.516071
          ],
          [
            73.8376631,
            18.5160341
          ],
          [
            73.8376735,
            18.5160045
          ],
          [
            73.8378209,
            18.5158219
          ]
        ]
      },
      "id": "way/140044720"
    },
    {
      "type": "Feature",
      "properties": {
        "@id": "way/140046965",
        "highway": "residential",
        "oneway": "no"
      },
      "geometry": {
        "type": "LineString",
        "coordinates": [
          [
            73.8407212,
            18.517667
          ],
          [
            73.8407439,
            18.5177731
          ],
          [
            73.8408885,
            18.5184484
          ]
        ]
      },
      "id": "way/140046965"
    },
    {
      "type": "Feature",
      "properties": {
        "@id": "way/151723529",
        "highway": "tertiary",
        "name": "Chandusheth Kalbhor Marg",
        "name:mr": "चंदूशेठ काळभोर मार्ग"
      },
      "geometry": {
        "type": "LineString",
        "coordinates": [
          [
            73.8450707,
            18.5114645
          ],
          [
            73.8453404,
            18.511509
          ],
          [
            73.8454879,
            18.5115212
          ],
          [
            73.8457115,
            18.5115518
          ],
          [
            73.8458554,
            18.5115748
          ]
        ]
      },
      "id": "way/151723529"
    },
    {
      "type": "Feature",
      "properties": {
        "@id": "way/151723530",
        "highway": "residential",
        "name": "Karandikar Road"
      },
      "geometry": {
        "type": "LineString",
        "coordinates": [
          [
            73.8479629,
            18.5161515
          ],
          [
            73.8479499,
            18.5163049
          ],
          [
            73.8479282,
            18.5165241
          ],
          [
            73.8479828,
            18.5167811
          ],
          [
            73.8480434,
            18.5170666
          ],
          [
            73.8481054,
            18.5173456
          ],
          [
            73.8481254,
            18.5174591
          ],
          [
            73.8481361,
            18.5176472
          ],
          [
            73.848145,
            18.5177272
          ],
          [
            73.8481656,
            18.5179115
          ],
          [
            73.8482309,
            18.5182136
          ],
          [
            73.8482977,
            18.5185297
          ],
          [
            73.8483773,
            18.518773
          ],
          [
            73.8484458,
            18.518915
          ],
          [
            73.8485671,
            18.5190545
          ],
          [
            73.8485946,
            18.5190861
          ],
          [
            73.8487016,
            18.5192279
          ],
          [
            73.8487908,
            18.5193182
          ],
          [
            73.8488597,
            18.5193881
          ],
          [
            73.849109,
            18.5195278
          ],
          [
            73.849209,
            18.519579
          ],
          [
            73.8493401,
            18.5196301
          ]
        ]
      },
      "id": "way/151723530"
    },
    {
      "type": "Feature",
      "properties": {
        "@id": "way/158258330",
        "name": "Ambil Odha",
        "name:mr": "आंबिल ओढा",
        "waterway": "stream"
      },
      "geometry": {
        "type": "LineString",
        "coordinates": [
          [
            73.8539602,
            18.4795169
          ],
          [
            73.8536834,
            18.4797293
          ],
          [
            73.8536057,
            18.4798421
          ],
          [
            73.8531758,
            18.4811952
          ],
          [
            73.8530752,
            18.4814425
          ],
          [
            73.8529014,
            18.481694
          ],
          [
            73.8527109,
            18.4818609
          ],
          [
            73.8524579,
            18.482015
          ],
          [
            73.8523824,
            18.4821429
          ],
          [
            73.8523298,
            18.4823099
          ],
          [
            73.8522155,
            18.483251
          ],
          [
            73.8522246,
            18.4834115
          ],
          [
            73.8522521,
            18.483598
          ],
          [
            73.8523024,
            18.4837346
          ],
          [
            73.852499,
            18.4841033
          ],
          [
            73.852563,
            18.4842594
          ],
          [
            73.8527505,
            18.4848254
          ],
          [
            73.8528351,
            18.4850032
          ],
          [
            73.8529106,
            18.4851008
          ],
          [
            73.8529792,
            18.4852461
          ],
          [
            73.8529952,
            18.4853979
          ],
          [
            73.852954,
            18.4855258
          ],
          [
            73.8522439,
            18.4871179
          ],
          [
            73.8521525,
            18.4872371
          ],
          [
            73.8520244,
            18.4873456
          ],
          [
            73.8518529,
            18.4874258
          ],
          [
            73.8517523,
            18.487467
          ],
          [
            73.8516243,
            18.4875863
          ],
          [
            73.851558,
            18.4877207
          ],
          [
            73.8515488,
            18.4878378
          ],
          [
            73.8515763,
            18.4879332
          ],
          [
            73.8516654,
            18.4882412
          ],
          [
            73.8516723,
            18.4883734
          ],
          [
            73.8516632,
            18.4886705
          ],
          [
            73.851606,
            18.4888115
          ],
          [
            73.8514597,
            18.4889763
          ],
          [
            73.8513202,
            18.4890565
          ],
          [
            73.8508995,
            18.4892105
          ],
          [
            73.8506205,
            18.4893926
          ],
          [
            73.8504673,
            18.4895227
          ],
          [
            73.8503827,
            18.4897157
          ],
          [
            73.8503416,
            18.4898848
          ],
          [
            73.8503096,
            18.4900431
          ],
          [
            73.850321,
            18.4902557
          ],
          [
            73.8503622,
            18.4910385
          ],
          [
            73.8503301,
            18.4912488
          ],
          [
            73.8502433,
            18.4915719
          ],
          [
            73.850209,
            18.4917107
          ],
          [
            73.8502181,
            18.4917931
          ],
          [
            73.8502648,
            18.49192
          ],
          [
            73.8503762,
            18.4919299
          ],
          [
            73.8504545,
            18.4919914
          ],
          [
            73.8504439,
            18.4921308
          ],
          [
            73.8505288,
            18.4922059
          ],
          [
            73.850762,
            18.4923252
          ],
          [
            73.8508057,
            18.4925217
          ],
          [
            73.8508972,
            18.4927559
          ],
          [
            73.8509402,
            18.4930464
          ],
          [
            73.8509887,
            18.4932304
          ],
          [
            73.8512765,
            18.4941627
          ],
          [
            73.8512895,
            18.4943497
          ],
          [
            73.8513056,
            18.4947484
          ],
          [
            73.8513218,
            18.4949293
          ],
          [
            73.8513832,
            18.4950857
          ],
          [
            73.8515158,
            18.4952881
          ],
          [
            73.8519071,
            18.4958953
          ],
          [
            73.8519588,
            18.4960639
          ],
          [
            73.8520009,
            18.4962694
          ],
          [
            73.8521367,
            18.496898
          ],
          [
            73.8521884,
            18.4970636
          ],
          [
            73.8524083,
            18.4975972
          ],
          [
            73.8524245,
            18.4977291
          ],
          [
            73.8524051,
            18.4979039
          ],
          [
            73.8523125,
            18.498207
          ],
          [
            73.8520487,
            18.4985924
          ],
          [
            73.8518417,
            18.4992517
          ],
          [
            73.8517738,
            18.4993744
          ],
          [
            73.8515296,
            18.4995614
          ],
          [
            73.8510723,
            18.4996958
          ],
          [
            73.8508368,
            18.499737
          ],
          [
            73.8507385,
            18.4997934
          ],
          [
            73.8506904,
            18.4998389
          ],
          [
            73.8505921,
            18.5001273
          ],
          [
            73.8505395,
            18.5003463
          ],
          [
            73.8504869,
            18.5005696
          ],
          [
            73.8504252,
            18.5007106
          ],
          [
            73.8496206,
            18.5020101
          ],
          [
            73.8494654,
            18.5021756
          ],
          [
            73.8491446,
            18.5025654
          ],
          [
            73.8488519,
            18.502769
          ],
          [
            73.8487309,
            18.5028382
          ],
          [
            73.8486463,
            18.5028642
          ],
          [
            73.8481089,
            18.5029148
          ],
          [
            73.8480006,
            18.5029455
          ],
          [
            73.8479117,
            18.503016
          ],
          [
            73.8474396,
            18.5036247
          ],
          [
            73.8473604,
            18.5036845
          ],
          [
            73.8472763,
            18.5037029
          ],
          [
            73.8471405,
            18.5036999
          ],
          [
            73.8470354,
            18.5036707
          ],
          [
            73.8469077,
            18.5036033
          ],
          [
            73.8468317,
            18.5035143
          ],
          [
            73.8467832,
            18.5034085
          ],
          [
            73.8467702,
            18.5033089
          ],
          [
            73.8467767,
            18.5032077
          ],
          [
            73.8468171,
            18.5030482
          ],
          [
            73.8468624,
            18.5029225
          ],
          [
            73.8469158,
            18.5028351
          ],
          [
            73.8472326,
            18.5023614
          ],
          [
            73.8472601,
            18.5022786
          ],
          [
            73.8472747,
            18.5022142
          ],
          [
            73.8472472,
            18.5021574
          ],
          [
            73.8471744,
            18.5021222
          ],
          [
            73.8470766,
            18.5021155
          ],
          [
            73.846066,
            18.5020635
          ],
          [
            73.8459105,
            18.5020808
          ],
          [
            73.8457321,
            18.5021307
          ],
          [
            73.8452794,
            18.5021567
          ],
          [
            73.8451308,
            18.5021394
          ],
          [
            73.8450233,
            18.5021047
          ],
          [
            73.8449524,
            18.5021003
          ],
          [
            73.8448152,
            18.5021524
          ],
          [
            73.8439738,
            18.5025947
          ],
          [
            73.8438481,
            18.5026468
          ],
          [
            73.8436377,
            18.5026814
          ],
          [
            73.8435394,
            18.5026771
          ],
          [
            73.842878,
            18.5024885
          ],
          [
            73.8427924,
            18.5024379
          ],
          [
            73.8427196,
            18.5023658
          ],
          [
            73.8426711,
            18.50228
          ],
          [
            73.8425498,
            18.5020086
          ],
          [
            73.8424819,
            18.5019335
          ],
          [
            73.8423801,
            18.5018691
          ],
          [
            73.8422701,
            18.5018308
          ],
          [
            73.8421117,
            18.5018262
          ],
          [
            73.8419484,
            18.5018721
          ],
          [
            73.840344,
            18.5028797
          ],
          [
            73.8402551,
            18.5029549
          ],
          [
            73.8401694,
            18.5030392
          ],
          [
            73.8401257,
            18.5031266
          ],
          [
            73.8401015,
            18.5032186
          ],
          [
            73.8400495,
            18.5037129
          ],
          [
            73.8400204,
            18.503808
          ],
          [
            73.8399703,
            18.5038693
          ],
          [
            73.8398862,
            18.5039015
          ],
          [
            73.8393396,
            18.5040694
          ],
          [
            73.8392006,
            18.5041368
          ],
          [
            73.839144,
            18.5041721
          ],
          [
            73.8390826,
            18.5042472
          ],
          [
            73.8390632,
            18.5043392
          ],
          [
            73.8390729,
            18.5044282
          ],
          [
            73.8391197,
            18.5045447
          ],
          [
            73.8391699,
            18.5047517
          ],
          [
            73.8391505,
            18.5048774
          ],
          [
            73.8389031,
            18.5052423
          ],
          [
            73.8388368,
            18.5053281
          ],
          [
            73.8388158,
            18.5054002
          ],
          [
            73.8387996,
            18.5055428
          ],
          [
            73.8388142,
            18.5057436
          ],
          [
            73.8388465,
            18.5058556
          ],
          [
            73.8392181,
            18.5063313
          ],
          [
            73.8392844,
            18.5064484
          ],
          [
            73.8393324,
            18.506598
          ],
          [
            73.8393324,
            18.506843
          ],
          [
            73.8392958,
            18.5070468
          ],
          [
            73.8392524,
            18.5072138
          ],
          [
            73.8391111,
            18.5075223
          ],
          [
            73.8388156,
            18.5080106
          ],
          [
            73.8388361,
            18.5082456
          ],
          [
            73.8387318,
            18.5085384
          ],
          [
            73.8386714,
            18.5086656
          ],
          [
            73.8386714,
            18.5087712
          ],
          [
            73.8386994,
            18.508887
          ]
        ]
      },
      "id": "way/158258330"
    },
    {
      "type": "Feature",
      "properties": {
        "@id": "way/159970613",
        "access": "private",
        "highway": "service"
      },
      "geometry": {
        "type": "LineString",
        "coordinates": [
          [
            73.8304235,
            18.5000947
          ],
          [
            73.8304873,
            18.5001542
          ],
          [
            73.8307362,
            18.5003864
          ],
          [
            73.8309026,
            18.5020673
          ],
          [
            73.8309314,
            18.5024005
          ],
          [
            73.8309533,
            18.5026593
          ],
          [
            73.8310066,
            18.5032887
          ],
          [
            73.8310471,
            18.5037674
          ],
          [
            73.8310553,
            18.5038643
          ]
        ]
      },
      "id": "way/159970613"
    },
    {
      "type": "Feature",
      "properties": {
        "@id": "way/159973309",
        "highway": "residential",
        "name": "Central Bank Colony Road"
      },
      "geometry": {
        "type": "LineString",
        "coordinates": [
          [
            73.8301248,
            18.5005286
          ],
          [
            73.8299467,
            18.5004258
          ],
          [
            73.8296484,
            18.5002535
          ],
          [
            73.8295162,
            18.5001771
          ],
          [
            73.8293376,
            18.500081
          ],
          [
            73.8290479,
            18.5000454
          ],
          [
            73.8289072,
            18.5000443
          ],
          [
            73.8287887,
            18.5001959
          ],
          [
            73.8285962,
            18.5004419
          ],
          [
            73.8285055,
            18.5005579
          ],
          [
            73.8284018,
            18.5006904
          ],
          [
            73.8282151,
            18.5009291
          ],
          [
            73.8280316,
            18.5011638
          ]
        ]
      },
      "id": "way/159973309"
    },
    {
      "type": "Feature",
      "properties": {
        "@id": "way/172743112",
        "highway": "residential",
        "name": "Major K. G. Pawar Path",
        "name:mr": "मेजर कृ. ग. पवार पथ"
      },
      "geometry": {
        "type": "LineString",
        "coordinates": [
          [
            73.8354409,
            18.508472
          ],
          [
            73.8352227,
            18.5087015
          ],
          [
            73.8350887,
            18.5088423
          ],
          [
            73.8349264,
            18.509013
          ],
          [
            73.8344398,
            18.5095247
          ],
          [
            73.8341078,
            18.5099805
          ],
          [
            73.8340633,
            18.5100416
          ]
        ]
      },
      "id": "way/172743112"
    },
    {
      "type": "Feature",
      "properties": {
        "@id": "way/176279154",
        "access": "yes",
        "highway": "residential",
        "maxspeed": "20",
        "name": "Sardesai Path",
        "name:mr": "सरदेसाई पथ"
      },
      "geometry": {
        "type": "LineString",
        "coordinates": [
          [
            73.8309797,
            18.5197342
          ],
          [
            73.8309479,
            18.5190212
          ]
        ]
      },
      "id": "way/176279154"
    },
    {
      "type": "Feature",
      "properties": {
        "@id": "way/197914514",
        "highway": "secondary"
      },
      "geometry": {
        "type": "LineString",
        "coordinates": [
          [
            73.8373048,
            18.5115953
          ],
          [
            73.8372619,
            18.5116703
          ]
        ]
      },
      "id": "way/197914514"
    },
    {
      "type": "Feature",
      "properties": {
        "@id": "way/198439335",
        "highway": "residential",
        "name": "Lane No 5"
      },
      "geometry": {
        "type": "LineString",
        "coordinates": [
          [
            73.838159,
            18.5121148
          ],
          [
            73.8379693,
            18.5125734
          ],
          [
            73.8377105,
            18.5129756
          ],
          [
            73.8376145,
            18.5130709
          ],
          [
            73.8375368,
            18.5132516
          ],
          [
            73.8374955,
            18.5134893
          ],
          [
            73.83749,
            18.513962
          ]
        ]
      },
      "id": "way/198439335"
    },
    {
      "type": "Feature",
      "properties": {
        "@id": "way/198439336",
        "highway": "residential"
      },
      "geometry": {
        "type": "LineString",
        "coordinates": [
          [
            73.8376145,
            18.5130709
          ],
          [
            73.8381769,
            18.5133514
          ],
          [
            73.8382358,
            18.5133429
          ]
        ]
      },
      "id": "way/198439336"
    },
    {
      "type": "Feature",
      "properties": {
        "@id": "way/198439338",
        "highway": "tertiary",
        "lane_markings": "no",
        "name": "Prabhat Path",
        "name:mr": "प्रभात पथ",
        "surface": "asphalt"
      },
      "geometry": {
        "type": "LineString",
        "coordinates": [
          [
            73.8415826,
            18.5137712
          ],
          [
            73.8414998,
            18.5138464
          ]
        ]
      },
      "id": "way/198439338"
    },
    {
      "type": "Feature",
      "properties": {
        "@id": "way/198439339",
        "highway": "residential",
        "name": "Nanasaheb Bhonde Path",
        "name:etymology:wikidata": "Q104239664",
        "name:mr": "नानासाहेब भोंडे पथ"
      },
      "geometry": {
        "type": "LineString",
        "coordinates": [
          [
            73.8358146,
            18.5109719
          ],
          [
            73.8356353,
            18.511358
          ],
          [
            73.8355935,
            18.5114512
          ],
          [
            73.835387,
            18.5117317
          ],
          [
            73.8351831,
            18.5118843
          ],
          [
            73.8350498,
            18.5119475
          ],
          [
            73.8347969,
            18.5120675
          ],
          [
            73.8343693,
            18.5122734
          ],
          [
            73.8337951,
            18.5124487
          ],
          [
            73.833514,
            18.5124655
          ]
        ]
      },
      "id": "way/198439339"
    },
    {
      "type": "Feature",
      "properties": {
        "@id": "way/198439341",
        "highway": "residential",
        "name": "Dhondumama Sathe Path",
        "name:mr": "धोंडुमामा साठे पथ"
      },
      "geometry": {
        "type": "LineString",
        "coordinates": [
          [
            73.8364334,
            18.5092206
          ],
          [
            73.835991,
            18.5097077
          ],
          [
            73.8358465,
            18.5099228
          ],
          [
            73.8357636,
            18.5100461
          ],
          [
            73.8356473,
            18.5102191
          ],
          [
            73.8354112,
            18.510667
          ]
        ]
      },
      "id": "way/198439341"
    },
    {
      "type": "Feature",
      "properties": {
        "@id": "way/198439342",
        "highway": "residential",
        "name": "Shankarrao Kirloskar Path",
        "name:mr": "शंकरराव किर्लोस्कर पथ"
      },
      "geometry": {
        "type": "LineString",
        "coordinates": [
          [
            73.8301474,
            18.5106112
          ],
          [
            73.8307475,
            18.5101251
          ]
        ]
      },
      "id": "way/198439342"
    },
    {
      "type": "Feature",
      "properties": {
        "@id": "way/198439343",
        "highway": "tertiary",
        "maxspeed": "40",
        "name": "8th Lane"
      },
      "geometry": {
        "type": "LineString",
        "coordinates": [
          [
            73.8372232,
            18.5117308
          ],
          [
            73.837068,
            18.5119739
          ]
        ]
      },
      "id": "way/198439343"
    },
    {
      "type": "Feature",
      "properties": {
        "@id": "way/198439344",
        "highway": "residential",
        "name": "Jagannath Tarte Path",
        "name:mr": "जगन्नाथ तरटे पथ"
      },
      "geometry": {
        "type": "LineString",
        "coordinates": [
          [
            73.8351707,
            18.5106504
          ],
          [
            73.835116,
            18.5107136
          ],
          [
            73.8350516,
            18.5107879
          ],
          [
            73.8349107,
            18.5108562
          ],
          [
            73.8346979,
            18.5108977
          ],
          [
            73.8344162,
            18.5108829
          ],
          [
            73.834172,
            18.5108324
          ],
          [
            73.8337464,
            18.5106573
          ]
        ]
      },
      "id": "way/198439344"
    },
    {
      "type": "Feature",
      "properties": {
        "@id": "way/198446796",
        "highway": "tertiary"
      },
      "geometry": {
        "type": "LineString",
        "coordinates": [
          [
            73.8438536,
            18.5128013
          ],
          [
            73.8437398,
            18.5127202
          ]
        ]
      },
      "id": "way/198446796"
    },
    {
      "type": "Feature",
      "properties": {
        "@id": "way/199637794",
        "bridge": "yes",
        "highway": "primary",
        "lanes": "2",
        "layer": "1",
        "name": "Dandekar Bridge",
        "name:mr": "दांडेकर पूल",
        "oneway": "yes"
      },
      "geometry": {
        "type": "LineString",
        "coordinates": [
          [
            73.8454219,
            18.5026953
          ],
          [
            73.8455176,
            18.5020843
          ]
        ]
      },
      "id": "way/199637794"
    },
    {
      "type": "Feature",
      "properties": {
        "@id": "way/199637795",
        "bridge": "yes",
        "highway": "primary",
        "lanes": "2",
        "layer": "1",
        "name": "Dandekar Bridge",
        "name:mr": "दांडेकर पूल",
        "oneway": "yes"
      },
      "geometry": {
        "type": "LineString",
        "coordinates": [
          [
            73.8454237,
            18.5020724
          ],
          [
            73.8453685,
            18.5024249
          ],
          [
            73.8453472,
            18.5025608
          ],
          [
            73.8453282,
            18.5026821
          ]
        ]
      },
      "id": "way/199637795"
    },
    {
      "type": "Feature",
      "properties": {
        "@id": "way/199637801",
        "alt_name": "Shastri Road",
        "alt_name:mr": "शास्त्री रस्ता",
        "highway": "primary",
        "lanes": "2",
        "name": "Lalbahadur Shashtri Marg",
        "name:etymology:wikidata": "Q244689",
        "name:mr": "लालबहादूर शास्त्री मार्ग",
        "oneway": "yes"
      },
      "geometry": {
        "type": "LineString",
        "coordinates": [
          [
            73.8455741,
            18.5010918
          ],
          [
            73.845551,
            18.5011964
          ],
          [
            73.8455279,
            18.501355
          ],
          [
            73.8454593,
            18.5018274
          ],
          [
            73.8454237,
            18.5020724
          ]
        ]
      },
      "id": "way/199637801"
    },
    {
      "type": "Feature",
      "properties": {
        "@id": "way/199637802",
        "alt_name": "Shastri Road",
        "alt_name:mr": "शास्त्री रस्ता",
        "highway": "primary",
        "lanes": "2",
        "name": "Lalbahadur Shashtri Marg",
        "name:etymology:wikidata": "Q244689",
        "name:mr": "लालबहादूर शास्त्री मार्ग",
        "oneway": "yes"
      },
      "geometry": {
        "type": "LineString",
        "coordinates": [
          [
            73.8455176,
            18.5020843
          ],
          [
            73.8456212,
            18.5013729
          ],
          [
            73.8456423,
            18.5012279
          ],
          [
            73.8456542,
            18.5011988
          ],
          [
            73.8456603,
            18.5011816
          ],
          [
            73.8456647,
            18.5011673
          ],
          [
            73.8456759,
            18.5011355
          ]
        ]
      },
      "id": "way/199637802"
    },
    {
      "type": "Feature",
      "properties": {
        "@id": "way/199637805",
        "alt_name": "Shastri Road",
        "alt_name:mr": "शास्त्री रस्ता",
        "highway": "primary",
        "lanes": "2",
        "name": "Lalbahadur Shashtri Marg",
        "name:etymology:wikidata": "Q244689",
        "name:mr": "लालबहादूर शास्त्री मार्ग",
        "oneway": "yes"
      },
      "geometry": {
        "type": "LineString",
        "coordinates": [
          [
            73.845434,
            18.5029138
          ],
          [
            73.8454179,
            18.502832
          ],
          [
            73.8454151,
            18.5027805
          ],
          [
            73.8454138,
            18.5027565
          ],
          [
            73.8454219,
            18.5026953
          ]
        ]
      },
      "id": "way/199637805"
    },
    {
      "type": "Feature",
      "properties": {
        "@id": "way/199637807",
        "alt_name": "Shastri Road",
        "alt_name:mr": "शास्त्री रस्ता",
        "highway": "primary",
        "lanes": "2",
        "name": "Lalbahadur Shashtri Marg",
        "name:etymology:wikidata": "Q244689",
        "name:mr": "लालबहादूर शास्त्री मार्ग",
        "oneway": "yes"
      },
      "geometry": {
        "type": "LineString",
        "coordinates": [
          [
            73.8453282,
            18.5026821
          ],
          [
            73.8453161,
            18.5027716
          ],
          [
            73.8453136,
            18.5027897
          ],
          [
            73.8452914,
            18.5029064
          ]
        ]
      },
      "id": "way/199637807"
    },
    {
      "type": "Feature",
      "properties": {
        "@id": "way/199637809",
        "alt_name": "Shastri Road",
        "alt_name:mr": "शास्त्री रस्ता",
        "highway": "primary",
        "lanes": "2",
        "name": "Lalbahadur Shashtri Marg",
        "name:etymology:wikidata": "Q244689",
        "name:mr": "लालबहादूर शास्त्री मार्ग",
        "oneway": "yes"
      },
      "geometry": {
        "type": "LineString",
        "coordinates": [
          [
            73.8448023,
            18.5051285
          ],
          [
            73.8447836,
            18.5051981
          ],
          [
            73.8447152,
            18.505452
          ],
          [
            73.8445894,
            18.505937
          ],
          [
            73.8445409,
            18.5061213
          ],
          [
            73.8444018,
            18.5066492
          ],
          [
            73.8443324,
            18.5069124
          ],
          [
            73.8442157,
            18.5073504
          ],
          [
            73.8441808,
            18.5074814
          ],
          [
            73.8441695,
            18.5075245
          ],
          [
            73.8439963,
            18.5081881
          ],
          [
            73.8439794,
            18.5082528
          ],
          [
            73.8439567,
            18.5083192
          ],
          [
            73.8439414,
            18.508364
          ],
          [
            73.8437515,
            18.5088111
          ],
          [
            73.8437042,
            18.5089319
          ],
          [
            73.8436083,
            18.5092109
          ],
          [
            73.8435704,
            18.5093475
          ]
        ]
      },
      "id": "way/199637809"
    },
    {
      "type": "Feature",
      "properties": {
        "@id": "way/199637812",
        "alt_name": "Veer Tanaji Malusare Path",
        "highway": "primary",
        "lanes": "2",
        "name": "Sinhagad Road",
        "name:en": "Narveer Tanaji Malusare Marg",
        "name:etymology:wikidata": "Q3078248",
        "name:mr": "नरवीर तानाजी मालुसरे मार्ग (सिंहगड रस्ता)",
        "oneway": "yes"
      },
      "geometry": {
        "type": "LineString",
        "coordinates": [
          [
            73.8456647,
            18.5011304
          ],
          [
            73.8456194,
            18.5011111
          ],
          [
            73.8455741,
            18.5010918
          ],
          [
            73.8455139,
            18.5010439
          ],
          [
            73.8454815,
            18.5010181
          ],
          [
            73.8446652,
            18.5003684
          ],
          [
            73.8444762,
            18.500218
          ]
        ]
      },
      "id": "way/199637812"
    },
    {
      "type": "Feature",
      "properties": {
        "@id": "way/199637813",
        "alt_name": "Veer Tanaji Malusare Path",
        "highway": "primary",
        "lanes": "2",
        "name": "Sinhagad Road",
        "name:en": "Narveer Tanaji Malusare Marg",
        "name:etymology:wikidata": "Q3078248",
        "name:mr": "नरवीर तानाजी मालुसरे मार्ग (सिंहगड रस्ता)",
        "oneway": "yes"
      },
      "geometry": {
        "type": "LineString",
        "coordinates": [
          [
            73.8435885,
            18.4996634
          ],
          [
            73.8445888,
            18.5004448
          ],
          [
            73.8446733,
            18.5005108
          ],
          [
            73.8452737,
            18.5009798
          ],
          [
            73.8454692,
            18.5011325
          ],
          [
            73.845551,
            18.5011964
          ],
          [
            73.8455967,
            18.5012122
          ],
          [
            73.8456423,
            18.5012279
          ]
        ]
      },
      "id": "way/199637813"
    },
    {
      "type": "Feature",
      "properties": {
        "@id": "way/199637821",
        "highway": "primary",
        "junction": "roundabout",
        "lanes": "2",
        "name": "Barrister Nath Pai Chowk",
        "name:etymology:wikidata": "Q17495806",
        "name:mr": "बॅरिस्टर नाथ पै चौक"
      },
      "geometry": {
        "type": "LineString",
        "coordinates": [
          [
            73.8454562,
            18.5029566
          ],
          [
            73.8454446,
            18.5029311
          ],
          [
            73.845434,
            18.5029138
          ],
          [
            73.8454205,
            18.5029018
          ],
          [
            73.8453979,
            18.5028893
          ],
          [
            73.8453727,
            18.5028845
          ],
          [
            73.8453429,
            18.5028865
          ],
          [
            73.8453107,
            18.5028945
          ],
          [
            73.8452914,
            18.5029064
          ],
          [
            73.845275,
            18.5029374
          ],
          [
            73.8452667,
            18.5029831
          ],
          [
            73.8452296,
            18.5031907
          ],
          [
            73.8452336,
            18.5032281
          ],
          [
            73.8452509,
            18.5032546
          ]
        ]
      },
      "id": "way/199637821"
    },
    {
      "type": "Feature",
      "properties": {
        "@id": "way/202299530",
        "highway": "residential",
        "name": "Cafe Goodluck Road",
        "oneway": "yes"
      },
      "geometry": {
        "type": "LineString",
        "coordinates": [
          [
            73.8416184,
            18.5174252
          ],
          [
            73.8414693,
            18.5173796
          ],
          [
            73.8414014,
            18.5173422
          ],
          [
            73.8410989,
            18.5170788
          ]
        ]
      },
      "id": "way/202299530"
    },
    {
      "type": "Feature",
      "properties": {
        "@id": "way/202299531",
        "highway": "residential",
        "name": "D. B. Deodhar Path",
        "name:mr": "दि. बा. देवधर पथ"
      },
      "geometry": {
        "type": "LineString",
        "coordinates": [
          [
            73.8401752,
            18.5177498
          ],
          [
            73.8400651,
            18.5172803
          ],
          [
            73.8400013,
            18.5167808
          ],
          [
            73.8399342,
            18.5162558
          ],
          [
            73.8398983,
            18.5159806
          ]
        ]
      },
      "id": "way/202299531"
    },
    {
      "type": "Feature",
      "properties": {
        "@id": "way/206225415",
        "highway": "tertiary"
      },
      "geometry": {
        "type": "LineString",
        "coordinates": [
          [
            73.8334039,
            18.505121
          ],
          [
            73.8332874,
            18.5048302
          ],
          [
            73.8332393,
            18.5045384
          ],
          [
            73.8332409,
            18.5044251
          ],
          [
            73.8323711,
            18.5044144
          ],
          [
            73.832308,
            18.5044038
          ],
          [
            73.8322541,
            18.504363
          ],
          [
            73.8320804,
            18.5033071
          ],
          [
            73.8320669,
            18.5032763
          ],
          [
            73.8318086,
            18.5031348
          ]
        ]
      },
      "id": "way/206225415"
    },
    {
      "type": "Feature",
      "properties": {
        "@id": "way/206225419",
        "highway": "residential"
      },
      "geometry": {
        "type": "LineString",
        "coordinates": [
          [
            73.8312769,
            18.5067993
          ],
          [
            73.8308194,
            18.5076812
          ],
          [
            73.830808,
            18.5077033
          ]
        ]
      },
      "id": "way/206225419"
    },
    {
      "type": "Feature",
      "properties": {
        "@id": "way/206225421",
        "highway": "residential",
        "name": "Navi Peth"
      },
      "geometry": {
        "type": "LineString",
        "coordinates": [
          [
            73.8395478,
            18.5053952
          ],
          [
            73.8411263,
            18.5053544
          ]
        ]
      },
      "id": "way/206225421"
    },
    {
      "type": "Feature",
      "properties": {
        "@id": "way/206225422",
        "highway": "residential"
      },
      "geometry": {
        "type": "LineString",
        "coordinates": [
          [
            73.8395519,
            18.505813
          ],
          [
            73.8391941,
            18.5058176
          ]
        ]
      },
      "id": "way/206225422"
    },
    {
      "type": "Feature",
      "properties": {
        "@id": "way/206225423",
        "highway": "residential"
      },
      "geometry": {
        "type": "LineString",
        "coordinates": [
          [
            73.8318448,
            18.5068213
          ],
          [
            73.8312897,
            18.5079408
          ]
        ]
      },
      "id": "way/206225423"
    },
    {
      "type": "Feature",
      "properties": {
        "@id": "way/206225424",
        "highway": "residential",
        "name": "Oval Path"
      },
      "geometry": {
        "type": "LineString",
        "coordinates": [
          [
            73.8395519,
            18.505813
          ],
          [
            73.8411246,
            18.5057754
          ]
        ]
      },
      "id": "way/206225424"
    },
    {
      "type": "Feature",
      "properties": {
        "@id": "way/206225425",
        "highway": "residential"
      },
      "geometry": {
        "type": "LineString",
        "coordinates": [
          [
            73.8306396,
            18.5076203
          ],
          [
            73.8304022,
            18.5080343
          ],
          [
            73.8303713,
            18.5080881
          ]
        ]
      },
      "id": "way/206225425"
    },
    {
      "type": "Feature",
      "properties": {
        "@id": "way/206225429",
        "highway": "residential"
      },
      "geometry": {
        "type": "LineString",
        "coordinates": [
          [
            73.8374584,
            18.5050815
          ],
          [
            73.8381379,
            18.5050782
          ],
          [
            73.8386043,
            18.5050751
          ]
        ]
      },
      "id": "way/206225429"
    },
    {
      "type": "Feature",
      "properties": {
        "@id": "way/206225430",
        "highway": "residential"
      },
      "geometry": {
        "type": "LineString",
        "coordinates": [
          [
            73.8374788,
            18.5054871
          ],
          [
            73.8381432,
            18.5054772
          ],
          [
            73.8385805,
            18.5054774
          ]
        ]
      },
      "id": "way/206225430"
    },
    {
      "type": "Feature",
      "properties": {
        "@id": "way/206225431",
        "access": "private",
        "highway": "service"
      },
      "geometry": {
        "type": "LineString",
        "coordinates": [
          [
            73.839557,
            18.506225
          ],
          [
            73.8397271,
            18.5062226
          ],
          [
            73.8400622,
            18.5062177
          ],
          [
            73.8404138,
            18.5062127
          ],
          [
            73.8410665,
            18.5062033
          ],
          [
            73.8411257,
            18.5062024
          ]
        ]
      },
      "id": "way/206225431"
    },
    {
      "type": "Feature",
      "properties": {
        "@id": "way/206225435",
        "highway": "residential"
      },
      "geometry": {
        "type": "LineString",
        "coordinates": [
          [
            73.8378766,
            18.5066164
          ],
          [
            73.8381597,
            18.5066163
          ],
          [
            73.8387947,
            18.5066164
          ]
        ]
      },
      "id": "way/206225435"
    },
    {
      "type": "Feature",
      "properties": {
        "@id": "way/206225436",
        "highway": "residential"
      },
      "geometry": {
        "type": "LineString",
        "coordinates": [
          [
            73.8377678,
            18.5062456
          ],
          [
            73.8381544,
            18.5062423
          ],
          [
            73.8387641,
            18.5062359
          ]
        ]
      },
      "id": "way/206225436"
    },
    {
      "type": "Feature",
      "properties": {
        "@id": "way/206225437",
        "access": "private",
        "highway": "service"
      },
      "geometry": {
        "type": "LineString",
        "coordinates": [
          [
            73.8404138,
            18.5062127
          ],
          [
            73.8404259,
            18.5065271
          ],
          [
            73.8404444,
            18.5065539
          ],
          [
            73.8404769,
            18.5065699
          ],
          [
            73.8410821,
            18.5065699
          ],
          [
            73.8411266,
            18.5065699
          ]
        ]
      },
      "id": "way/206225437"
    },
    {
      "type": "Feature",
      "properties": {
        "@id": "way/206225439",
        "highway": "residential"
      },
      "geometry": {
        "type": "LineString",
        "coordinates": [
          [
            73.8445049,
            18.5032144
          ],
          [
            73.8444903,
            18.5034466
          ],
          [
            73.8444801,
            18.5035401
          ],
          [
            73.8444468,
            18.5038713
          ],
          [
            73.8443484,
            18.5041889
          ],
          [
            73.844323,
            18.5042709
          ],
          [
            73.844253,
            18.5045373
          ],
          [
            73.8442266,
            18.5046378
          ],
          [
            73.8442048,
            18.5047211
          ],
          [
            73.8441589,
            18.5048957
          ],
          [
            73.8441422,
            18.5049594
          ]
        ]
      },
      "id": "way/206225439"
    },
    {
      "type": "Feature",
      "properties": {
        "@id": "way/206225441",
        "highway": "residential"
      },
      "geometry": {
        "type": "LineString",
        "coordinates": [
          [
            73.8375978,
            18.5058683
          ],
          [
            73.8381488,
            18.505849
          ],
          [
            73.8385635,
            18.5058425
          ],
          [
            73.8386757,
            18.5059361
          ]
        ]
      },
      "id": "way/206225441"
    },
    {
      "type": "Feature",
      "properties": {
        "@id": "way/206225442",
        "highway": "residential",
        "name": "Theerthankar Vasupujya Swami Marg",
        "oneway": "no"
      },
      "geometry": {
        "type": "LineString",
        "coordinates": [
          [
            73.8300447,
            18.5063863
          ],
          [
            73.8305543,
            18.5062808
          ],
          [
            73.8307179,
            18.5062723
          ],
          [
            73.8325479,
            18.5063021
          ]
        ]
      },
      "id": "way/206225442"
    },
    {
      "type": "Feature",
      "properties": {
        "@id": "way/206225445",
        "highway": "residential",
        "name": "Oval Path"
      },
      "geometry": {
        "type": "LineString",
        "coordinates": [
          [
            73.8396735,
            18.5049453
          ],
          [
            73.8395478,
            18.5053952
          ],
          [
            73.8395467,
            18.505482
          ],
          [
            73.8395519,
            18.505813
          ]
        ]
      },
      "id": "way/206225445"
    },
    {
      "type": "Feature",
      "properties": {
        "@id": "way/206225446",
        "highway": "residential"
      },
      "geometry": {
        "type": "LineString",
        "coordinates": [
          [
            73.829482,
            18.5051265
          ],
          [
            73.8296536,
            18.5051849
          ],
          [
            73.8299731,
            18.5052991
          ],
          [
            73.8302787,
            18.5054083
          ],
          [
            73.8303551,
            18.5054231
          ],
          [
            73.8304903,
            18.5054494
          ],
          [
            73.8314939,
            18.5054591
          ],
          [
            73.8322749,
            18.5054666
          ],
          [
            73.8323137,
            18.5054155
          ]
        ]
      },
      "id": "way/206225446"
    },
    {
      "type": "Feature",
      "properties": {
        "@id": "way/206225454",
        "highway": "residential"
      },
      "geometry": {
        "type": "LineString",
        "coordinates": [
          [
            73.8425768,
            18.5025836
          ],
          [
            73.8422579,
            18.5025719
          ],
          [
            73.841723,
            18.502548
          ],
          [
            73.8416876,
            18.5025643
          ],
          [
            73.8416758,
            18.5025996
          ],
          [
            73.8416481,
            18.503113
          ],
          [
            73.8416298,
            18.5033052
          ],
          [
            73.8416299,
            18.5036
          ],
          [
            73.8416364,
            18.5037566
          ],
          [
            73.8416318,
            18.5038375
          ],
          [
            73.8416303,
            18.5040988
          ],
          [
            73.8416284,
            18.504463
          ]
        ]
      },
      "id": "way/206225454"
    },
    {
      "type": "Feature",
      "properties": {
        "@id": "way/206225455",
        "highway": "residential",
        "oneway": "yes"
      },
      "geometry": {
        "type": "LineString",
        "coordinates": [
          [
            73.8422324,
            18.5031426
          ],
          [
            73.8422088,
            18.5035234
          ],
          [
            73.8421931,
            18.5037765
          ],
          [
            73.8421508,
            18.5044597
          ]
        ]
      },
      "id": "way/206225455"
    },
    {
      "type": "Feature",
      "properties": {
        "@id": "way/206225458",
        "highway": "residential"
      },
      "geometry": {
        "type": "LineString",
        "coordinates": [
          [
            73.8381492,
            18.5032148
          ],
          [
            73.8381346,
            18.5039416
          ],
          [
            73.8381286,
            18.5042901
          ],
          [
            73.8381232,
            18.5046028
          ]
        ]
      },
      "id": "way/206225458"
    },
    {
      "type": "Feature",
      "properties": {
        "@id": "way/206225459",
        "highway": "residential"
      },
      "geometry": {
        "type": "LineString",
        "coordinates": [
          [
            73.8411181,
            18.5041101
          ],
          [
            73.8411251,
            18.504475
          ],
          [
            73.8411226,
            18.5049376
          ]
        ]
      },
      "id": "way/206225459"
    },
    {
      "type": "Feature",
      "properties": {
        "@id": "way/206225460",
        "highway": "residential",
        "name": "Prakash Lagu (Motiwale) Path",
        "name:mr": "प्रकाश लागू (मोतीवाले) पथ"
      },
      "geometry": {
        "type": "LineString",
        "coordinates": [
          [
            73.8284226,
            18.5055789
          ],
          [
            73.829381,
            18.5055974
          ],
          [
            73.8295926,
            18.5056476
          ],
          [
            73.8297513,
            18.5057251
          ],
          [
            73.829886,
            18.5058573
          ],
          [
            73.8299533,
            18.5060306
          ],
          [
            73.8300447,
            18.5063863
          ],
          [
            73.8301748,
            18.5069384
          ]
        ]
      },
      "id": "way/206225460"
    },
    {
      "type": "Feature",
      "properties": {
        "@id": "way/206412007",
        "bridge": "yes",
        "hgv": "no",
        "highway": "secondary",
        "lanes": "2",
        "layer": "1",
        "name": "Raveendra Mhatre Bridge",
        "name:etymology:wikidata": "Q7296736",
        "name:mr": "रवींद्र म्हात्रे पूल",
        "oneway": "yes",
        "tourist_bus": "no"
      },
      "geometry": {
        "type": "LineString",
        "coordinates": [
          [
            73.8355667,
            18.5045829
          ],
          [
            73.8373534,
            18.5046641
          ]
        ]
      },
      "id": "way/206412007"
    },
    {
      "type": "Feature",
      "properties": {
        "@id": "way/206412009",
        "bridge": "yes",
        "highway": "secondary",
        "lanes": "2",
        "layer": "1",
        "name": "Anant Kanhere Path",
        "name:etymology:wikidata": "Q4751430",
        "name:mr": "अनंत कान्हेरे पथ",
        "oneway": "yes"
      },
      "geometry": {
        "type": "LineString",
        "coordinates": [
          [
            73.8393719,
            18.5048366
          ],
          [
            73.83899,
            18.5045845
          ]
        ]
      },
      "id": "way/206412009"
    },
    {
      "type": "Feature",
      "properties": {
        "@id": "way/206412016",
        "highway": "secondary",
        "lanes": "3",
        "maxspeed": "40",
        "name": "Amrutrao Khilare Path",
        "name:mr": "अमृतराव खिलारे पथ",
        "oneway": "yes"
      },
      "geometry": {
        "type": "LineString",
        "coordinates": [
          [
            73.8314516,
            18.5086444
          ],
          [
            73.8314904,
            18.5085741
          ],
          [
            73.8319338,
            18.5077712
          ],
          [
            73.8319898,
            18.5076635
          ],
          [
            73.8323506,
            18.5069241
          ]
        ]
      },
      "id": "way/206412016"
    },
    {
      "type": "Feature",
      "properties": {
        "@id": "way/206412020",
        "highway": "residential",
        "name": "Shankarrao Joshi Path",
        "name:mr": "शंकरराव जोशी पथ"
      },
      "geometry": {
        "type": "LineString",
        "coordinates": [
          [
            73.8322508,
            18.5068325
          ],
          [
            73.8318448,
            18.5068213
          ],
          [
            73.8312769,
            18.5067993
          ],
          [
            73.8306353,
            18.5068369
          ],
          [
            73.8301748,
            18.5069384
          ],
          [
            73.8297931,
            18.5072031
          ]
        ]
      },
      "id": "way/206412020"
    },
    {
      "type": "Feature",
      "properties": {
        "@id": "way/206412021",
        "direction": "clockwise",
        "highway": "secondary",
        "junction": "roundabout",
        "name": "Keshavrao Sadoba Padale Chowk",
        "name:mr": "केशवराव सदोबा पाडळे चौक"
      },
      "geometry": {
        "type": "LineString",
        "coordinates": [
          [
            73.8322472,
            18.5068803
          ],
          [
            73.8322584,
            18.5069021
          ],
          [
            73.8322769,
            18.5069191
          ],
          [
            73.8323003,
            18.506929
          ],
          [
            73.8323259,
            18.5069307
          ],
          [
            73.8323506,
            18.5069241
          ],
          [
            73.8323714,
            18.5069098
          ],
          [
            73.8323857,
            18.5068897
          ],
          [
            73.832392,
            18.5068661
          ],
          [
            73.8323894,
            18.5068418
          ],
          [
            73.8323781,
            18.50682
          ],
          [
            73.8323597,
            18.506803
          ],
          [
            73.8323363,
            18.5067931
          ],
          [
            73.8323107,
            18.5067914
          ],
          [
            73.832286,
            18.506798
          ]
        ]
      },
      "id": "way/206412021"
    },
    {
      "type": "Feature",
      "properties": {
        "@id": "way/206492421",
        "highway": "secondary",
        "lanes": "2",
        "name": "Anant Kanhere Path",
        "name:etymology:wikidata": "Q4751430",
        "name:mr": "अनंत कान्हेरे पथ",
        "oneway": "yes"
      },
      "geometry": {
        "type": "LineString",
        "coordinates": [
          [
            73.8373534,
            18.5046641
          ],
          [
            73.8380363,
            18.5046639
          ]
        ]
      },
      "id": "way/206492421"
    },
    {
      "type": "Feature",
      "properties": {
        "@id": "way/206492443",
        "highway": "residential"
      },
      "geometry": {
        "type": "LineString",
        "coordinates": [
          [
            73.8459067,
            18.5033663
          ],
          [
            73.8458972,
            18.5033987
          ],
          [
            73.8457704,
            18.5038293
          ],
          [
            73.8455743,
            18.5044955
          ],
          [
            73.8452488,
            18.5056015
          ],
          [
            73.8450381,
            18.5063173
          ]
        ]
      },
      "id": "way/206492443"
    },
    {
      "type": "Feature",
      "properties": {
        "@id": "way/206492444",
        "highway": "residential"
      },
      "geometry": {
        "type": "LineString",
        "coordinates": [
          [
            73.8461738,
            18.5039946
          ],
          [
            73.8465054,
            18.5042132
          ],
          [
            73.8465871,
            18.5042542
          ],
          [
            73.847261,
            18.5044249
          ]
        ]
      },
      "id": "way/206492444"
    },
    {
      "type": "Feature",
      "properties": {
        "@id": "way/206492445",
        "highway": "residential",
        "name": "Vishwasrao Himmatbahaddar Chavan Path",
        "name:mr": "विश्वासराव हिम्मतबहाद्दर चव्हाण पथ"
      },
      "geometry": {
        "type": "LineString",
        "coordinates": [
          [
            73.8446104,
            18.5062542
          ],
          [
            73.8450381,
            18.5063173
          ],
          [
            73.8452267,
            18.5063299
          ],
          [
            73.8454496,
            18.5063447
          ],
          [
            73.8461235,
            18.5063809
          ],
          [
            73.8468969,
            18.5064225
          ]
        ]
      },
      "id": "way/206492445"
    },
    {
      "type": "Feature",
      "properties": {
        "@id": "way/206492447",
        "highway": "residential"
      },
      "geometry": {
        "type": "LineString",
        "coordinates": [
          [
            73.8462872,
            18.5036266
          ],
          [
            73.846276,
            18.5036631
          ],
          [
            73.8461738,
            18.5039946
          ],
          [
            73.8459917,
            18.5045855
          ],
          [
            73.8456798,
            18.5055976
          ],
          [
            73.8454496,
            18.5063447
          ]
        ]
      },
      "id": "way/206492447"
    },
    {
      "type": "Feature",
      "properties": {
        "@id": "way/206492448",
        "highway": "residential",
        "name": "Vishwanath Mahadev Phule Path",
        "name:mr": "विश्वनाथ महादेव फुले पथ"
      },
      "geometry": {
        "type": "LineString",
        "coordinates": [
          [
            73.8451879,
            18.5069272
          ],
          [
            73.8451383,
            18.5074722
          ],
          [
            73.8451325,
            18.5075365
          ],
          [
            73.8453857,
            18.5075904
          ],
          [
            73.8454326,
            18.5076004
          ],
          [
            73.845611,
            18.5076134
          ],
          [
            73.8456671,
            18.507617
          ],
          [
            73.846077,
            18.5076433
          ]
        ]
      },
      "id": "way/206492448"
    },
    {
      "type": "Feature",
      "properties": {
        "@id": "way/206492450",
        "highway": "residential",
        "name": "Dake Road"
      },
      "geometry": {
        "type": "LineString",
        "coordinates": [
          [
            73.8495191,
            18.5043236
          ],
          [
            73.8494921,
            18.50509
          ],
          [
            73.849458,
            18.5056099
          ],
          [
            73.8494606,
            18.505697
          ],
          [
            73.8494878,
            18.5057422
          ],
          [
            73.8503617,
            18.5058905
          ],
          [
            73.8506248,
            18.5059141
          ]
        ]
      },
      "id": "way/206492450"
    },
    {
      "type": "Feature",
      "properties": {
        "@id": "way/206492451",
        "highway": "residential",
        "name": "Madanlal Dangi Path",
        "name:mr": "मदनलाल डांगी पथ"
      },
      "geometry": {
        "type": "LineString",
        "coordinates": [
          [
            73.8448135,
            18.5054859
          ],
          [
            73.8448582,
            18.5054978
          ],
          [
            73.8452488,
            18.5056015
          ],
          [
            73.8456798,
            18.5055976
          ],
          [
            73.8457982,
            18.5055943
          ],
          [
            73.8458448,
            18.505593
          ],
          [
            73.8464712,
            18.50572
          ],
          [
            73.8469393,
            18.5058077
          ]
        ]
      },
      "id": "way/206492451"
    },
    {
      "type": "Feature",
      "properties": {
        "@id": "way/206492452",
        "highway": "residential",
        "name": "Pradeep Deshpande Path",
        "name:mr": "प्रदीप देशपांडे पथ"
      },
      "geometry": {
        "type": "LineString",
        "coordinates": [
          [
            73.8451481,
            18.504431
          ],
          [
            73.8451931,
            18.5044395
          ],
          [
            73.8453796,
            18.504475
          ],
          [
            73.8454694,
            18.5044921
          ],
          [
            73.8455743,
            18.5044955
          ],
          [
            73.8459917,
            18.5045855
          ]
        ]
      },
      "id": "way/206492452"
    },
    {
      "type": "Feature",
      "properties": {
        "@id": "way/206492453",
        "highway": "residential",
        "name": "R. D. Khaniwale Path",
        "name:mr": "आर. डी. खानीवाले पथ"
      },
      "geometry": {
        "type": "LineString",
        "coordinates": [
          [
            73.8465469,
            18.5046607
          ],
          [
            73.8465967,
            18.5047194
          ],
          [
            73.8466352,
            18.5047946
          ],
          [
            73.8466304,
            18.5048881
          ],
          [
            73.8464909,
            18.5055448
          ],
          [
            73.8464814,
            18.5056137
          ],
          [
            73.8464712,
            18.50572
          ]
        ]
      },
      "id": "way/206492453"
    },
    {
      "type": "Feature",
      "properties": {
        "@id": "way/207872392",
        "alt_name": "FC Road",
        "highway": "primary",
        "lanes": "2",
        "lit": "yes",
        "name": "Gopal Krushna Gokhale Path",
        "name:etymology:wikidata": "Q313299",
        "name:mr": "गोपाळ कृष्ण गोखले पथ",
        "oneway": "yes",
        "ref": "SH60",
        "surface": "asphalt"
      },
      "geometry": {
        "type": "LineString",
        "coordinates": [
          [
            73.8423542,
            18.5144652
          ],
          [
            73.8423273,
            18.5145486
          ]
        ]
      },
      "id": "way/207872392"
    },
    {
      "type": "Feature",
      "properties": {
        "@id": "way/207872394",
        "alt_name": "JM Road",
        "highway": "primary",
        "lanes": "3",
        "lit": "yes",
        "name": "Jangli Maharaj Path",
        "name:etymology:wikidata": "Q6153993",
        "name:mr": "जंगली महाराज पथ",
        "oneway": "yes",
        "ref": "SH60",
        "surface": "asphalt"
      },
      "geometry": {
        "type": "LineString",
        "coordinates": [
          [
            73.842195,
            18.5154916
          ],
          [
            73.842198,
            18.5154498
          ],
          [
            73.8421996,
            18.5154274
          ],
          [
            73.842331,
            18.5149415
          ],
          [
            73.8423882,
            18.5147303
          ],
          [
            73.8423955,
            18.5147031
          ]
        ]
      },
      "id": "way/207872394"
    },
    {
      "type": "Feature",
      "properties": {
        "@id": "way/207872397",
        "highway": "primary",
        "lanes": "3",
        "name": "Karve Road",
        "name:etymology:wikidata": "Q3518496",
        "name:mr": "कर्वे रस्ता",
        "oneway": "yes",
        "ref": "SH60",
        "surface": "asphalt"
      },
      "geometry": {
        "type": "LineString",
        "coordinates": [
          [
            73.8421877,
            18.5143298
          ],
          [
            73.8420705,
            18.5142216
          ],
          [
            73.8416486,
            18.5138321
          ],
          [
            73.8415826,
            18.5137712
          ]
        ]
      },
      "id": "way/207872397"
    },
    {
      "type": "Feature",
      "properties": {
        "@id": "way/207872398",
        "highway": "primary_link",
        "name": "Karve Road",
        "name:etymology:wikidata": "Q3518496",
        "name:mr": "कर्वे रस्ता",
        "oneway": "yes",
        "surface": "asphalt"
      },
      "geometry": {
        "type": "LineString",
        "coordinates": [
          [
            73.8421049,
            18.5144052
          ],
          [
            73.8421788,
            18.5145016
          ],
          [
            73.8421909,
            18.514522
          ],
          [
            73.8422366,
            18.5145987
          ],
          [
            73.8422725,
            18.5146698
          ],
          [
            73.842282,
            18.5146947
          ],
          [
            73.8422946,
            18.5147275
          ]
        ]
      },
      "id": "way/207872398"
    },
    {
      "type": "Feature",
      "properties": {
        "@id": "way/207872405",
        "alt_name": "Lakadi Pul",
        "alt_name:mr": "लकडी पूल",
        "bridge": "yes",
        "foot": "yes",
        "highway": "primary",
        "layer": "1",
        "motorcycle": "yes",
        "name": "Sambhaji Bridge",
        "name:etymology:wikidata": "Q2737041",
        "name:mr": "संभाजी पूल",
        "oneway": "yes"
      },
      "geometry": {
        "type": "LineString",
        "coordinates": [
          [
            73.8434984,
            18.5129534
          ],
          [
            73.8433187,
            18.5131784
          ],
          [
            73.8425702,
            18.5141157
          ]
        ]
      },
      "id": "way/207872405"
    },
    {
      "type": "Feature",
      "properties": {
        "@id": "way/207872406",
        "alt_name": "Lakadi Pul",
        "alt_name:mr": "लकडी पूल",
        "highway": "primary",
        "name": "Sambhaji Bridge",
        "name:etymology:wikidata": "Q2737041",
        "name:mr": "संभाजी पूल",
        "oneway": "yes"
      },
      "geometry": {
        "type": "LineString",
        "coordinates": [
          [
            73.8437398,
            18.5127202
          ],
          [
            73.8436903,
            18.512779
          ],
          [
            73.8436559,
            18.5128146
          ],
          [
            73.8435797,
            18.512879
          ],
          [
            73.8434984,
            18.5129534
          ]
        ]
      },
      "id": "way/207872406"
    },
    {
      "type": "Feature",
      "properties": {
        "@id": "way/207872407",
        "alt_name": "Lakadi Pul",
        "alt_name:mr": "लकडी पूल",
        "highway": "primary",
        "name": "Sambhaji Bridge",
        "name:etymology:wikidata": "Q2737041",
        "name:mr": "संभाजी पूल",
        "oneway": "yes"
      },
      "geometry": {
        "type": "LineString",
        "coordinates": [
          [
            73.8425702,
            18.5141157
          ],
          [
            73.8424559,
            18.5142662
          ]
        ]
      },
      "id": "way/207872407"
    },
    {
      "type": "Feature",
      "properties": {
        "@id": "way/207872408",
        "highway": "primary_link",
        "maxspeed": "45",
        "name": "Sambhaji Bridge",
        "name:etymology:wikidata": "Q2737041",
        "oneway": "yes",
        "surface": "asphalt",
        "turn": "left"
      },
      "geometry": {
        "type": "LineString",
        "coordinates": [
          [
            73.8424559,
            18.5142662
          ],
          [
            73.8423773,
            18.5143032
          ],
          [
            73.8423421,
            18.5143197
          ],
          [
            73.8423027,
            18.514336
          ],
          [
            73.8422646,
            18.5143419
          ],
          [
            73.8422454,
            18.5143449
          ],
          [
            73.8421877,
            18.5143298
          ]
        ]
      },
      "id": "way/207872408"
    },
    {
      "type": "Feature",
      "properties": {
        "@id": "way/207872409",
        "alt_name": "Shastri Road",
        "alt_name:mr": "शास्त्री रस्ता",
        "highway": "primary",
        "lanes": "2",
        "name": "Lalbahadur Shashtri Marg",
        "name:etymology:wikidata": "Q244689",
        "name:mr": "लालबहादूर शास्त्री मार्ग",
        "oneway": "yes"
      },
      "geometry": {
        "type": "LineString",
        "coordinates": [
          [
            73.8438536,
            18.5128013
          ],
          [
            73.8439059,
            18.5126926
          ],
          [
            73.8439041,
            18.5126481
          ],
          [
            73.8438925,
            18.5123643
          ],
          [
            73.8438919,
            18.5123493
          ],
          [
            73.8438559,
            18.5122071
          ],
          [
            73.8438235,
            18.5121486
          ],
          [
            73.843809,
            18.5121216
          ],
          [
            73.8438038,
            18.5121131
          ],
          [
            73.8437612,
            18.5120436
          ],
          [
            73.8436814,
            18.5119244
          ],
          [
            73.8435756,
            18.5117839
          ],
          [
            73.8434914,
            18.5116917
          ],
          [
            73.84341,
            18.5115996
          ],
          [
            73.843336,
            18.5115101
          ],
          [
            73.8432912,
            18.5114346
          ],
          [
            73.843265,
            18.5113482
          ],
          [
            73.8432633,
            18.5113271
          ],
          [
            73.8432571,
            18.5112473
          ]
        ]
      },
      "id": "way/207872409"
    },
    {
      "type": "Feature",
      "properties": {
        "@id": "way/207872428",
        "highway": "secondary",
        "lanes": "2",
        "name": "Anant Kanhere Path",
        "name:etymology:wikidata": "Q4751430",
        "name:mr": "अनंत कान्हेरे पथ",
        "surface": "asphalt"
      },
      "geometry": {
        "type": "LineString",
        "coordinates": [
          [
            73.8394628,
            18.5048966
          ],
          [
            73.8396735,
            18.5049453
          ],
          [
            73.8401385,
            18.5049558
          ],
          [
            73.8409471,
            18.5049424
          ],
          [
            73.8411226,
            18.5049376
          ],
          [
            73.8414144,
            18.5049256
          ],
          [
            73.8416622,
            18.5049154
          ],
          [
            73.8418715,
            18.5049085
          ],
          [
            73.842089,
            18.5049014
          ],
          [
            73.8421444,
            18.5048996
          ],
          [
            73.8425607,
            18.5048881
          ],
          [
            73.8429163,
            18.5048811
          ],
          [
            73.8429567,
            18.5048803
          ],
          [
            73.8432119,
            18.5048722
          ],
          [
            73.8434644,
            18.5048734
          ],
          [
            73.8436537,
            18.5048948
          ],
          [
            73.843999,
            18.5049339
          ],
          [
            73.8441422,
            18.5049594
          ],
          [
            73.8444088,
            18.5050277
          ],
          [
            73.84475,
            18.5051151
          ],
          [
            73.8448023,
            18.5051285
          ]
        ]
      },
      "id": "way/207872428"
    },
    {
      "type": "Feature",
      "properties": {
        "@id": "way/207872429",
        "highway": "secondary",
        "lanes": "3",
        "maxspeed": "40",
        "name": "Amrutrao Khilare Path",
        "name:mr": "अमृतराव खिलारे पथ",
        "oneway": "yes"
      },
      "geometry": {
        "type": "LineString",
        "coordinates": [
          [
            73.8339761,
            18.5045898
          ],
          [
            73.8338992,
            18.5046627
          ],
          [
            73.8334039,
            18.505121
          ],
          [
            73.8329302,
            18.5055406
          ],
          [
            73.8328262,
            18.5056699
          ],
          [
            73.8328003,
            18.5057124
          ],
          [
            73.8327486,
            18.505812
          ],
          [
            73.8325479,
            18.5063021
          ],
          [
            73.8324806,
            18.5064503
          ],
          [
            73.832286,
            18.506798
          ]
        ]
      },
      "id": "way/207872429"
    },
    {
      "type": "Feature",
      "properties": {
        "@id": "way/207872430",
        "highway": "residential"
      },
      "geometry": {
        "type": "LineString",
        "coordinates": [
          [
            73.8346784,
            18.5079421
          ],
          [
            73.8342144,
            18.5085259
          ],
          [
            73.8337496,
            18.5091108
          ]
        ]
      },
      "id": "way/207872430"
    },
    {
      "type": "Feature",
      "properties": {
        "@id": "way/207872431",
        "highway": "secondary",
        "lanes": "2",
        "name": "Anant Kanhere Path",
        "name:etymology:wikidata": "Q4751430",
        "name:mr": "अनंत कान्हेरे पथ",
        "oneway": "yes"
      },
      "geometry": {
        "type": "LineString",
        "coordinates": [
          [
            73.8394628,
            18.5048966
          ],
          [
            73.8393719,
            18.5048366
          ]
        ]
      },
      "id": "way/207872431"
    },
    {
      "type": "Feature",
      "properties": {
        "@id": "way/207872432",
        "highway": "secondary",
        "lanes": "2",
        "name": "Anant Kanhere Path",
        "name:etymology:wikidata": "Q4751430",
        "name:mr": "अनंत कान्हेरे पथ",
        "oneway": "yes"
      },
      "geometry": {
        "type": "LineString",
        "coordinates": [
          [
            73.8393657,
            18.504868
          ],
          [
            73.8394628,
            18.5048966
          ]
        ]
      },
      "id": "way/207872432"
    },
    {
      "type": "Feature",
      "properties": {
        "@id": "way/207872433",
        "bridge": "yes",
        "highway": "secondary",
        "lanes": "2",
        "layer": "1",
        "name": "Anant Kanhere Path",
        "name:etymology:wikidata": "Q4751430",
        "name:mr": "अनंत कान्हेरे पथ",
        "oneway": "yes"
      },
      "geometry": {
        "type": "LineString",
        "coordinates": [
          [
            73.8389873,
            18.5047566
          ],
          [
            73.8393657,
            18.504868
          ]
        ]
      },
      "id": "way/207872433"
    },
    {
      "type": "Feature",
      "properties": {
        "@id": "way/207872434",
        "highway": "secondary",
        "lanes": "2",
        "name": "Anant Kanhere Path",
        "name:etymology:wikidata": "Q4751430",
        "name:mr": "अनंत कान्हेरे पथ",
        "oneway": "yes"
      },
      "geometry": {
        "type": "LineString",
        "coordinates": [
          [
            73.83899,
            18.5045845
          ],
          [
            73.8389303,
            18.5045621
          ],
          [
            73.8388339,
            18.5045629
          ]
        ]
      },
      "id": "way/207872434"
    },
    {
      "type": "Feature",
      "properties": {
        "@id": "way/207872435",
        "highway": "secondary",
        "lanes": "2",
        "maxspeed": "40",
        "name": "Amrutrao Khilare Path",
        "name:mr": "अमृतराव खिलारे पथ",
        "oneway": "yes"
      },
      "geometry": {
        "type": "LineString",
        "coordinates": [
          [
            73.8340532,
            18.5046628
          ],
          [
            73.8341133,
            18.5046176
          ],
          [
            73.8342511,
            18.5045858
          ],
          [
            73.8344318,
            18.5045726
          ],
          [
            73.8346643,
            18.5045684
          ]
        ]
      },
      "id": "way/207872435"
    },
    {
      "type": "Feature",
      "properties": {
        "@id": "way/208588884",
        "highway": "residential"
      },
      "geometry": {
        "type": "LineString",
        "coordinates": [
          [
            73.8303074,
            18.5114493
          ],
          [
            73.8317421,
            18.5111611
          ]
        ]
      },
      "id": "way/208588884"
    },
    {
      "type": "Feature",
      "properties": {
        "@id": "way/208588885",
        "highway": "residential"
      },
      "geometry": {
        "type": "LineString",
        "coordinates": [
          [
            73.8303978,
            18.5119307
          ],
          [
            73.8316375,
            18.5116949
          ]
        ]
      },
      "id": "way/208588885"
    },
    {
      "type": "Feature",
      "properties": {
        "@id": "way/208588886",
        "highway": "residential"
      },
      "geometry": {
        "type": "LineString",
        "coordinates": [
          [
            73.8304812,
            18.512375
          ],
          [
            73.831593,
            18.5121659
          ],
          [
            73.8322108,
            18.5120471
          ]
        ]
      },
      "id": "way/208588886"
    },
    {
      "type": "Feature",
      "properties": {
        "@id": "way/208588887",
        "highway": "residential"
      },
      "geometry": {
        "type": "LineString",
        "coordinates": [
          [
            73.8347001,
            18.5127648
          ],
          [
            73.8353251,
            18.5136301
          ],
          [
            73.8355116,
            18.5136789
          ]
        ]
      },
      "id": "way/208588887"
    },
    {
      "type": "Feature",
      "properties": {
        "@id": "way/208588888",
        "highway": "residential"
      },
      "geometry": {
        "type": "LineString",
        "coordinates": [
          [
            73.8337127,
            18.5136049
          ],
          [
            73.8346682,
            18.5134238
          ]
        ]
      },
      "id": "way/208588888"
    },
    {
      "type": "Feature",
      "properties": {
        "@id": "way/208588889",
        "highway": "residential",
        "name": "Pa. Pu. Vasudevashram Path",
        "name:mr": "प. पू. वासुदेवाश्रम पथ"
      },
      "geometry": {
        "type": "LineString",
        "coordinates": [
          [
            73.8322714,
            18.5098081
          ],
          [
            73.8333568,
            18.5102289
          ],
          [
            73.8338911,
            18.5103722
          ]
        ]
      },
      "id": "way/208588889"
    },
    {
      "type": "Feature",
      "properties": {
        "@id": "way/208588892",
        "highway": "residential",
        "name": "Uttam Thorat Colony Path",
        "name:mr": "उत्तम थोरात कॉलनी पथ"
      },
      "geometry": {
        "type": "LineString",
        "coordinates": [
          [
            73.8308401,
            18.5132841
          ],
          [
            73.8315959,
            18.5131442
          ],
          [
            73.8335529,
            18.5127725
          ]
        ]
      },
      "id": "way/208588892"
    },
    {
      "type": "Feature",
      "properties": {
        "@id": "way/208588893",
        "highway": "residential"
      },
      "geometry": {
        "type": "LineString",
        "coordinates": [
          [
            73.8340315,
            18.5054298
          ],
          [
            73.8343288,
            18.505424
          ],
          [
            73.834576,
            18.5054655
          ],
          [
            73.834703,
            18.5055392
          ]
        ]
      },
      "id": "way/208588893"
    },
    {
      "type": "Feature",
      "properties": {
        "@id": "way/208588894",
        "highway": "residential"
      },
      "geometry": {
        "type": "LineString",
        "coordinates": [
          [
            73.834703,
            18.5055392
          ],
          [
            73.8346215,
            18.5056247
          ],
          [
            73.8345773,
            18.5057422
          ],
          [
            73.8345773,
            18.5065229
          ]
        ]
      },
      "id": "way/208588894"
    },
    {
      "type": "Feature",
      "properties": {
        "@id": "way/208588895",
        "highway": "residential",
        "name": "Gangaram Dhanvat Path"
      },
      "geometry": {
        "type": "LineString",
        "coordinates": [
          [
            73.8339757,
            18.5047363
          ],
          [
            73.8340063,
            18.5048397
          ],
          [
            73.834018,
            18.5051132
          ],
          [
            73.8340315,
            18.5054298
          ],
          [
            73.8340438,
            18.5057157
          ],
          [
            73.8340768,
            18.5064867
          ]
        ]
      },
      "id": "way/208588895"
    },
    {
      "type": "Feature",
      "properties": {
        "@id": "way/208588896",
        "highway": "residential",
        "name": "Lane 9",
        "oneway": "no"
      },
      "geometry": {
        "type": "LineString",
        "coordinates": [
          [
            73.8366571,
            18.5113644
          ],
          [
            73.8366334,
            18.5114047
          ],
          [
            73.8364939,
            18.5116418
          ],
          [
            73.8363679,
            18.511856
          ],
          [
            73.8362996,
            18.5120366
          ],
          [
            73.8361969,
            18.5122117
          ],
          [
            73.8359131,
            18.5125623
          ],
          [
            73.8357284,
            18.5128457
          ],
          [
            73.8356372,
            18.5130983
          ],
          [
            73.8355885,
            18.5134018
          ],
          [
            73.8355116,
            18.5136789
          ],
          [
            73.8355252,
            18.5139677
          ]
        ]
      },
      "id": "way/208588896"
    },
    {
      "type": "Feature",
      "properties": {
        "@id": "way/208588897",
        "highway": "residential"
      },
      "geometry": {
        "type": "LineString",
        "coordinates": [
          [
            73.8348766,
            18.5068398
          ],
          [
            73.8348623,
            18.5064003
          ],
          [
            73.8348384,
            18.5056666
          ],
          [
            73.8347809,
            18.5055869
          ],
          [
            73.834703,
            18.5055392
          ]
        ]
      },
      "id": "way/208588897"
    },
    {
      "type": "Feature",
      "properties": {
        "@id": "way/208588898",
        "highway": "residential",
        "name": "Jayaram Shiledar Path",
        "name:etymology:wikidata": "Q100741785"
      },
      "geometry": {
        "type": "LineString",
        "coordinates": [
          [
            73.8363679,
            18.511856
          ],
          [
            73.8361429,
            18.511749
          ],
          [
            73.8361282,
            18.5117467
          ],
          [
            73.8361165,
            18.5117485
          ],
          [
            73.8361041,
            18.5117558
          ],
          [
            73.8360965,
            18.5117671
          ],
          [
            73.8359843,
            18.5120035
          ],
          [
            73.8358596,
            18.5121873
          ],
          [
            73.835656,
            18.5123902
          ],
          [
            73.8352744,
            18.5125304
          ],
          [
            73.8347001,
            18.5127648
          ],
          [
            73.834419,
            18.5128634
          ],
          [
            73.8341291,
            18.5129285
          ],
          [
            73.8335924,
            18.5130127
          ]
        ]
      },
      "id": "way/208588898"
    },
    {
      "type": "Feature",
      "properties": {
        "@id": "way/208958224",
        "highway": "residential",
        "name": "Shramasafalya Society Road"
      },
      "geometry": {
        "type": "LineString",
        "coordinates": [
          [
            73.8304707,
            18.504688
          ],
          [
            73.8304856,
            18.5046399
          ],
          [
            73.8304905,
            18.503908
          ],
          [
            73.830534,
            18.5038604
          ]
        ]
      },
      "id": "way/208958224"
    },
    {
      "type": "Feature",
      "properties": {
        "@id": "way/209063060",
        "highway": "residential",
        "name": "Manohar Mahadev More Path",
        "name:mr": "मनोहर महादेव मोरे पथ"
      },
      "geometry": {
        "type": "LineString",
        "coordinates": [
          [
            73.8405961,
            18.5140023
          ],
          [
            73.8406058,
            18.514058
          ],
          [
            73.8406333,
            18.5142164
          ],
          [
            73.8406478,
            18.5143001
          ],
          [
            73.8406553,
            18.5143186
          ],
          [
            73.8406722,
            18.5143318
          ],
          [
            73.8406929,
            18.5143404
          ],
          [
            73.8407124,
            18.5143418
          ],
          [
            73.8410222,
            18.5143084
          ],
          [
            73.8410706,
            18.514307
          ],
          [
            73.8411515,
            18.5143153
          ],
          [
            73.8412239,
            18.514333
          ],
          [
            73.8412918,
            18.5143509
          ],
          [
            73.8413617,
            18.5143786
          ],
          [
            73.8414262,
            18.5144105
          ],
          [
            73.8414856,
            18.5144488
          ],
          [
            73.8415433,
            18.5144888
          ],
          [
            73.841597,
            18.5145342
          ],
          [
            73.8416457,
            18.5145844
          ],
          [
            73.841689,
            18.5146389
          ],
          [
            73.8417264,
            18.5146971
          ],
          [
            73.8417577,
            18.5147586
          ],
          [
            73.8417824,
            18.5148226
          ],
          [
            73.8418004,
            18.5148887
          ],
          [
            73.8418115,
            18.514956
          ],
          [
            73.8418156,
            18.5150242
          ],
          [
            73.8418126,
            18.5150923
          ],
          [
            73.8418026,
            18.5151599
          ],
          [
            73.8417857,
            18.5152262
          ],
          [
            73.8417619,
            18.5152905
          ],
          [
            73.8417317,
            18.5153525
          ],
          [
            73.8415203,
            18.5157335
          ]
        ]
      },
      "id": "way/209063060"
    },
    {
      "type": "Feature",
      "properties": {
        "@id": "way/209063065",
        "highway": "residential",
        "name": "Dattatray Annaji Gangote Path",
        "name:mr": "दत्तात्रय आण्णाजी गनगोटे पथ"
      },
      "geometry": {
        "type": "LineString",
        "coordinates": [
          [
            73.8339892,
            18.516435
          ],
          [
            73.8332639,
            18.5165847
          ],
          [
            73.8327642,
            18.5166898
          ],
          [
            73.832505,
            18.5167689
          ],
          [
            73.8322691,
            18.5168199
          ],
          [
            73.8318724,
            18.5168778
          ]
        ]
      },
      "id": "way/209063065"
    },
    {
      "type": "Feature",
      "properties": {
        "@id": "way/209063077",
        "highway": "residential",
        "name": "Sonumai Joshi Path",
        "name:mr": "सोनुमाई जोशी पथ",
        "surface": "concrete"
      },
      "geometry": {
        "type": "LineString",
        "coordinates": [
          [
            73.8299082,
            18.5177954
          ],
          [
            73.8306255,
            18.5175107
          ],
          [
            73.8307636,
            18.5174732
          ],
          [
            73.831229,
            18.5173468
          ]
        ]
      },
      "id": "way/209063077"
    },
    {
      "type": "Feature",
      "properties": {
        "@id": "way/209063082",
        "highway": "residential"
      },
      "geometry": {
        "type": "LineString",
        "coordinates": [
          [
            73.8387056,
            18.519471
          ],
          [
            73.8392009,
            18.5193633
          ],
          [
            73.8401111,
            18.5191991
          ]
        ]
      },
      "id": "way/209063082"
    },
    {
      "type": "Feature",
      "properties": {
        "@id": "way/209063086",
        "highway": "steps",
        "incline": "down"
      },
      "geometry": {
        "type": "LineString",
        "coordinates": [
          [
            73.8389088,
            18.5197617
          ],
          [
            73.8389928,
            18.5198255
          ]
        ]
      },
      "id": "way/209063086"
    },
    {
      "type": "Feature",
      "properties": {
        "@id": "way/209063092",
        "highway": "residential",
        "name": "Sarla Nivruttirao More Path",
        "name:mr": "सरला निवृत्तीराव मोरे पथ",
        "oneway": "no"
      },
      "geometry": {
        "type": "LineString",
        "coordinates": [
          [
            73.8368567,
            18.5139265
          ],
          [
            73.8369627,
            18.5157023
          ],
          [
            73.8369572,
            18.5157219
          ],
          [
            73.8369461,
            18.5157372
          ]
        ]
      },
      "id": "way/209063092"
    },
    {
      "type": "Feature",
      "properties": {
        "@id": "way/209063102",
        "access": "private",
        "highway": "service"
      },
      "geometry": {
        "type": "LineString",
        "coordinates": [
          [
            73.8304918,
            18.5026875
          ],
          [
            73.8304751,
            18.5024085
          ]
        ]
      },
      "id": "way/209063102"
    },
    {
      "type": "Feature",
      "properties": {
        "@id": "way/209063106",
        "highway": "residential"
      },
      "geometry": {
        "type": "LineString",
        "coordinates": [
          [
            73.8396072,
            18.5202375
          ],
          [
            73.8392204,
            18.5202033
          ],
          [
            73.8390313,
            18.5201866
          ],
          [
            73.8390129,
            18.5201803
          ],
          [
            73.8389963,
            18.5201683
          ],
          [
            73.8389829,
            18.5201553
          ],
          [
            73.8389738,
            18.5201398
          ],
          [
            73.8389928,
            18.5198255
          ]
        ]
      },
      "id": "way/209063106"
    },
    {
      "type": "Feature",
      "properties": {
        "@id": "way/209063112",
        "highway": "residential",
        "name": "Abhinav Vidyalay Path",
        "name:mr": "अभिनव विद्यालय पथ"
      },
      "geometry": {
        "type": "LineString",
        "coordinates": [
          [
            73.8286865,
            18.5090662
          ],
          [
            73.8291592,
            18.5093151
          ],
          [
            73.8294884,
            18.5094868
          ],
          [
            73.830073,
            18.5097935
          ]
        ]
      },
      "id": "way/209063112"
    },
    {
      "type": "Feature",
      "properties": {
        "@id": "way/209063115",
        "highway": "residential",
        "name": "Keshav Ramchandra Kanitkar Path",
        "name:mr": "केशव रामचंद्र कानिटकर पथ"
      },
      "geometry": {
        "type": "LineString",
        "coordinates": [
          [
            73.839609,
            18.5205955
          ],
          [
            73.8395943,
            18.5205717
          ],
          [
            73.839588,
            18.5205461
          ],
          [
            73.8396072,
            18.5202375
          ],
          [
            73.8396515,
            18.519719
          ]
        ]
      },
      "id": "way/209063115"
    },
    {
      "type": "Feature",
      "properties": {
        "@id": "way/209063116",
        "highway": "residential"
      },
      "geometry": {
        "type": "LineString",
        "coordinates": [
          [
            73.8366705,
            18.517132
          ],
          [
            73.8375833,
            18.5169505
          ],
          [
            73.8380762,
            18.5168688
          ],
          [
            73.8385572,
            18.516789
          ]
        ]
      },
      "id": "way/209063116"
    },
    {
      "type": "Feature",
      "properties": {
        "@id": "way/209063125",
        "highway": "residential"
      },
      "geometry": {
        "type": "LineString",
        "coordinates": [
          [
            73.8383365,
            18.5179918
          ],
          [
            73.8383007,
            18.5182789
          ],
          [
            73.8381929,
            18.5186091
          ],
          [
            73.8380862,
            18.5188495
          ],
          [
            73.8380651,
            18.5188752
          ],
          [
            73.8380409,
            18.5188918
          ]
        ]
      },
      "id": "way/209063125"
    },
    {
      "type": "Feature",
      "properties": {
        "@id": "way/209063133",
        "highway": "residential",
        "oneway": "yes"
      },
      "geometry": {
        "type": "LineString",
        "coordinates": [
          [
            73.8437704,
            18.5158693
          ],
          [
            73.844427,
            18.5168475
          ],
          [
            73.8444411,
            18.5168867
          ],
          [
            73.8444422,
            18.516916
          ],
          [
            73.8444223,
            18.5169499
          ]
        ]
      },
      "id": "way/209063133"
    },
    {
      "type": "Feature",
      "properties": {
        "@id": "way/209063135",
        "highway": "residential",
        "name": "Vijaysinh Yashvantrao Dabhade Path",
        "name:hi": "विजयसिंह यशवंतराव दाभाडे पथ",
        "name:mr": "विजयसिंह यशवंतराव दाभाडे पथ",
        "surface": "asphalt"
      },
      "geometry": {
        "type": "LineString",
        "coordinates": [
          [
            73.8293003,
            18.5164281
          ],
          [
            73.8297798,
            18.5162329
          ],
          [
            73.8300346,
            18.5161292
          ],
          [
            73.8301977,
            18.516082
          ],
          [
            73.8308062,
            18.516089
          ]
        ]
      },
      "id": "way/209063135"
    },
    {
      "type": "Feature",
      "properties": {
        "@id": "way/209063144",
        "highway": "residential"
      },
      "geometry": {
        "type": "LineString",
        "coordinates": [
          [
            73.8292357,
            18.5099651
          ],
          [
            73.8294884,
            18.5094868
          ],
          [
            73.8297533,
            18.5089855
          ],
          [
            73.8301908,
            18.5082337
          ],
          [
            73.8302175,
            18.5081878
          ]
        ]
      },
      "id": "way/209063144"
    },
    {
      "type": "Feature",
      "properties": {
        "@id": "way/209063145",
        "highway": "cycleway"
      },
      "geometry": {
        "type": "LineString",
        "coordinates": [
          [
            73.8313974,
            18.5147794
          ],
          [
            73.8314104,
            18.5148927
          ],
          [
            73.8313629,
            18.5150838
          ],
          [
            73.8313465,
            18.51516
          ],
          [
            73.8313416,
            18.5152283
          ],
          [
            73.8313646,
            18.5153029
          ],
          [
            73.8313973,
            18.5153666
          ],
          [
            73.8314399,
            18.5154225
          ],
          [
            73.8315038,
            18.5154645
          ],
          [
            73.831902,
            18.5156509
          ],
          [
            73.8319806,
            18.5156898
          ],
          [
            73.8320347,
            18.5157364
          ],
          [
            73.8320839,
            18.5158001
          ],
          [
            73.832115,
            18.5158545
          ],
          [
            73.8321281,
            18.5159213
          ],
          [
            73.832133,
            18.5159943
          ],
          [
            73.8321281,
            18.516058
          ],
          [
            73.8321134,
            18.5161528
          ],
          [
            73.8320822,
            18.5162289
          ],
          [
            73.8318709,
            18.5165676
          ],
          [
            73.8318512,
            18.5166127
          ],
          [
            73.8318348,
            18.5166748
          ],
          [
            73.8318315,
            18.5167276
          ],
          [
            73.8318414,
            18.5167898
          ],
          [
            73.8318724,
            18.5168778
          ],
          [
            73.832056,
            18.5174905
          ],
          [
            73.8320986,
            18.5175759
          ],
          [
            73.8321478,
            18.5176458
          ],
          [
            73.8326115,
            18.5182207
          ],
          [
            73.8326704,
            18.5183108
          ],
          [
            73.8327098,
            18.5183916
          ],
          [
            73.8327491,
            18.5184833
          ],
          [
            73.8327868,
            18.5186091
          ],
          [
            73.8327982,
            18.5186884
          ],
          [
            73.8328041,
            18.5187146
          ]
        ]
      },
      "id": "way/209063145"
    },
    {
      "type": "Feature",
      "properties": {
        "@id": "way/209063151",
        "access": "private",
        "highway": "service"
      },
      "geometry": {
        "type": "LineString",
        "coordinates": [
          [
            73.8295653,
            18.5027027
          ],
          [
            73.8295629,
            18.5024526
          ],
          [
            73.8295665,
            18.5024395
          ],
          [
            73.8295738,
            18.502427
          ],
          [
            73.8295835,
            18.5024198
          ],
          [
            73.829597,
            18.5024154
          ],
          [
            73.8298891,
            18.5024131
          ],
          [
            73.8304751,
            18.5024085
          ],
          [
            73.8309314,
            18.5024005
          ]
        ]
      },
      "id": "way/209063151"
    },
    {
      "type": "Feature",
      "properties": {
        "@id": "way/209063153",
        "highway": "residential"
      },
      "geometry": {
        "type": "LineString",
        "coordinates": [
          [
            73.8328221,
            18.5180878
          ],
          [
            73.8324993,
            18.5175759
          ],
          [
            73.8324055,
            18.5174017
          ],
          [
            73.832339,
            18.5172238
          ],
          [
            73.8322691,
            18.5168199
          ]
        ]
      },
      "id": "way/209063153"
    },
    {
      "type": "Feature",
      "properties": {
        "@id": "way/209063159",
        "highway": "residential",
        "name": "V. D. Ghate Path",
        "name:mr": "वि. द. घाटे पथ"
      },
      "geometry": {
        "type": "LineString",
        "coordinates": [
          [
            73.8389928,
            18.5198255
          ],
          [
            73.8392326,
            18.5197867
          ],
          [
            73.8396515,
            18.519719
          ],
          [
            73.8403542,
            18.5196054
          ],
          [
            73.8407614,
            18.5194995
          ],
          [
            73.8407877,
            18.5194789
          ],
          [
            73.8407931,
            18.5194547
          ],
          [
            73.8407773,
            18.5194074
          ]
        ]
      },
      "id": "way/209063159"
    },
    {
      "type": "Feature",
      "properties": {
        "@id": "way/209172129",
        "highway": "residential"
      },
      "geometry": {
        "type": "LineString",
        "coordinates": [
          [
            73.8380083,
            18.4993724
          ],
          [
            73.8376362,
            18.4993685
          ],
          [
            73.8374861,
            18.4994036
          ],
          [
            73.8374969,
            18.4996591
          ],
          [
            73.8375156,
            18.4997126
          ],
          [
            73.8376433,
            18.500082
          ],
          [
            73.8378418,
            18.5005812
          ],
          [
            73.8378665,
            18.5006065
          ],
          [
            73.837922,
            18.5006124
          ],
          [
            73.8382367,
            18.5006148
          ],
          [
            73.8384266,
            18.5006162
          ],
          [
            73.8387402,
            18.5006186
          ],
          [
            73.839167,
            18.5006219
          ],
          [
            73.8395362,
            18.5006204
          ],
          [
            73.8398095,
            18.5006194
          ],
          [
            73.8405281,
            18.5006169
          ]
        ]
      },
      "id": "way/209172129"
    },
    {
      "type": "Feature",
      "properties": {
        "@id": "way/209172152",
        "highway": "residential"
      },
      "geometry": {
        "type": "LineString",
        "coordinates": [
          [
            73.8312184,
            18.5000724
          ],
          [
            73.8320666,
            18.5000744
          ]
        ]
      },
      "id": "way/209172152"
    },
    {
      "type": "Feature",
      "properties": {
        "@id": "way/209172186",
        "highway": "residential"
      },
      "geometry": {
        "type": "LineString",
        "coordinates": [
          [
            73.8387683,
            18.5000767
          ],
          [
            73.8387918,
            18.4997077
          ],
          [
            73.838796,
            18.4993134
          ]
        ]
      },
      "id": "way/209172186"
    },
    {
      "type": "Feature",
      "properties": {
        "@id": "way/209172188",
        "highway": "residential"
      },
      "geometry": {
        "type": "LineString",
        "coordinates": [
          [
            73.838156,
            18.5003846
          ],
          [
            73.8387402,
            18.5003916
          ]
        ]
      },
      "id": "way/209172188"
    },
    {
      "type": "Feature",
      "properties": {
        "@id": "way/209172214",
        "highway": "residential"
      },
      "geometry": {
        "type": "LineString",
        "coordinates": [
          [
            73.8380601,
            18.5000457
          ],
          [
            73.8380579,
            18.500105
          ],
          [
            73.838156,
            18.5003846
          ],
          [
            73.8382367,
            18.5006148
          ]
        ]
      },
      "id": "way/209172214"
    },
    {
      "type": "Feature",
      "properties": {
        "@id": "way/209172228",
        "access": "private",
        "highway": "service"
      },
      "geometry": {
        "type": "LineString",
        "coordinates": [
          [
            73.8332026,
            18.5001897
          ],
          [
            73.8330061,
            18.500199
          ],
          [
            73.8322041,
            18.5002372
          ],
          [
            73.832187,
            18.5000747
          ],
          [
            73.8321793,
            18.4999705
          ],
          [
            73.8321666,
            18.4996298
          ],
          [
            73.8321663,
            18.4995238
          ],
          [
            73.833047,
            18.4995024
          ]
        ]
      },
      "id": "way/209172228"
    },
    {
      "type": "Feature",
      "properties": {
        "@id": "way/209172230",
        "highway": "residential"
      },
      "geometry": {
        "type": "LineString",
        "coordinates": [
          [
            73.8376433,
            18.500082
          ],
          [
            73.837776,
            18.5000411
          ],
          [
            73.8380601,
            18.5000457
          ],
          [
            73.8387683,
            18.5000767
          ],
          [
            73.8387402,
            18.5003916
          ],
          [
            73.8387402,
            18.5006186
          ]
        ]
      },
      "id": "way/209172230"
    },
    {
      "type": "Feature",
      "properties": {
        "@id": "way/210717985",
        "access": "private",
        "highway": "service"
      },
      "geometry": {
        "type": "LineString",
        "coordinates": [
          [
            73.8451879,
            18.5069272
          ],
          [
            73.8460286,
            18.5069372
          ],
          [
            73.8460806,
            18.5069345
          ],
          [
            73.8461144,
            18.5069078
          ],
          [
            73.8461285,
            18.5068691
          ],
          [
            73.8461299,
            18.5067784
          ],
          [
            73.84612,
            18.5067357
          ],
          [
            73.8461003,
            18.5066943
          ],
          [
            73.8460553,
            18.5066663
          ],
          [
            73.845315,
            18.5066217
          ],
          [
            73.8452076,
            18.5066152
          ]
        ]
      },
      "id": "way/210717985"
    },
    {
      "type": "Feature",
      "properties": {
        "@id": "way/210717988",
        "highway": "residential"
      },
      "geometry": {
        "type": "LineString",
        "coordinates": [
          [
            73.8395309,
            18.5002661
          ],
          [
            73.8405199,
            18.5002686
          ]
        ]
      },
      "id": "way/210717988"
    },
    {
      "type": "Feature",
      "properties": {
        "@id": "way/210717989",
        "highway": "residential"
      },
      "geometry": {
        "type": "LineString",
        "coordinates": [
          [
            73.8395638,
            18.5013521
          ],
          [
            73.8403007,
            18.5013513
          ]
        ]
      },
      "id": "way/210717989"
    },
    {
      "type": "Feature",
      "properties": {
        "@id": "way/210717990",
        "highway": "residential"
      },
      "geometry": {
        "type": "LineString",
        "coordinates": [
          [
            73.8490194,
            18.5025464
          ],
          [
            73.8490662,
            18.5025826
          ]
        ]
      },
      "id": "way/210717990"
    },
    {
      "type": "Feature",
      "properties": {
        "@id": "way/210717992",
        "highway": "residential"
      },
      "geometry": {
        "type": "LineString",
        "coordinates": [
          [
            73.8395796,
            18.5028888
          ],
          [
            73.8395384,
            18.5029093
          ],
          [
            73.8392063,
            18.5029073
          ]
        ]
      },
      "id": "way/210717992"
    },
    {
      "type": "Feature",
      "properties": {
        "@id": "way/210717993",
        "access": "private",
        "highway": "residential",
        "name": "Shivaprasad Housing Society Road"
      },
      "geometry": {
        "type": "LineString",
        "coordinates": [
          [
            73.843468,
            18.5008991
          ],
          [
            73.8427417,
            18.5008768
          ]
        ]
      },
      "id": "way/210717993"
    },
    {
      "type": "Feature",
      "properties": {
        "@id": "way/210717997",
        "highway": "residential",
        "name": "Bapu Eliya Ranbhise Path",
        "name:mr": "बापू एलीया रणभिसे पथ"
      },
      "geometry": {
        "type": "LineString",
        "coordinates": [
          [
            73.8416622,
            18.5049154
          ],
          [
            73.841654,
            18.5059523
          ]
        ]
      },
      "id": "way/210717997"
    },
    {
      "type": "Feature",
      "properties": {
        "@id": "way/210717998",
        "highway": "residential"
      },
      "geometry": {
        "type": "LineString",
        "coordinates": [
          [
            73.84876,
            18.503968
          ],
          [
            73.8498334,
            18.5039799
          ]
        ]
      },
      "id": "way/210717998"
    },
    {
      "type": "Feature",
      "properties": {
        "@id": "way/210717999",
        "bridge": "yes",
        "highway": "residential",
        "layer": "1"
      },
      "geometry": {
        "type": "LineString",
        "coordinates": [
          [
            73.8490662,
            18.5025826
          ],
          [
            73.8491249,
            18.5026311
          ]
        ]
      },
      "id": "way/210717999"
    },
    {
      "type": "Feature",
      "properties": {
        "@id": "way/210718000",
        "highway": "living_street",
        "oneway": "yes"
      },
      "geometry": {
        "type": "LineString",
        "coordinates": [
          [
            73.8430442,
            18.5057575
          ],
          [
            73.8445491,
            18.5059323
          ],
          [
            73.8445894,
            18.505937
          ]
        ]
      },
      "id": "way/210718000"
    },
    {
      "type": "Feature",
      "properties": {
        "@id": "way/210718001",
        "access": "private",
        "highway": "residential",
        "name": "Shivaprasad Housing Society Road"
      },
      "geometry": {
        "type": "LineString",
        "coordinates": [
          [
            73.8427449,
            18.5003747
          ],
          [
            73.8435335,
            18.5004198
          ]
        ]
      },
      "id": "way/210718001"
    },
    {
      "type": "Feature",
      "properties": {
        "@id": "way/210718004",
        "highway": "residential"
      },
      "geometry": {
        "type": "LineString",
        "coordinates": [
          [
            73.8378169,
            18.50129
          ],
          [
            73.8388198,
            18.5012917
          ]
        ]
      },
      "id": "way/210718004"
    },
    {
      "type": "Feature",
      "properties": {
        "@id": "way/210718005",
        "highway": "residential"
      },
      "geometry": {
        "type": "LineString",
        "coordinates": [
          [
            73.8415975,
            18.5069385
          ],
          [
            73.8415706,
            18.5079386
          ]
        ]
      },
      "id": "way/210718005"
    },
    {
      "type": "Feature",
      "properties": {
        "@id": "way/210718006",
        "highway": "residential"
      },
      "geometry": {
        "type": "LineString",
        "coordinates": [
          [
            73.8395707,
            18.5016948
          ],
          [
            73.8402979,
            18.5016917
          ]
        ]
      },
      "id": "way/210718006"
    },
    {
      "type": "Feature",
      "properties": {
        "@id": "way/210718008",
        "highway": "residential"
      },
      "geometry": {
        "type": "LineString",
        "coordinates": [
          [
            73.8375608,
            18.5039397
          ],
          [
            73.8381346,
            18.5039416
          ]
        ]
      },
      "id": "way/210718008"
    },
    {
      "type": "Feature",
      "properties": {
        "@id": "way/210718009",
        "highway": "residential"
      },
      "geometry": {
        "type": "LineString",
        "coordinates": [
          [
            73.8420796,
            18.5058127
          ],
          [
            73.8425948,
            18.5058269
          ]
        ]
      },
      "id": "way/210718009"
    },
    {
      "type": "Feature",
      "properties": {
        "@id": "way/210718011",
        "highway": "residential",
        "name": "Nanasaheb Shendkar Path",
        "name:mr": "नानासाहेब शेंडकर पथ"
      },
      "geometry": {
        "type": "LineString",
        "coordinates": [
          [
            73.8426277,
            18.5068386
          ],
          [
            73.8442816,
            18.5069102
          ],
          [
            73.8443324,
            18.5069124
          ]
        ]
      },
      "id": "way/210718011"
    },
    {
      "type": "Feature",
      "properties": {
        "@id": "way/210718013",
        "highway": "residential"
      },
      "geometry": {
        "type": "LineString",
        "coordinates": [
          [
            73.8378097,
            18.5028829
          ],
          [
            73.8388454,
            18.5028927
          ]
        ]
      },
      "id": "way/210718013"
    },
    {
      "type": "Feature",
      "properties": {
        "@id": "way/210718014",
        "highway": "residential"
      },
      "geometry": {
        "type": "LineString",
        "coordinates": [
          [
            73.8487716,
            18.5034127
          ],
          [
            73.8498372,
            18.5034331
          ]
        ]
      },
      "id": "way/210718014"
    },
    {
      "type": "Feature",
      "properties": {
        "@id": "way/210718019",
        "highway": "residential"
      },
      "geometry": {
        "type": "LineString",
        "coordinates": [
          [
            73.8428822,
            18.5080658
          ],
          [
            73.8428836,
            18.50803
          ],
          [
            73.8429093,
            18.5073966
          ]
        ]
      },
      "id": "way/210718019"
    },
    {
      "type": "Feature",
      "properties": {
        "@id": "way/210718020",
        "highway": "residential"
      },
      "geometry": {
        "type": "LineString",
        "coordinates": [
          [
            73.8384614,
            18.5016265
          ],
          [
            73.8384651,
            18.5025229
          ]
        ]
      },
      "id": "way/210718020"
    },
    {
      "type": "Feature",
      "properties": {
        "@id": "way/210718022",
        "highway": "residential"
      },
      "geometry": {
        "type": "LineString",
        "coordinates": [
          [
            73.8431832,
            18.5042148
          ],
          [
            73.8437221,
            18.5042327
          ],
          [
            73.8441217,
            18.5042508
          ],
          [
            73.844323,
            18.5042709
          ]
        ]
      },
      "id": "way/210718022"
    },
    {
      "type": "Feature",
      "properties": {
        "@id": "way/210718023",
        "bicycle_road": "yes",
        "highway": "residential",
        "oneway": "no",
        "surface": "concrete"
      },
      "geometry": {
        "type": "LineString",
        "coordinates": [
          [
            73.8458282,
            18.5011469
          ],
          [
            73.8458423,
            18.5011189
          ],
          [
            73.8458611,
            18.5010757
          ],
          [
            73.8458898,
            18.5009981
          ],
          [
            73.8460917,
            18.5004293
          ],
          [
            73.8462973,
            18.4999327
          ]
        ]
      },
      "id": "way/210718023"
    },
    {
      "type": "Feature",
      "properties": {
        "@id": "way/210718029",
        "highway": "residential"
      },
      "geometry": {
        "type": "LineString",
        "coordinates": [
          [
            73.8426277,
            18.507382
          ],
          [
            73.8429093,
            18.5073966
          ],
          [
            73.8441404,
            18.5074785
          ],
          [
            73.8441808,
            18.5074814
          ]
        ]
      },
      "id": "way/210718029"
    },
    {
      "type": "Feature",
      "properties": {
        "@id": "way/210718031",
        "highway": "residential"
      },
      "geometry": {
        "type": "LineString",
        "coordinates": [
          [
            73.8427066,
            18.5031503
          ],
          [
            73.8427034,
            18.5035398
          ],
          [
            73.8427014,
            18.5037796
          ],
          [
            73.8426926,
            18.5044529
          ]
        ]
      },
      "id": "way/210718031"
    },
    {
      "type": "Feature",
      "properties": {
        "@id": "way/210718032",
        "highway": "residential"
      },
      "geometry": {
        "type": "LineString",
        "coordinates": [
          [
            73.8378029,
            18.503203
          ],
          [
            73.8378097,
            18.5028829
          ],
          [
            73.8378306,
            18.502597
          ],
          [
            73.8378366,
            18.5025774
          ],
          [
            73.8378453,
            18.5025591
          ]
        ]
      },
      "id": "way/210718032"
    },
    {
      "type": "Feature",
      "properties": {
        "@id": "way/210718034",
        "highway": "residential"
      },
      "geometry": {
        "type": "LineString",
        "coordinates": [
          [
            73.8491249,
            18.5026311
          ],
          [
            73.8498886,
            18.5026368
          ],
          [
            73.8500651,
            18.5026381
          ],
          [
            73.8502155,
            18.502625
          ],
          [
            73.8507869,
            18.5025752
          ]
        ]
      },
      "id": "way/210718034"
    },
    {
      "type": "Feature",
      "properties": {
        "@id": "way/210718035",
        "highway": "residential"
      },
      "geometry": {
        "type": "LineString",
        "coordinates": [
          [
            73.8388328,
            18.5021006
          ],
          [
            73.8392005,
            18.5020944
          ],
          [
            73.8395786,
            18.5020884
          ],
          [
            73.8402947,
            18.5020765
          ]
        ]
      },
      "id": "way/210718035"
    },
    {
      "type": "Feature",
      "properties": {
        "@id": "way/210718036",
        "highway": "residential"
      },
      "geometry": {
        "type": "LineString",
        "coordinates": [
          [
            73.8487544,
            18.5042378
          ],
          [
            73.84876,
            18.503968
          ],
          [
            73.8487643,
            18.5037616
          ],
          [
            73.8487716,
            18.5034127
          ],
          [
            73.8487432,
            18.5031899
          ]
        ]
      },
      "id": "way/210718036"
    },
    {
      "type": "Feature",
      "properties": {
        "@id": "way/210718037",
        "highway": "residential"
      },
      "geometry": {
        "type": "LineString",
        "coordinates": [
          [
            73.8380991,
            18.5025337
          ],
          [
            73.8381104,
            18.501646
          ]
        ]
      },
      "id": "way/210718037"
    },
    {
      "type": "Feature",
      "properties": {
        "@id": "way/210718038",
        "highway": "residential"
      },
      "geometry": {
        "type": "LineString",
        "coordinates": [
          [
            73.8498555,
            18.5030321
          ],
          [
            73.8498372,
            18.5034331
          ],
          [
            73.8498334,
            18.5039799
          ],
          [
            73.8498292,
            18.5043321
          ]
        ]
      },
      "id": "way/210718038"
    },
    {
      "type": "Feature",
      "properties": {
        "@id": "way/210718040",
        "highway": "residential"
      },
      "geometry": {
        "type": "LineString",
        "coordinates": [
          [
            73.8395362,
            18.5006204
          ],
          [
            73.8395309,
            18.5002661
          ],
          [
            73.8395275,
            18.4999412
          ],
          [
            73.839523,
            18.4996039
          ]
        ]
      },
      "id": "way/210718040"
    },
    {
      "type": "Feature",
      "properties": {
        "@id": "way/210718041",
        "highway": "residential",
        "name": "Sharad Pandit Path",
        "name:mr": "शरद पंडित पथ"
      },
      "geometry": {
        "type": "LineString",
        "coordinates": [
          [
            73.8439794,
            18.5082528
          ],
          [
            73.8440779,
            18.5082802
          ],
          [
            73.8441507,
            18.5082923
          ],
          [
            73.844407,
            18.5083351
          ],
          [
            73.8447665,
            18.5083649
          ],
          [
            73.8451173,
            18.508394
          ],
          [
            73.845277,
            18.5084262
          ],
          [
            73.8458416,
            18.5085401
          ],
          [
            73.8459174,
            18.508548
          ],
          [
            73.8462645,
            18.5085841
          ]
        ]
      },
      "id": "way/210718041"
    },
    {
      "type": "Feature",
      "properties": {
        "@id": "way/210718042",
        "highway": "residential"
      },
      "geometry": {
        "type": "LineString",
        "coordinates": [
          [
            73.8483585,
            18.500904
          ],
          [
            73.8483516,
            18.5012042
          ],
          [
            73.8483591,
            18.5012354
          ],
          [
            73.848379,
            18.5012551
          ],
          [
            73.8484152,
            18.5012612
          ],
          [
            73.8490016,
            18.5012584
          ],
          [
            73.8493475,
            18.5012129
          ],
          [
            73.8494294,
            18.5011832
          ],
          [
            73.8494899,
            18.5011433
          ],
          [
            73.8496212,
            18.5010235
          ],
          [
            73.849697,
            18.5009244
          ]
        ]
      },
      "id": "way/210718042"
    },
    {
      "type": "Feature",
      "properties": {
        "@id": "way/210718043",
        "highway": "residential"
      },
      "geometry": {
        "type": "LineString",
        "coordinates": [
          [
            73.8377975,
            18.5035193
          ],
          [
            73.8378029,
            18.503203
          ],
          [
            73.8381492,
            18.5032148
          ],
          [
            73.8384916,
            18.5032237
          ],
          [
            73.8388509,
            18.5032351
          ]
        ]
      },
      "id": "way/210718043"
    },
    {
      "type": "Feature",
      "properties": {
        "@id": "way/210718044",
        "highway": "residential"
      },
      "geometry": {
        "type": "LineString",
        "coordinates": [
          [
            73.8488061,
            18.5006447
          ],
          [
            73.8488575,
            18.5007256
          ],
          [
            73.8489656,
            18.5009489
          ],
          [
            73.8490016,
            18.5012584
          ],
          [
            73.8490054,
            18.5014008
          ],
          [
            73.8489956,
            18.5016529
          ]
        ]
      },
      "id": "way/210718044"
    },
    {
      "type": "Feature",
      "properties": {
        "@id": "way/210718045",
        "highway": "residential"
      },
      "geometry": {
        "type": "LineString",
        "coordinates": [
          [
            73.8451879,
            18.5069272
          ],
          [
            73.8452076,
            18.5066152
          ],
          [
            73.8452267,
            18.5063299
          ]
        ]
      },
      "id": "way/210718045"
    },
    {
      "type": "Feature",
      "properties": {
        "@id": "way/210718046",
        "highway": "residential"
      },
      "geometry": {
        "type": "LineString",
        "coordinates": [
          [
            73.8403006,
            18.5009865
          ],
          [
            73.8403007,
            18.5013513
          ],
          [
            73.8402979,
            18.5016917
          ],
          [
            73.8402947,
            18.5020765
          ],
          [
            73.8402894,
            18.5023716
          ],
          [
            73.8402735,
            18.5023935
          ]
        ]
      },
      "id": "way/210718046"
    },
    {
      "type": "Feature",
      "properties": {
        "@id": "way/210718047",
        "highway": "residential"
      },
      "geometry": {
        "type": "LineString",
        "coordinates": [
          [
            73.8388393,
            18.5025118
          ],
          [
            73.8384651,
            18.5025229
          ],
          [
            73.8380991,
            18.5025337
          ],
          [
            73.8378827,
            18.5025308
          ],
          [
            73.83786,
            18.5025424
          ],
          [
            73.8378453,
            18.5025591
          ]
        ]
      },
      "id": "way/210718047"
    },
    {
      "type": "Feature",
      "properties": {
        "@id": "way/210718048",
        "highway": "residential"
      },
      "geometry": {
        "type": "LineString",
        "coordinates": [
          [
            73.8421931,
            18.5037765
          ],
          [
            73.8427014,
            18.5037796
          ],
          [
            73.8431569,
            18.5037824
          ],
          [
            73.8437409,
            18.5038109
          ],
          [
            73.844219,
            18.5038457
          ],
          [
            73.8444468,
            18.5038713
          ]
        ]
      },
      "id": "way/210718048"
    },
    {
      "type": "Feature",
      "properties": {
        "@id": "way/210718049",
        "highway": "residential"
      },
      "geometry": {
        "type": "LineString",
        "coordinates": [
          [
            73.8411317,
            18.5079362
          ],
          [
            73.8415706,
            18.5079386
          ],
          [
            73.8420102,
            18.5079515
          ]
        ]
      },
      "id": "way/210718049"
    },
    {
      "type": "Feature",
      "properties": {
        "@id": "way/210718050",
        "highway": "residential",
        "name": "M. K. Hardikar Path",
        "name:mr": "म. के. हर्डीकर पथ"
      },
      "geometry": {
        "type": "LineString",
        "coordinates": [
          [
            73.8444018,
            18.5066492
          ],
          [
            73.8426246,
            18.5065226
          ]
        ]
      },
      "id": "way/210718050"
    },
    {
      "type": "Feature",
      "properties": {
        "@id": "way/210718051",
        "highway": "residential"
      },
      "geometry": {
        "type": "LineString",
        "coordinates": [
          [
            73.8374388,
            18.5042747
          ],
          [
            73.8381286,
            18.5042901
          ],
          [
            73.8382244,
            18.5042781
          ],
          [
            73.8384234,
            18.5042713
          ],
          [
            73.8384539,
            18.5042441
          ],
          [
            73.8384754,
            18.5041863
          ],
          [
            73.8384916,
            18.5032237
          ]
        ]
      },
      "id": "way/210718051"
    },
    {
      "type": "Feature",
      "properties": {
        "@id": "way/211087102",
        "highway": "tertiary",
        "lanes": "2",
        "name": "V G alias Abasaheb Patwardhan Road",
        "name:mr": "वि. गो उर्फ़ आबासाहेब पटवर्धन रोड"
      },
      "geometry": {
        "type": "LineString",
        "coordinates": [
          [
            73.8318753,
            18.4982193
          ],
          [
            73.8316587,
            18.4984495
          ],
          [
            73.8313991,
            18.4987597
          ],
          [
            73.8312949,
            18.4988843
          ],
          [
            73.8311692,
            18.4990344
          ],
          [
            73.8311172,
            18.4991067
          ],
          [
            73.8309349,
            18.4993608
          ],
          [
            73.8309003,
            18.4994089
          ],
          [
            73.8308372,
            18.4994968
          ],
          [
            73.8306434,
            18.4997669
          ],
          [
            73.8304235,
            18.5000947
          ],
          [
            73.8303053,
            18.5002712
          ],
          [
            73.8302092,
            18.5004148
          ],
          [
            73.8301774,
            18.5004622
          ],
          [
            73.8301248,
            18.5005286
          ],
          [
            73.8298877,
            18.5008193
          ],
          [
            73.8297231,
            18.5010211
          ],
          [
            73.8295657,
            18.5012275
          ],
          [
            73.8293609,
            18.5014639
          ],
          [
            73.8291725,
            18.5016754
          ],
          [
            73.8290061,
            18.501865
          ],
          [
            73.8288387,
            18.5020711
          ],
          [
            73.8285854,
            18.5024004
          ],
          [
            73.8285617,
            18.5024313
          ],
          [
            73.8285458,
            18.502452
          ]
        ]
      },
      "id": "way/211087102"
    },
    {
      "type": "Feature",
      "properties": {
        "@id": "way/211087117",
        "bridge": "yes",
        "highway": "secondary",
        "lanes": "2",
        "layer": "1",
        "maxspeed": "40",
        "name": "Raveendra Mhatre Bridge",
        "name:etymology:wikidata": "Q7296736",
        "name:mr": "रवींद्र म्हात्रे पूल",
        "oneway": "yes"
      },
      "geometry": {
        "type": "LineString",
        "coordinates": [
          [
            73.8346643,
            18.5045684
          ],
          [
            73.8349263,
            18.5045636
          ]
        ]
      },
      "id": "way/211087117"
    },
    {
      "type": "Feature",
      "properties": {
        "@id": "way/211087139",
        "bridge": "yes",
        "highway": "secondary",
        "lanes": "2",
        "layer": "1",
        "maxspeed": "40",
        "name": "Raveendra Mhatre Bridge",
        "name:etymology:wikidata": "Q7296736",
        "name:mr": "रवींद्र म्हात्रे पूल",
        "oneway": "yes"
      },
      "geometry": {
        "type": "LineString",
        "coordinates": [
          [
            73.8349259,
            18.5044917
          ],
          [
            73.834663,
            18.5044965
          ]
        ]
      },
      "id": "way/211087139"
    },
    {
      "type": "Feature",
      "properties": {
        "@id": "way/211087157",
        "embankment": "yes",
        "highway": "secondary",
        "lanes": "2",
        "maxspeed": "40",
        "name": "Raveendra Mhatre Bridge",
        "name:etymology:wikidata": "Q7296736",
        "name:mr": "रवींद्र म्हात्रे पूल",
        "oneway": "yes"
      },
      "geometry": {
        "type": "LineString",
        "coordinates": [
          [
            73.8349263,
            18.5045636
          ],
          [
            73.83504,
            18.5045645
          ],
          [
            73.8352879,
            18.5045704
          ],
          [
            73.8355667,
            18.5045829
          ]
        ]
      },
      "id": "way/211087157"
    },
    {
      "type": "Feature",
      "properties": {
        "@id": "way/211087161",
        "highway": "secondary",
        "lanes": "2",
        "maxspeed": "40",
        "name": "Amrutrao Khilare Path",
        "name:mr": "अमृतराव खिलारे पथ",
        "oneway": "yes"
      },
      "geometry": {
        "type": "LineString",
        "coordinates": [
          [
            73.834663,
            18.5044965
          ],
          [
            73.8344282,
            18.5045008
          ],
          [
            73.8342406,
            18.5045145
          ],
          [
            73.8340867,
            18.5045442
          ],
          [
            73.8339761,
            18.5045898
          ]
        ]
      },
      "id": "way/211087161"
    },
    {
      "type": "Feature",
      "properties": {
        "@id": "way/211087169",
        "intermittent": "yes",
        "waterway": "stream"
      },
      "geometry": {
        "type": "LineString",
        "coordinates": [
          [
            73.8171086,
            18.4975868
          ],
          [
            73.8171614,
            18.4975738
          ],
          [
            73.8174944,
            18.497541
          ],
          [
            73.8178505,
            18.4975293
          ],
          [
            73.8182469,
            18.4976109
          ],
          [
            73.8185328,
            18.4976624
          ],
          [
            73.8188205,
            18.497699
          ],
          [
            73.8191012,
            18.497709
          ],
          [
            73.8191883,
            18.4977249
          ],
          [
            73.8193889,
            18.4977815
          ],
          [
            73.8196959,
            18.4979091
          ],
          [
            73.8199397,
            18.4980821
          ],
          [
            73.8201344,
            18.4982468
          ],
          [
            73.8203186,
            18.49835
          ],
          [
            73.8205256,
            18.4983849
          ],
          [
            73.8207186,
            18.4983783
          ],
          [
            73.8209641,
            18.4983533
          ],
          [
            73.8211694,
            18.4983051
          ],
          [
            73.8213764,
            18.4982252
          ],
          [
            73.8215904,
            18.4981587
          ],
          [
            73.8217868,
            18.4980988
          ],
          [
            73.8219868,
            18.4980239
          ],
          [
            73.8220605,
            18.4979873
          ],
          [
            73.8221727,
            18.4979674
          ],
          [
            73.8226499,
            18.4976613
          ],
          [
            73.8227498,
            18.4976463
          ],
          [
            73.8230007,
            18.4976846
          ],
          [
            73.8232199,
            18.4977494
          ],
          [
            73.8233322,
            18.4979091
          ],
          [
            73.8235883,
            18.4980273
          ],
          [
            73.82399,
            18.4981138
          ],
          [
            73.8242601,
            18.4981287
          ],
          [
            73.8243549,
            18.4981337
          ],
          [
            73.8245829,
            18.4982269
          ],
          [
            73.8248758,
            18.4982751
          ],
          [
            73.8251776,
            18.4982784
          ],
          [
            73.8254108,
            18.4982967
          ],
          [
            73.8256798,
            18.4984481
          ],
          [
            73.8259154,
            18.4985869
          ],
          [
            73.8261536,
            18.4986316
          ],
          [
            73.8265629,
            18.4985775
          ],
          [
            73.8268085,
            18.4985869
          ],
          [
            73.8271112,
            18.498648
          ],
          [
            73.8274981,
            18.4988574
          ],
          [
            73.8277512,
            18.4989445
          ],
          [
            73.8280737,
            18.4988809
          ],
          [
            73.8289097,
            18.4985563
          ],
          [
            73.8291528,
            18.4983399
          ],
          [
            73.8295844,
            18.4979752
          ],
          [
            73.8300285,
            18.4977
          ],
          [
            73.8302393,
            18.497587
          ],
          [
            73.8304998,
            18.4975988
          ],
          [
            73.8307776,
            18.4976129
          ],
          [
            73.8311547,
            18.49762
          ],
          [
            73.8316037,
            18.4976694
          ],
          [
            73.8318369,
            18.4977752
          ],
          [
            73.8319262,
            18.4980293
          ],
          [
            73.8320329,
            18.4982716
          ],
          [
            73.8323777,
            18.4987704
          ],
          [
            73.832591,
            18.499008
          ],
          [
            73.8328813,
            18.4990738
          ],
          [
            73.8332385,
            18.4990833
          ],
          [
            73.8333229,
            18.4991515
          ],
          [
            73.8333675,
            18.4993303
          ],
          [
            73.8333253,
            18.4998408
          ],
          [
            73.8333005,
            18.5000172
          ],
          [
            73.8333452,
            18.5001137
          ],
          [
            73.8334295,
            18.500156
          ],
          [
            73.8336156,
            18.5002406
          ],
          [
            73.8339654,
            18.5004806
          ],
          [
            73.8340447,
            18.5005676
          ],
          [
            73.8341142,
            18.5008452
          ],
          [
            73.8341564,
            18.5011981
          ],
          [
            73.8341365,
            18.5013416
          ],
          [
            73.8339629,
            18.5021108
          ],
          [
            73.833824,
            18.5024802
          ],
          [
            73.8336826,
            18.5028919
          ],
          [
            73.8336007,
            18.5030942
          ],
          [
            73.8335858,
            18.5037129
          ],
          [
            73.833623,
            18.5037834
          ],
          [
            73.8340398,
            18.5041763
          ],
          [
            73.8342606,
            18.5042869
          ],
          [
            73.8345731,
            18.5043645
          ],
          [
            73.8347418,
            18.504468
          ],
          [
            73.8348932,
            18.5046915
          ],
          [
            73.8352181,
            18.505002
          ],
          [
            73.8354588,
            18.5052114
          ],
          [
            73.8355431,
            18.5054443
          ],
          [
            73.8355778,
            18.5057148
          ],
          [
            73.8356448,
            18.5058983
          ],
          [
            73.8358135,
            18.5059971
          ],
          [
            73.836069,
            18.5061712
          ],
          [
            73.8364957,
            18.5065829
          ],
          [
            73.8369143,
            18.5068393
          ]
        ]
      },
      "id": "way/211087169"
    },
    {
      "type": "Feature",
      "properties": {
        "@id": "way/212751760",
        "highway": "primary",
        "lanes": "3",
        "name": "Tanaji Malusare Path",
        "name:etymology:wikidata": "Q7682239",
        "name:mr": "तानाजी मालुसरे पथ",
        "oneway": "yes"
      },
      "geometry": {
        "type": "LineString",
        "coordinates": [
          [
            73.8518191,
            18.49903
          ],
          [
            73.8517485,
            18.4990165
          ],
          [
            73.8515694,
            18.4989816
          ],
          [
            73.8513855,
            18.4989739
          ],
          [
            73.851255,
            18.4989847
          ],
          [
            73.8511222,
            18.4990174
          ],
          [
            73.8510192,
            18.4990642
          ],
          [
            73.8509058,
            18.4991463
          ],
          [
            73.8507803,
            18.4992584
          ],
          [
            73.8503624,
            18.4995979
          ],
          [
            73.850258,
            18.4996693
          ],
          [
            73.8500527,
            18.4998098
          ],
          [
            73.8499148,
            18.4999058
          ],
          [
            73.8496434,
            18.5000947
          ],
          [
            73.8494581,
            18.5002236
          ],
          [
            73.8493972,
            18.5002629
          ],
          [
            73.849241,
            18.5003638
          ],
          [
            73.8488061,
            18.5006447
          ],
          [
            73.8486879,
            18.5007038
          ],
          [
            73.8485352,
            18.5007584
          ],
          [
            73.8478279,
            18.5009491
          ],
          [
            73.8471654,
            18.5011277
          ],
          [
            73.8470828,
            18.5011442
          ],
          [
            73.8470215,
            18.5011564
          ],
          [
            73.8469228,
            18.501167
          ],
          [
            73.8468029,
            18.5011707
          ],
          [
            73.8466763,
            18.5011746
          ],
          [
            73.8465103,
            18.5011685
          ],
          [
            73.8463065,
            18.501161
          ],
          [
            73.8459119,
            18.5011494
          ],
          [
            73.8458282,
            18.5011469
          ],
          [
            73.8456759,
            18.5011355
          ],
          [
            73.8456647,
            18.5011304
          ]
        ]
      },
      "id": "way/212751760"
    },
    {
      "type": "Feature",
      "properties": {
        "@id": "way/212751768",
        "highway": "footway"
      },
      "geometry": {
        "type": "LineString",
        "coordinates": [
          [
            73.8341365,
            18.5169024
          ],
          [
            73.8340418,
            18.5169119
          ]
        ]
      },
      "id": "way/212751768"
    },
    {
      "type": "Feature",
      "properties": {
        "@id": "way/215075325",
        "highway": "residential"
      },
      "geometry": {
        "type": "LineString",
        "coordinates": [
          [
            73.8352744,
            18.5125304
          ],
          [
            73.8356372,
            18.5130983
          ]
        ]
      },
      "id": "way/215075325"
    },
    {
      "type": "Feature",
      "properties": {
        "@id": "way/215732199",
        "highway": "tertiary",
        "name": "Lane 7"
      },
      "geometry": {
        "type": "LineString",
        "coordinates": [
          [
            73.8366666,
            18.5181007
          ],
          [
            73.8366667,
            18.5178575
          ],
          [
            73.8366746,
            18.517471
          ],
          [
            73.8366736,
            18.5173868
          ],
          [
            73.8366705,
            18.517132
          ],
          [
            73.8366582,
            18.5170069
          ],
          [
            73.8366462,
            18.5168848
          ],
          [
            73.8366414,
            18.5168364
          ],
          [
            73.8365974,
            18.5165351
          ],
          [
            73.8365358,
            18.5162614
          ],
          [
            73.8365202,
            18.5161921
          ],
          [
            73.8364932,
            18.5160722
          ],
          [
            73.8364393,
            18.5158323
          ],
          [
            73.8364296,
            18.5157891
          ],
          [
            73.8363818,
            18.5155347
          ],
          [
            73.8363172,
            18.5151377
          ],
          [
            73.8362627,
            18.5147063
          ],
          [
            73.8362448,
            18.514564
          ],
          [
            73.8362406,
            18.5145309
          ],
          [
            73.8362212,
            18.5142378
          ],
          [
            73.8362191,
            18.5142054
          ],
          [
            73.8362069,
            18.5139216
          ]
        ]
      },
      "id": "way/215732199"
    },
    {
      "type": "Feature",
      "properties": {
        "@id": "way/215732206",
        "highway": "residential",
        "name": "Lane 12",
        "name:mr": "गल्ली १२"
      },
      "geometry": {
        "type": "LineString",
        "coordinates": [
          [
            73.8329125,
            18.5145118
          ],
          [
            73.8330941,
            18.5156141
          ]
        ]
      },
      "id": "way/215732206"
    },
    {
      "type": "Feature",
      "properties": {
        "@id": "way/215732215",
        "highway": "residential",
        "name": "D. G. Dani Path",
        "name:mr": "डी. जी. दाणी पथ",
        "surface": "concrete"
      },
      "geometry": {
        "type": "LineString",
        "coordinates": [
          [
            73.8300655,
            18.5181031
          ],
          [
            73.830511,
            18.5179346
          ],
          [
            73.8307324,
            18.5178509
          ]
        ]
      },
      "id": "way/215732215"
    },
    {
      "type": "Feature",
      "properties": {
        "@id": "way/215732230",
        "highway": "residential",
        "name": "Lane 13",
        "name:mr": "गल्ली १३"
      },
      "geometry": {
        "type": "LineString",
        "coordinates": [
          [
            73.8325649,
            18.5145942
          ],
          [
            73.8326966,
            18.515613
          ]
        ]
      },
      "id": "way/215732230"
    },
    {
      "type": "Feature",
      "properties": {
        "@id": "way/215732231",
        "highway": "residential"
      },
      "geometry": {
        "type": "LineString",
        "coordinates": [
          [
            73.8409382,
            18.5168884
          ],
          [
            73.8410989,
            18.5170788
          ]
        ]
      },
      "id": "way/215732231"
    },
    {
      "type": "Feature",
      "properties": {
        "@id": "way/215732236",
        "highway": "residential"
      },
      "geometry": {
        "type": "LineString",
        "coordinates": [
          [
            73.8361903,
            18.518957
          ],
          [
            73.8361695,
            18.5186021
          ],
          [
            73.8361477,
            18.5182297
          ]
        ]
      },
      "id": "way/215732236"
    },
    {
      "type": "Feature",
      "properties": {
        "@id": "way/215732239",
        "highway": "residential",
        "name": "Sarla Nivruttirao More Path",
        "name:mr": "सरला निवृत्तीराव मोरे पथ",
        "oneway": "no"
      },
      "geometry": {
        "type": "LineString",
        "coordinates": [
          [
            73.8364296,
            18.5157891
          ],
          [
            73.8369057,
            18.5157596
          ],
          [
            73.8369278,
            18.515751
          ],
          [
            73.8369461,
            18.5157372
          ]
        ]
      },
      "id": "way/215732239"
    },
    {
      "type": "Feature",
      "properties": {
        "@id": "way/215732248",
        "highway": "residential"
      },
      "geometry": {
        "type": "LineString",
        "coordinates": [
          [
            73.8400013,
            18.5167808
          ],
          [
            73.840408,
            18.5167313
          ]
        ]
      },
      "id": "way/215732248"
    },
    {
      "type": "Feature",
      "properties": {
        "@id": "way/215732250",
        "access": "private",
        "highway": "service"
      },
      "geometry": {
        "type": "LineString",
        "coordinates": [
          [
            73.8315733,
            18.5189513
          ],
          [
            73.8315815,
            18.5188768
          ],
          [
            73.8316194,
            18.5184591
          ]
        ]
      },
      "id": "way/215732250"
    },
    {
      "type": "Feature",
      "properties": {
        "@id": "way/215732257",
        "highway": "residential",
        "name": "Vivek Ghatpande Marg",
        "name:mr": "विवेक घाटपांडे मार्ग"
      },
      "geometry": {
        "type": "LineString",
        "coordinates": [
          [
            73.8421256,
            18.5187041
          ],
          [
            73.8424237,
            18.5193405
          ]
        ]
      },
      "id": "way/215732257"
    },
    {
      "type": "Feature",
      "properties": {
        "@id": "way/215732260",
        "highway": "residential",
        "name": "V. G. Kale Path",
        "name:mr": "वा. गो. काळे पथ"
      },
      "geometry": {
        "type": "LineString",
        "coordinates": [
          [
            73.8326954,
            18.5187515
          ],
          [
            73.8327875,
            18.519671
          ],
          [
            73.8328523,
            18.5201559
          ]
        ]
      },
      "id": "way/215732260"
    },
    {
      "type": "Feature",
      "properties": {
        "@id": "way/215732263",
        "highway": "residential"
      },
      "geometry": {
        "type": "LineString",
        "coordinates": [
          [
            73.8330467,
            18.5171758
          ],
          [
            73.833138,
            18.5173452
          ],
          [
            73.8333867,
            18.5178068
          ]
        ]
      },
      "id": "way/215732263"
    },
    {
      "type": "Feature",
      "properties": {
        "@id": "way/215732267",
        "highway": "residential",
        "name": "Lane 14 Nanasaheb Rajwade Path"
      },
      "geometry": {
        "type": "LineString",
        "coordinates": [
          [
            73.8319446,
            18.5189191
          ],
          [
            73.8319683,
            18.5187005
          ],
          [
            73.8320553,
            18.5178972
          ]
        ]
      },
      "id": "way/215732267"
    },
    {
      "type": "Feature",
      "properties": {
        "@id": "way/215732268",
        "highway": "residential"
      },
      "geometry": {
        "type": "LineString",
        "coordinates": [
          [
            73.8363172,
            18.5151377
          ],
          [
            73.8355212,
            18.5153029
          ]
        ]
      },
      "id": "way/215732268"
    },
    {
      "type": "Feature",
      "properties": {
        "@id": "way/215732283",
        "highway": "residential"
      },
      "geometry": {
        "type": "LineString",
        "coordinates": [
          [
            73.8451277,
            18.5199953
          ],
          [
            73.8454135,
            18.520392
          ],
          [
            73.8457113,
            18.520804
          ]
        ]
      },
      "id": "way/215732283"
    },
    {
      "type": "Feature",
      "properties": {
        "@id": "way/215732295",
        "highway": "residential"
      },
      "geometry": {
        "type": "LineString",
        "coordinates": [
          [
            73.8306255,
            18.5175107
          ],
          [
            73.8307324,
            18.5178509
          ],
          [
            73.8308473,
            18.5182166
          ]
        ]
      },
      "id": "way/215732295"
    },
    {
      "type": "Feature",
      "properties": {
        "@id": "way/215732316",
        "highway": "residential"
      },
      "geometry": {
        "type": "LineString",
        "coordinates": [
          [
            73.8348663,
            18.5175314
          ],
          [
            73.8348711,
            18.5176118
          ],
          [
            73.8349002,
            18.5180973
          ],
          [
            73.8349034,
            18.51815
          ]
        ]
      },
      "id": "way/215732316"
    },
    {
      "type": "Feature",
      "properties": {
        "@id": "way/215776039",
        "highway": "residential"
      },
      "geometry": {
        "type": "LineString",
        "coordinates": [
          [
            73.8392501,
            18.5054877
          ],
          [
            73.8395467,
            18.505482
          ]
        ]
      },
      "id": "way/215776039"
    },
    {
      "type": "Feature",
      "properties": {
        "@id": "way/215776040",
        "highway": "residential"
      },
      "geometry": {
        "type": "LineString",
        "coordinates": [
          [
            73.8436537,
            18.5048948
          ],
          [
            73.8436347,
            18.5052763
          ]
        ]
      },
      "id": "way/215776040"
    },
    {
      "type": "Feature",
      "properties": {
        "@id": "way/215776042",
        "highway": "residential"
      },
      "geometry": {
        "type": "LineString",
        "coordinates": [
          [
            73.8437409,
            18.5038109
          ],
          [
            73.8437221,
            18.5042327
          ]
        ]
      },
      "id": "way/215776042"
    },
    {
      "type": "Feature",
      "properties": {
        "@id": "way/215776060",
        "access": "private",
        "highway": "service"
      },
      "geometry": {
        "type": "LineString",
        "coordinates": [
          [
            73.8397286,
            18.5066198
          ],
          [
            73.8397271,
            18.5062226
          ]
        ]
      },
      "id": "way/215776060"
    },
    {
      "type": "Feature",
      "properties": {
        "@id": "way/215776080",
        "access": "private",
        "highway": "service"
      },
      "geometry": {
        "type": "LineString",
        "coordinates": [
          [
            73.8400652,
            18.5066171
          ],
          [
            73.8400622,
            18.5062177
          ]
        ]
      },
      "id": "way/215776080"
    },
    {
      "type": "Feature",
      "properties": {
        "@id": "way/215776092",
        "highway": "residential"
      },
      "geometry": {
        "type": "LineString",
        "coordinates": [
          [
            73.8460917,
            18.5004293
          ],
          [
            73.8467941,
            18.500454
          ],
          [
            73.8470638,
            18.5004635
          ],
          [
            73.8477922,
            18.5003829
          ]
        ]
      },
      "id": "way/215776092"
    },
    {
      "type": "Feature",
      "properties": {
        "@id": "way/215776099",
        "highway": "residential"
      },
      "geometry": {
        "type": "LineString",
        "coordinates": [
          [
            73.8432124,
            18.5052767
          ],
          [
            73.8436347,
            18.5052763
          ],
          [
            73.8440897,
            18.5053411
          ]
        ]
      },
      "id": "way/215776099"
    },
    {
      "type": "Feature",
      "properties": {
        "@id": "way/215776150",
        "highway": "residential"
      },
      "geometry": {
        "type": "LineString",
        "coordinates": [
          [
            73.8431627,
            18.50316
          ],
          [
            73.8431569,
            18.5037824
          ],
          [
            73.8431832,
            18.5042148
          ],
          [
            73.8431941,
            18.5044606
          ],
          [
            73.8432119,
            18.5048722
          ],
          [
            73.8432124,
            18.5052767
          ],
          [
            73.8431999,
            18.5054272
          ],
          [
            73.8431839,
            18.5055764
          ]
        ]
      },
      "id": "way/215776150"
    },
    {
      "type": "Feature",
      "properties": {
        "@id": "way/215776173",
        "highway": "residential",
        "oneway": "yes"
      },
      "geometry": {
        "type": "LineString",
        "coordinates": [
          [
            73.8452336,
            18.5032281
          ],
          [
            73.845184,
            18.5032353
          ],
          [
            73.8450696,
            18.503252
          ],
          [
            73.8445049,
            18.5032144
          ],
          [
            73.8441262,
            18.5031987
          ],
          [
            73.8435468,
            18.5031747
          ],
          [
            73.8431627,
            18.50316
          ],
          [
            73.8427396,
            18.503151
          ],
          [
            73.8427066,
            18.5031503
          ],
          [
            73.8422324,
            18.5031426
          ]
        ]
      },
      "id": "way/215776173"
    },
    {
      "type": "Feature",
      "properties": {
        "@id": "way/216506281",
        "direction": "clockwise",
        "highway": "tertiary",
        "junction": "roundabout",
        "name": "Chimaji Appa Peshwe Chowk",
        "name:mr": "चिमाजी अप्पा पेशवे चौक",
        "oneway": "yes"
      },
      "geometry": {
        "type": "LineString",
        "coordinates": [
          [
            73.849541,
            18.5197085
          ],
          [
            73.8495377,
            18.5197303
          ],
          [
            73.849539,
            18.5197524
          ],
          [
            73.8495448,
            18.5197737
          ],
          [
            73.8495548,
            18.5197937
          ],
          [
            73.8495688,
            18.5198113
          ],
          [
            73.8495861,
            18.519826
          ],
          [
            73.8496061,
            18.5198373
          ],
          [
            73.849628,
            18.5198446
          ],
          [
            73.8496511,
            18.5198478
          ],
          [
            73.8496744,
            18.5198466
          ],
          [
            73.8496969,
            18.5198411
          ],
          [
            73.8497179,
            18.5198316
          ],
          [
            73.8497365,
            18.5198183
          ],
          [
            73.8497521,
            18.5198019
          ],
          [
            73.8497639,
            18.5197829
          ],
          [
            73.8497717,
            18.5197621
          ],
          [
            73.849775,
            18.5197403
          ],
          [
            73.8497737,
            18.5197182
          ],
          [
            73.8497679,
            18.5196968
          ],
          [
            73.8497579,
            18.519677
          ],
          [
            73.8497439,
            18.5196593
          ],
          [
            73.8497266,
            18.5196445
          ],
          [
            73.8497066,
            18.5196333
          ],
          [
            73.8496846,
            18.519626
          ],
          [
            73.8496616,
            18.5196228
          ],
          [
            73.8496383,
            18.519624
          ],
          [
            73.8496158,
            18.5196295
          ],
          [
            73.8495948,
            18.519639
          ],
          [
            73.8495762,
            18.5196523
          ],
          [
            73.8495606,
            18.5196687
          ],
          [
            73.8495488,
            18.5196876
          ],
          [
            73.849541,
            18.5197085
          ]
        ]
      },
      "id": "way/216506281"
    },
    {
      "type": "Feature",
      "properties": {
        "@id": "way/216506285",
        "alt_name": "Balagandharva Bridge",
        "alt_name:mr": "बालगंधर्व पूल",
        "highway": "tertiary",
        "name": "Maharshi Vitthal Ramji Shinde Bridge",
        "name:etymology:wikidata": "Q7937284",
        "name:mr": "महर्षी विठ्ठल रामजी शिंदे पूल",
        "oneway": "yes"
      },
      "geometry": {
        "type": "LineString",
        "coordinates": [
          [
            73.8495861,
            18.519826
          ],
          [
            73.849586,
            18.5200261
          ],
          [
            73.8495749,
            18.5201066
          ]
        ]
      },
      "id": "way/216506285"
    },
    {
      "type": "Feature",
      "properties": {
        "@id": "way/217278796",
        "access": "private",
        "highway": "service"
      },
      "geometry": {
        "type": "LineString",
        "coordinates": [
          [
            73.8309533,
            18.5026593
          ],
          [
            73.8312717,
            18.5026407
          ]
        ]
      },
      "id": "way/217278796"
    },
    {
      "type": "Feature",
      "properties": {
        "@id": "way/217278811",
        "access": "private",
        "highway": "service"
      },
      "geometry": {
        "type": "LineString",
        "coordinates": [
          [
            73.8310066,
            18.5032887
          ],
          [
            73.8313657,
            18.5032593
          ]
        ]
      },
      "id": "way/217278811"
    },
    {
      "type": "Feature",
      "properties": {
        "@id": "way/217278815",
        "highway": "residential"
      },
      "geometry": {
        "type": "LineString",
        "coordinates": [
          [
            73.8339959,
            18.5114711
          ],
          [
            73.8343693,
            18.5122734
          ]
        ]
      },
      "id": "way/217278815"
    },
    {
      "type": "Feature",
      "properties": {
        "@id": "way/217278817",
        "highway": "residential"
      },
      "geometry": {
        "type": "LineString",
        "coordinates": [
          [
            73.8381388,
            18.5153254
          ],
          [
            73.8391405,
            18.5151323
          ]
        ]
      },
      "id": "way/217278817"
    },
    {
      "type": "Feature",
      "properties": {
        "@id": "way/217278820",
        "highway": "residential"
      },
      "geometry": {
        "type": "LineString",
        "coordinates": [
          [
            73.8381307,
            18.5145908
          ],
          [
            73.8391907,
            18.5147926
          ]
        ]
      },
      "id": "way/217278820"
    },
    {
      "type": "Feature",
      "properties": {
        "@id": "way/217278827",
        "highway": "residential"
      },
      "geometry": {
        "type": "LineString",
        "coordinates": [
          [
            73.8383386,
            18.515792
          ],
          [
            73.8385808,
            18.5157467
          ],
          [
            73.8387512,
            18.5157148
          ],
          [
            73.8391671,
            18.5156369
          ]
        ]
      },
      "id": "way/217278827"
    },
    {
      "type": "Feature",
      "properties": {
        "@id": "way/217278834",
        "highway": "residential"
      },
      "geometry": {
        "type": "LineString",
        "coordinates": [
          [
            73.8329241,
            18.5117213
          ],
          [
            73.8334916,
            18.511777
          ]
        ]
      },
      "id": "way/217278834"
    },
    {
      "type": "Feature",
      "properties": {
        "@id": "way/217278838",
        "highway": "residential"
      },
      "geometry": {
        "type": "LineString",
        "coordinates": [
          [
            73.8328869,
            18.5122674
          ],
          [
            73.8334756,
            18.5122577
          ]
        ]
      },
      "id": "way/217278838"
    },
    {
      "type": "Feature",
      "properties": {
        "@id": "way/217278845",
        "highway": "residential"
      },
      "geometry": {
        "type": "LineString",
        "coordinates": [
          [
            73.8324233,
            18.511238
          ],
          [
            73.8326428,
            18.5108867
          ]
        ]
      },
      "id": "way/217278845"
    },
    {
      "type": "Feature",
      "properties": {
        "@id": "way/217278850",
        "highway": "residential"
      },
      "geometry": {
        "type": "LineString",
        "coordinates": [
          [
            73.8381388,
            18.5153254
          ],
          [
            73.8381774,
            18.5155746
          ],
          [
            73.8383386,
            18.515792
          ]
        ]
      },
      "id": "way/217278850"
    },
    {
      "type": "Feature",
      "properties": {
        "@id": "way/217278851",
        "highway": "residential"
      },
      "geometry": {
        "type": "LineString",
        "coordinates": [
          [
            73.8300553,
            18.5018441
          ],
          [
            73.8301519,
            18.5015994
          ],
          [
            73.8303799,
            18.50158
          ]
        ]
      },
      "id": "way/217278851"
    },
    {
      "type": "Feature",
      "properties": {
        "@id": "way/217278856",
        "highway": "residential"
      },
      "geometry": {
        "type": "LineString",
        "coordinates": [
          [
            73.8303542,
            18.5012405
          ],
          [
            73.8303628,
            18.5013547
          ],
          [
            73.8303799,
            18.50158
          ],
          [
            73.8304029,
            18.5020335
          ]
        ]
      },
      "id": "way/217278856"
    },
    {
      "type": "Feature",
      "properties": {
        "@id": "way/217278864",
        "highway": "residential"
      },
      "geometry": {
        "type": "LineString",
        "coordinates": [
          [
            73.8366894,
            18.5188165
          ],
          [
            73.836887,
            18.5187852
          ],
          [
            73.8376774,
            18.518755
          ],
          [
            73.8379945,
            18.5188961
          ],
          [
            73.8380177,
            18.5188975
          ],
          [
            73.8380409,
            18.5188918
          ]
        ]
      },
      "id": "way/217278864"
    },
    {
      "type": "Feature",
      "properties": {
        "@id": "way/217278866",
        "highway": "residential"
      },
      "geometry": {
        "type": "LineString",
        "coordinates": [
          [
            73.8402509,
            18.5140331
          ],
          [
            73.8402346,
            18.5139553
          ],
          [
            73.8401892,
            18.5137389
          ],
          [
            73.8401685,
            18.5137082
          ],
          [
            73.840116,
            18.5136787
          ],
          [
            73.8393768,
            18.5137723
          ],
          [
            73.8391057,
            18.5138067
          ]
        ]
      },
      "id": "way/217278866"
    },
    {
      "type": "Feature",
      "properties": {
        "@id": "way/217278868",
        "highway": "residential"
      },
      "geometry": {
        "type": "LineString",
        "coordinates": [
          [
            73.8310445,
            18.5043356
          ],
          [
            73.8309976,
            18.5043801
          ],
          [
            73.8309541,
            18.5044429
          ],
          [
            73.8309603,
            18.5049472
          ]
        ]
      },
      "id": "way/217278868"
    },
    {
      "type": "Feature",
      "properties": {
        "@id": "way/217278880",
        "highway": "residential"
      },
      "geometry": {
        "type": "LineString",
        "coordinates": [
          [
            73.8331168,
            18.5108247
          ],
          [
            73.8329608,
            18.511265
          ],
          [
            73.8329326,
            18.5116076
          ],
          [
            73.8329241,
            18.5117213
          ],
          [
            73.8328761,
            18.5119146
          ],
          [
            73.8328869,
            18.5122674
          ],
          [
            73.8328474,
            18.5123317
          ]
        ]
      },
      "id": "way/217278880"
    },
    {
      "type": "Feature",
      "properties": {
        "@id": "way/217318305",
        "highway": "residential"
      },
      "geometry": {
        "type": "LineString",
        "coordinates": [
          [
            73.8473877,
            18.5011658
          ],
          [
            73.8474253,
            18.5018305
          ]
        ]
      },
      "id": "way/217318305"
    },
    {
      "type": "Feature",
      "properties": {
        "@id": "way/217318308",
        "highway": "residential"
      },
      "geometry": {
        "type": "LineString",
        "coordinates": [
          [
            73.8407686,
            18.5022237
          ],
          [
            73.8407782,
            18.50164
          ],
          [
            73.840789,
            18.5009824
          ]
        ]
      },
      "id": "way/217318308"
    },
    {
      "type": "Feature",
      "properties": {
        "@id": "way/217318309",
        "access": "private",
        "highway": "service"
      },
      "geometry": {
        "type": "LineString",
        "coordinates": [
          [
            73.8476486,
            18.5010913
          ],
          [
            73.8476624,
            18.5013049
          ],
          [
            73.8476917,
            18.5017553
          ],
          [
            73.8478655,
            18.5017358
          ]
        ]
      },
      "id": "way/217318309"
    },
    {
      "type": "Feature",
      "properties": {
        "@id": "way/217318311",
        "highway": "residential"
      },
      "geometry": {
        "type": "LineString",
        "coordinates": [
          [
            73.8395852,
            18.5024161
          ],
          [
            73.8399449,
            18.5024098
          ],
          [
            73.8402435,
            18.5024045
          ],
          [
            73.8402735,
            18.5023935
          ]
        ]
      },
      "id": "way/217318311"
    },
    {
      "type": "Feature",
      "properties": {
        "@id": "way/217318312",
        "highway": "residential"
      },
      "geometry": {
        "type": "LineString",
        "coordinates": [
          [
            73.8492802,
            18.5004533
          ],
          [
            73.8496212,
            18.5010235
          ]
        ]
      },
      "id": "way/217318312"
    },
    {
      "type": "Feature",
      "properties": {
        "@id": "way/217318313",
        "highway": "residential"
      },
      "geometry": {
        "type": "LineString",
        "coordinates": [
          [
            73.8408653,
            18.500381
          ],
          [
            73.8408626,
            18.5001868
          ],
          [
            73.8408584,
            18.4998903
          ],
          [
            73.8408484,
            18.4991807
          ]
        ]
      },
      "id": "way/217318313"
    },
    {
      "type": "Feature",
      "properties": {
        "@id": "way/217318326",
        "access": "private",
        "highway": "service"
      },
      "geometry": {
        "type": "LineString",
        "coordinates": [
          [
            73.8478521,
            18.5010332
          ],
          [
            73.8478566,
            18.5012681
          ],
          [
            73.8478655,
            18.5017358
          ]
        ]
      },
      "id": "way/217318326"
    },
    {
      "type": "Feature",
      "properties": {
        "@id": "way/217384610",
        "highway": "residential",
        "oneway": "yes"
      },
      "geometry": {
        "type": "LineString",
        "coordinates": [
          [
            73.8465504,
            18.5112539
          ],
          [
            73.8466306,
            18.5106064
          ],
          [
            73.8466767,
            18.5102348
          ]
        ]
      },
      "id": "way/217384610"
    },
    {
      "type": "Feature",
      "properties": {
        "@id": "way/217384613",
        "highway": "residential",
        "name": "Baburao Ganpat Virkar Path",
        "name:mr": "बाबूराव गणपत वीरकर पथ"
      },
      "geometry": {
        "type": "LineString",
        "coordinates": [
          [
            73.84705,
            18.5152203
          ],
          [
            73.8469978,
            18.5153471
          ],
          [
            73.8468129,
            18.5158043
          ]
        ]
      },
      "id": "way/217384613"
    },
    {
      "type": "Feature",
      "properties": {
        "@id": "way/217384614",
        "highway": "residential"
      },
      "geometry": {
        "type": "LineString",
        "coordinates": [
          [
            73.8485946,
            18.5190861
          ],
          [
            73.8485974,
            18.5192746
          ],
          [
            73.8486112,
            18.5194413
          ],
          [
            73.8486501,
            18.5199455
          ]
        ]
      },
      "id": "way/217384614"
    },
    {
      "type": "Feature",
      "properties": {
        "@id": "way/217384617",
        "highway": "residential",
        "name": "Wamanrao Shedge Path",
        "name:mr": "वामनराव शेडगे पथ"
      },
      "geometry": {
        "type": "LineString",
        "coordinates": [
          [
            73.8477379,
            18.5103685
          ],
          [
            73.8477754,
            18.5101268
          ],
          [
            73.8477952,
            18.5101003
          ],
          [
            73.8478416,
            18.5100852
          ],
          [
            73.8480426,
            18.510097
          ],
          [
            73.8484579,
            18.5101551
          ],
          [
            73.8486624,
            18.5102024
          ],
          [
            73.8488761,
            18.5102269
          ]
        ]
      },
      "id": "way/217384617"
    },
    {
      "type": "Feature",
      "properties": {
        "@id": "way/217384620",
        "highway": "residential"
      },
      "geometry": {
        "type": "LineString",
        "coordinates": [
          [
            73.8464112,
            18.5146339
          ],
          [
            73.8465544,
            18.5144981
          ],
          [
            73.8466396,
            18.5144334
          ],
          [
            73.846742,
            18.5143526
          ],
          [
            73.8468083,
            18.5142879
          ],
          [
            73.8468386,
            18.514234
          ],
          [
            73.8468576,
            18.5141729
          ],
          [
            73.8468985,
            18.5139281
          ],
          [
            73.8469163,
            18.5138217
          ]
        ]
      },
      "id": "way/217384620"
    },
    {
      "type": "Feature",
      "properties": {
        "@id": "way/217431355",
        "alt_name": "FC Road",
        "highway": "primary",
        "lanes": "2",
        "lit": "yes",
        "name": "Gopal Krushna Gokhale Path",
        "name:etymology:wikidata": "Q313299",
        "name:mr": "गोपाळ कृष्ण गोखले पथ",
        "oneway": "yes",
        "ref": "SH60",
        "surface": "asphalt"
      },
      "geometry": {
        "type": "LineString",
        "coordinates": [
          [
            73.8420954,
            18.5154719
          ],
          [
            73.8420323,
            18.5156952
          ]
        ]
      },
      "id": "way/217431355"
    },
    {
      "type": "Feature",
      "properties": {
        "@id": "way/217431356",
        "alt_name": "FC Road",
        "highway": "primary",
        "lanes": "2",
        "lit": "yes",
        "name": "Gopal Krushna Gokhale Path",
        "name:etymology:wikidata": "Q313299",
        "name:mr": "गोपाळ कृष्ण गोखले पथ",
        "oneway": "yes",
        "ref": "SH60",
        "surface": "asphalt"
      },
      "geometry": {
        "type": "LineString",
        "coordinates": [
          [
            73.8420323,
            18.5156952
          ],
          [
            73.8420199,
            18.515744
          ],
          [
            73.8419601,
            18.5160631
          ]
        ]
      },
      "id": "way/217431356"
    },
    {
      "type": "Feature",
      "properties": {
        "@id": "way/217431357",
        "alt_name": "JM Road",
        "highway": "primary",
        "lanes": "4",
        "name": "Jangli Maharaj Path",
        "name:etymology:wikidata": "Q6153993",
        "name:mr": "जंगली महाराज पथ",
        "oneway": "yes",
        "ref": "SH60",
        "surface": "asphalt"
      },
      "geometry": {
        "type": "LineString",
        "coordinates": [
          [
            73.84776,
            18.522334
          ],
          [
            73.8477133,
            18.5222841
          ],
          [
            73.8472873,
            18.521802
          ],
          [
            73.8467783,
            18.5211909
          ],
          [
            73.8462268,
            18.5205121
          ],
          [
            73.8461982,
            18.5204755
          ],
          [
            73.8459681,
            18.5201809
          ],
          [
            73.8459313,
            18.5201337
          ],
          [
            73.845741,
            18.5199074
          ],
          [
            73.8455859,
            18.5197229
          ],
          [
            73.8455402,
            18.5196671
          ],
          [
            73.8455096,
            18.5196297
          ],
          [
            73.8452299,
            18.5192878
          ],
          [
            73.8452166,
            18.5192716
          ],
          [
            73.8450745,
            18.5190977
          ],
          [
            73.845058,
            18.5190779
          ],
          [
            73.8449453,
            18.518943
          ],
          [
            73.8448748,
            18.5188597
          ],
          [
            73.8445137,
            18.5184331
          ],
          [
            73.844453,
            18.5183614
          ],
          [
            73.8443332,
            18.5182265
          ],
          [
            73.8441676,
            18.51804
          ],
          [
            73.8440581,
            18.5179167
          ],
          [
            73.8439365,
            18.5177797
          ],
          [
            73.8438682,
            18.5177042
          ],
          [
            73.843389,
            18.5171739
          ],
          [
            73.8433202,
            18.5170977
          ],
          [
            73.843278,
            18.5170442
          ],
          [
            73.8431972,
            18.5169421
          ],
          [
            73.8431323,
            18.5168602
          ],
          [
            73.8429832,
            18.5166679
          ],
          [
            73.8428465,
            18.5164965
          ],
          [
            73.8426665,
            18.5162708
          ],
          [
            73.8426276,
            18.5162175
          ],
          [
            73.8425655,
            18.5161409
          ],
          [
            73.8424595,
            18.5160044
          ],
          [
            73.8424086,
            18.5159336
          ]
        ]
      },
      "id": "way/217431357"
    },
    {
      "type": "Feature",
      "properties": {
        "@id": "way/217431358",
        "alt_name": "FC Road",
        "highway": "primary",
        "lanes": "2",
        "lit": "yes",
        "name": "Gopal Krushna Gokhale Path",
        "name:etymology:wikidata": "Q313299",
        "name:mr": "गोपाळ कृष्ण गोखले पथ",
        "oneway": "yes",
        "ref": "SH60",
        "surface": "asphalt"
      },
      "geometry": {
        "type": "LineString",
        "coordinates": [
          [
            73.8422851,
            18.5157436
          ],
          [
            73.842248,
            18.515677
          ],
          [
            73.842223,
            18.5156314
          ],
          [
            73.8422064,
            18.5155789
          ],
          [
            73.842195,
            18.5154916
          ]
        ]
      },
      "id": "way/217431358"
    },
    {
      "type": "Feature",
      "properties": {
        "@id": "way/217431366",
        "highway": "residential"
      },
      "geometry": {
        "type": "LineString",
        "coordinates": [
          [
            73.842198,
            18.5154498
          ],
          [
            73.8422736,
            18.515436
          ],
          [
            73.8424098,
            18.5154112
          ],
          [
            73.8426671,
            18.5153227
          ],
          [
            73.8427179,
            18.5153052
          ],
          [
            73.842744,
            18.5153048
          ],
          [
            73.8427665,
            18.5153134
          ],
          [
            73.8427817,
            18.5153321
          ],
          [
            73.8428403,
            18.5154564
          ],
          [
            73.8428647,
            18.5155106
          ],
          [
            73.8428807,
            18.5155661
          ],
          [
            73.8429045,
            18.515644
          ],
          [
            73.8429198,
            18.5156675
          ],
          [
            73.8429365,
            18.5156795
          ],
          [
            73.8429662,
            18.5156867
          ],
          [
            73.8430274,
            18.5156807
          ],
          [
            73.843056,
            18.515685
          ],
          [
            73.8430723,
            18.515699
          ],
          [
            73.843081,
            18.515722
          ],
          [
            73.8431155,
            18.5158916
          ],
          [
            73.8431291,
            18.5159088
          ],
          [
            73.8431569,
            18.5159147
          ],
          [
            73.8432412,
            18.5158962
          ]
        ]
      },
      "id": "way/217431366"
    },
    {
      "type": "Feature",
      "properties": {
        "@id": "way/217431367",
        "highway": "primary_link",
        "lanes": "2",
        "lit": "yes",
        "oneway": "yes",
        "surface": "asphalt"
      },
      "geometry": {
        "type": "LineString",
        "coordinates": [
          [
            73.8420429,
            18.5158823
          ],
          [
            73.8419601,
            18.5160631
          ]
        ]
      },
      "id": "way/217431367"
    },
    {
      "type": "Feature",
      "properties": {
        "@id": "way/217431369",
        "highway": "footway",
        "surface": "paving_stones"
      },
      "geometry": {
        "type": "LineString",
        "coordinates": [
          [
            73.8421619,
            18.5158528
          ],
          [
            73.8421633,
            18.5157994
          ],
          [
            73.8421647,
            18.5157481
          ]
        ]
      },
      "id": "way/217431369"
    },
    {
      "type": "Feature",
      "properties": {
        "@id": "way/217431370",
        "highway": "footway",
        "surface": "asphalt"
      },
      "geometry": {
        "type": "LineString",
        "coordinates": [
          [
            73.8421839,
            18.515691
          ],
          [
            73.8423131,
            18.5156412
          ]
        ]
      },
      "id": "way/217431370"
    },
    {
      "type": "Feature",
      "properties": {
        "@id": "way/217431372",
        "access": "private",
        "highway": "service"
      },
      "geometry": {
        "type": "LineString",
        "coordinates": [
          [
            73.8432412,
            18.5158962
          ],
          [
            73.8432906,
            18.5160159
          ],
          [
            73.8433092,
            18.516061
          ]
        ]
      },
      "id": "way/217431372"
    },
    {
      "type": "Feature",
      "properties": {
        "@id": "way/217431373",
        "highway": "footway",
        "surface": "asphalt"
      },
      "geometry": {
        "type": "LineString",
        "coordinates": [
          [
            73.8406058,
            18.514058
          ],
          [
            73.8414137,
            18.5139274
          ],
          [
            73.8414222,
            18.513926
          ],
          [
            73.8414805,
            18.5139247
          ],
          [
            73.8415279,
            18.5139427
          ],
          [
            73.8420212,
            18.5144439
          ],
          [
            73.842112,
            18.5145492
          ],
          [
            73.8421577,
            18.5146033
          ],
          [
            73.8422163,
            18.5146726
          ],
          [
            73.8422326,
            18.5147137
          ],
          [
            73.8422299,
            18.5147497
          ],
          [
            73.8422069,
            18.5148409
          ],
          [
            73.842065,
            18.5153792
          ],
          [
            73.8420297,
            18.5154959
          ],
          [
            73.8420114,
            18.5155798
          ],
          [
            73.8420341,
            18.5156027
          ]
        ]
      },
      "id": "way/217431373"
    },
    {
      "type": "Feature",
      "properties": {
        "@id": "way/217431375",
        "highway": "footway",
        "surface": "asphalt"
      },
      "geometry": {
        "type": "LineString",
        "coordinates": [
          [
            73.8423131,
            18.5156412
          ],
          [
            73.8423449,
            18.5156951
          ],
          [
            73.8423918,
            18.5157491
          ]
        ]
      },
      "id": "way/217431375"
    },
    {
      "type": "Feature",
      "properties": {
        "@id": "way/217431377",
        "highway": "residential"
      },
      "geometry": {
        "type": "LineString",
        "coordinates": [
          [
            73.8429666,
            18.5147018
          ],
          [
            73.8436596,
            18.5156983
          ],
          [
            73.8437704,
            18.5158693
          ]
        ]
      },
      "id": "way/217431377"
    },
    {
      "type": "Feature",
      "properties": {
        "@id": "way/217431378",
        "highway": "footway",
        "surface": "asphalt"
      },
      "geometry": {
        "type": "LineString",
        "coordinates": [
          [
            73.8423131,
            18.5156412
          ],
          [
            73.8422909,
            18.5155927
          ],
          [
            73.8422793,
            18.5155406
          ],
          [
            73.8422736,
            18.515436
          ]
        ]
      },
      "id": "way/217431378"
    },
    {
      "type": "Feature",
      "properties": {
        "@id": "way/217431380",
        "highway": "residential"
      },
      "geometry": {
        "type": "LineString",
        "coordinates": [
          [
            73.8454372,
            18.5187897
          ],
          [
            73.8452585,
            18.5184787
          ],
          [
            73.8451083,
            18.5181756
          ],
          [
            73.8449907,
            18.517943
          ],
          [
            73.8447048,
            18.5174276
          ]
        ]
      },
      "id": "way/217431380"
    },
    {
      "type": "Feature",
      "properties": {
        "@id": "way/217431381",
        "highway": "residential"
      },
      "geometry": {
        "type": "LineString",
        "coordinates": [
          [
            73.8443712,
            18.5175228
          ],
          [
            73.8443991,
            18.5175395
          ],
          [
            73.8444314,
            18.5175443
          ],
          [
            73.8444711,
            18.5175328
          ],
          [
            73.8447048,
            18.5174276
          ]
        ]
      },
      "id": "way/217431381"
    },
    {
      "type": "Feature",
      "properties": {
        "@id": "way/217431382",
        "highway": "residential"
      },
      "geometry": {
        "type": "LineString",
        "coordinates": [
          [
            73.842331,
            18.5149415
          ],
          [
            73.8424383,
            18.514956
          ],
          [
            73.8424676,
            18.51496
          ],
          [
            73.8425066,
            18.5149778
          ],
          [
            73.8425354,
            18.5150065
          ],
          [
            73.8426286,
            18.5152303
          ],
          [
            73.8426671,
            18.5153227
          ]
        ]
      },
      "id": "way/217431382"
    },
    {
      "type": "Feature",
      "properties": {
        "@id": "way/217431383",
        "highway": "primary_link",
        "lanes": "2",
        "lit": "yes",
        "oneway": "yes",
        "surface": "asphalt"
      },
      "geometry": {
        "type": "LineString",
        "coordinates": [
          [
            73.8424086,
            18.5159336
          ],
          [
            73.8423167,
            18.515868
          ]
        ]
      },
      "id": "way/217431383"
    },
    {
      "type": "Feature",
      "properties": {
        "@id": "way/217431384",
        "highway": "residential"
      },
      "geometry": {
        "type": "LineString",
        "coordinates": [
          [
            73.8449453,
            18.518943
          ],
          [
            73.8450515,
            18.5188651
          ],
          [
            73.8451438,
            18.5188218
          ],
          [
            73.8452589,
            18.5187987
          ],
          [
            73.8453331,
            18.5187889
          ],
          [
            73.8454372,
            18.5187897
          ],
          [
            73.8454981,
            18.518807
          ],
          [
            73.8455665,
            18.5188013
          ],
          [
            73.8456843,
            18.5187519
          ]
        ]
      },
      "id": "way/217431384"
    },
    {
      "type": "Feature",
      "properties": {
        "@id": "way/217431385",
        "highway": "footway",
        "surface": "paving_stones"
      },
      "geometry": {
        "type": "LineString",
        "coordinates": [
          [
            73.8420043,
            18.5161899
          ],
          [
            73.8420432,
            18.5160341
          ],
          [
            73.8420789,
            18.5159153
          ],
          [
            73.8421011,
            18.515876
          ],
          [
            73.8421367,
            18.5158541
          ],
          [
            73.8421619,
            18.5158528
          ],
          [
            73.8421907,
            18.5158514
          ],
          [
            73.8422302,
            18.5158724
          ],
          [
            73.842315,
            18.515972
          ],
          [
            73.8424488,
            18.5161511
          ]
        ]
      },
      "id": "way/217431385"
    },
    {
      "type": "Feature",
      "properties": {
        "@id": "way/217431386",
        "highway": "footway",
        "surface": "asphalt"
      },
      "geometry": {
        "type": "LineString",
        "coordinates": [
          [
            73.8421284,
            18.5156521
          ],
          [
            73.8421606,
            18.5156544
          ],
          [
            73.8421839,
            18.515691
          ],
          [
            73.8421945,
            18.5157077
          ],
          [
            73.8421823,
            18.5157353
          ],
          [
            73.8421647,
            18.5157481
          ],
          [
            73.8421399,
            18.5157449
          ],
          [
            73.8420994,
            18.5156987
          ],
          [
            73.842104,
            18.5156732
          ],
          [
            73.8421284,
            18.5156521
          ]
        ]
      },
      "id": "way/217431386"
    },
    {
      "type": "Feature",
      "properties": {
        "@id": "way/217773604",
        "bicycle": "yes",
        "cycleway": "no",
        "foot": "yes",
        "highway": "residential",
        "name": "Barrister Gadgil Street",
        "name:mr": "बॅरिस्टर गाडगीळ स्ट्रीट",
        "oneway": "no"
      },
      "geometry": {
        "type": "LineString",
        "coordinates": [
          [
            73.8474021,
            18.5124798
          ],
          [
            73.8485768,
            18.5126036
          ],
          [
            73.8502778,
            18.5128117
          ],
          [
            73.8524656,
            18.5130635
          ]
        ]
      },
      "id": "way/217773604"
    },
    {
      "type": "Feature",
      "properties": {
        "@id": "way/217773623",
        "highway": "residential",
        "name": "Vedacharya Phatak Guruji Marg",
        "name:mr": "वेदाचार्य फाटक गुरुजी मार्ग"
      },
      "geometry": {
        "type": "LineString",
        "coordinates": [
          [
            73.8474539,
            18.5120672
          ],
          [
            73.8486293,
            18.5121778
          ],
          [
            73.8495417,
            18.5122877
          ],
          [
            73.8501961,
            18.5123577
          ]
        ]
      },
      "id": "way/217773623"
    },
    {
      "type": "Feature",
      "properties": {
        "@id": "way/217773632",
        "highway": "residential"
      },
      "geometry": {
        "type": "LineString",
        "coordinates": [
          [
            73.8474392,
            18.514368
          ],
          [
            73.8473846,
            18.515236
          ]
        ]
      },
      "id": "way/217773632"
    },
    {
      "type": "Feature",
      "properties": {
        "@id": "way/217773639",
        "highway": "service"
      },
      "geometry": {
        "type": "LineString",
        "coordinates": [
          [
            73.8471178,
            18.5091963
          ],
          [
            73.847052,
            18.5096042
          ]
        ]
      },
      "id": "way/217773639"
    },
    {
      "type": "Feature",
      "properties": {
        "@id": "way/217773640",
        "highway": "residential"
      },
      "geometry": {
        "type": "LineString",
        "coordinates": [
          [
            73.8482808,
            18.507917
          ],
          [
            73.8481861,
            18.5085112
          ]
        ]
      },
      "id": "way/217773640"
    },
    {
      "type": "Feature",
      "properties": {
        "@id": "way/217773642",
        "access": "private",
        "highway": "service"
      },
      "geometry": {
        "type": "LineString",
        "coordinates": [
          [
            73.8497813,
            18.5162908
          ],
          [
            73.8497809,
            18.516627
          ],
          [
            73.8497806,
            18.5168686
          ]
        ]
      },
      "id": "way/217773642"
    },
    {
      "type": "Feature",
      "properties": {
        "@id": "way/217773644",
        "highway": "service"
      },
      "geometry": {
        "type": "LineString",
        "coordinates": [
          [
            73.846712,
            18.5099761
          ],
          [
            73.8463882,
            18.5099433
          ],
          [
            73.8460843,
            18.5099179
          ]
        ]
      },
      "id": "way/217773644"
    },
    {
      "type": "Feature",
      "properties": {
        "@id": "way/217773645",
        "highway": "service"
      },
      "geometry": {
        "type": "LineString",
        "coordinates": [
          [
            73.8465137,
            18.5090403
          ],
          [
            73.846453,
            18.5094995
          ]
        ]
      },
      "id": "way/217773645"
    },
    {
      "type": "Feature",
      "properties": {
        "@id": "way/217773646",
        "highway": "residential"
      },
      "geometry": {
        "type": "LineString",
        "coordinates": [
          [
            73.8489358,
            18.5098554
          ],
          [
            73.8493382,
            18.5099069
          ],
          [
            73.8493844,
            18.5098936
          ],
          [
            73.8494204,
            18.5098692
          ],
          [
            73.8495249,
            18.5097555
          ],
          [
            73.8495585,
            18.5096973
          ],
          [
            73.8495771,
            18.5096261
          ],
          [
            73.8496751,
            18.5090811
          ],
          [
            73.84973,
            18.5086912
          ]
        ]
      },
      "id": "way/217773646"
    },
    {
      "type": "Feature",
      "properties": {
        "@id": "way/217773647",
        "highway": "residential",
        "name": "Audumbar Ali",
        "name:mr": "औदुंबर आळी"
      },
      "geometry": {
        "type": "LineString",
        "coordinates": [
          [
            73.8469949,
            18.5174654
          ],
          [
            73.8474282,
            18.5174436
          ],
          [
            73.847818,
            18.517418
          ],
          [
            73.847923,
            18.5173889
          ],
          [
            73.8481054,
            18.5173456
          ]
        ]
      },
      "id": "way/217773647"
    },
    {
      "type": "Feature",
      "properties": {
        "@id": "way/217773649",
        "highway": "residential",
        "name": "Dhawale Path"
      },
      "geometry": {
        "type": "LineString",
        "coordinates": [
          [
            73.8479781,
            18.5084862
          ],
          [
            73.8479684,
            18.5088531
          ]
        ]
      },
      "id": "way/217773649"
    },
    {
      "type": "Feature",
      "properties": {
        "@id": "way/217773650",
        "highway": "residential",
        "name": "Jaai Bapu Vairat Path",
        "name:mr": "जाई बापू वैराट पथ"
      },
      "geometry": {
        "type": "LineString",
        "coordinates": [
          [
            73.8434914,
            18.5116917
          ],
          [
            73.8435448,
            18.5116697
          ],
          [
            73.8436156,
            18.5116405
          ],
          [
            73.8437108,
            18.5116034
          ],
          [
            73.8438511,
            18.5115459
          ],
          [
            73.8439502,
            18.5114964
          ],
          [
            73.8440253,
            18.5114209
          ],
          [
            73.8440763,
            18.5113254
          ]
        ]
      },
      "id": "way/217773650"
    },
    {
      "type": "Feature",
      "properties": {
        "@id": "way/217773651",
        "highway": "residential",
        "name": "Khanderao Kakde Path",
        "name:mr": "खंडेराव काकडे पथ"
      },
      "geometry": {
        "type": "LineString",
        "coordinates": [
          [
            73.8461397,
            18.5094592
          ],
          [
            73.846453,
            18.5094995
          ],
          [
            73.8467558,
            18.5095354
          ],
          [
            73.847052,
            18.5096042
          ],
          [
            73.8471479,
            18.5097706
          ]
        ]
      },
      "id": "way/217773651"
    },
    {
      "type": "Feature",
      "properties": {
        "@id": "way/218059609",
        "access": "private",
        "highway": "service"
      },
      "geometry": {
        "type": "LineString",
        "coordinates": [
          [
            73.8493425,
            18.5162095
          ],
          [
            73.8493396,
            18.516572
          ],
          [
            73.8493371,
            18.5168727
          ]
        ]
      },
      "id": "way/218059609"
    },
    {
      "type": "Feature",
      "properties": {
        "@id": "way/218059610",
        "highway": "residential"
      },
      "geometry": {
        "type": "LineString",
        "coordinates": [
          [
            73.8479238,
            18.5152584
          ],
          [
            73.8479336,
            18.5146146
          ],
          [
            73.8479212,
            18.5142473
          ]
        ]
      },
      "id": "way/218059610"
    },
    {
      "type": "Feature",
      "properties": {
        "@id": "way/218059619",
        "access": "permissive",
        "highway": "service"
      },
      "geometry": {
        "type": "LineString",
        "coordinates": [
          [
            73.8445901,
            18.513129
          ],
          [
            73.8446523,
            18.5130311
          ],
          [
            73.8446651,
            18.5129737
          ],
          [
            73.8446782,
            18.51288
          ]
        ]
      },
      "id": "way/218059619"
    },
    {
      "type": "Feature",
      "properties": {
        "@id": "way/218078580",
        "highway": "footway"
      },
      "geometry": {
        "type": "LineString",
        "coordinates": [
          [
            73.8420114,
            18.5155798
          ],
          [
            73.8419939,
            18.5156224
          ],
          [
            73.8419305,
            18.5156422
          ],
          [
            73.8418953,
            18.5156417
          ],
          [
            73.841879,
            18.5156915
          ]
        ]
      },
      "id": "way/218078580"
    },
    {
      "type": "Feature",
      "properties": {
        "@id": "way/218110074",
        "highway": "footway",
        "name": "Hongkong Lane",
        "name:mr": "हाँगकाँग लेन",
        "surface": "paving_stones"
      },
      "geometry": {
        "type": "LineString",
        "coordinates": [
          [
            73.8419224,
            18.516197
          ],
          [
            73.8420043,
            18.5161899
          ],
          [
            73.8424488,
            18.5161511
          ],
          [
            73.8425655,
            18.5161409
          ]
        ]
      },
      "id": "way/218110074"
    },
    {
      "type": "Feature",
      "properties": {
        "@id": "way/218110075",
        "highway": "primary",
        "name": "Narubhau Limaye Path",
        "name:mr": "नरुभाऊ लिमये पथ",
        "oneway": "yes"
      },
      "geometry": {
        "type": "LineString",
        "coordinates": [
          [
            73.8416601,
            18.5172509
          ],
          [
            73.8416985,
            18.5173733
          ],
          [
            73.8417267,
            18.5174222
          ],
          [
            73.8417401,
            18.5174455
          ],
          [
            73.8417969,
            18.5174902
          ],
          [
            73.8418682,
            18.5175166
          ]
        ]
      },
      "id": "way/218110075"
    },
    {
      "type": "Feature",
      "properties": {
        "@id": "way/218422387",
        "access": "private",
        "highway": "service",
        "oneway": "yes",
        "surface": "asphalt"
      },
      "geometry": {
        "type": "LineString",
        "coordinates": [
          [
            73.8396899,
            18.513163
          ],
          [
            73.839681,
            18.5131654
          ],
          [
            73.8390193,
            18.5132674
          ]
        ]
      },
      "id": "way/218422387"
    },
    {
      "type": "Feature",
      "properties": {
        "@id": "way/218422390",
        "access": "private",
        "highway": "service",
        "oneway": "yes"
      },
      "geometry": {
        "type": "LineString",
        "coordinates": [
          [
            73.8398134,
            18.5128882
          ],
          [
            73.8397911,
            18.5129421
          ],
          [
            73.8397706,
            18.5129916
          ],
          [
            73.8397052,
            18.5131493
          ],
          [
            73.8396984,
            18.513158
          ],
          [
            73.8396899,
            18.513163
          ]
        ]
      },
      "id": "way/218422390"
    },
    {
      "type": "Feature",
      "properties": {
        "@id": "way/218422391",
        "crossing": "marked",
        "crossing:markings": "yes",
        "footway": "crossing",
        "highway": "footway"
      },
      "geometry": {
        "type": "LineString",
        "coordinates": [
          [
            73.8432422,
            18.5170701
          ],
          [
            73.843278,
            18.5170442
          ],
          [
            73.8433288,
            18.5170074
          ]
        ]
      },
      "id": "way/218422391"
    },
    {
      "type": "Feature",
      "properties": {
        "@id": "way/218681372",
        "highway": "residential",
        "surface": "asphalt"
      },
      "geometry": {
        "type": "LineString",
        "coordinates": [
          [
            73.8384902,
            18.5129653
          ],
          [
            73.8390115,
            18.5132237
          ],
          [
            73.8390193,
            18.5132674
          ],
          [
            73.8391057,
            18.5138067
          ],
          [
            73.8391719,
            18.5141364
          ]
        ]
      },
      "id": "way/218681372"
    },
    {
      "type": "Feature",
      "properties": {
        "@id": "way/218697354",
        "highway": "residential"
      },
      "geometry": {
        "type": "LineString",
        "coordinates": [
          [
            73.8303067,
            18.5055954
          ],
          [
            73.8305543,
            18.5062808
          ]
        ]
      },
      "id": "way/218697354"
    },
    {
      "type": "Feature",
      "properties": {
        "@id": "way/218697385",
        "alt_name": "DP Road",
        "direction": "clockwise",
        "highway": "secondary",
        "lanes": "4",
        "name": "Raja Mantri Path",
        "name:mr": "राजा मंत्री पथ",
        "oneway": "yes"
      },
      "geometry": {
        "type": "LineString",
        "coordinates": [
          [
            73.8302213,
            18.4946858
          ],
          [
            73.8310209,
            18.4954331
          ],
          [
            73.8317748,
            18.4962641
          ],
          [
            73.8321815,
            18.4966237
          ],
          [
            73.8325184,
            18.4969415
          ],
          [
            73.8325688,
            18.496995
          ],
          [
            73.8325896,
            18.4970185
          ],
          [
            73.8326066,
            18.4970361
          ],
          [
            73.8326366,
            18.4970685
          ],
          [
            73.8326636,
            18.4970961
          ],
          [
            73.8326842,
            18.4971172
          ],
          [
            73.8327134,
            18.4971562
          ],
          [
            73.8327424,
            18.4971933
          ],
          [
            73.8327627,
            18.4972222
          ],
          [
            73.8327956,
            18.497259
          ],
          [
            73.832823,
            18.4972872
          ],
          [
            73.8328641,
            18.4973222
          ],
          [
            73.8328917,
            18.4973457
          ],
          [
            73.8329276,
            18.497378
          ],
          [
            73.8329625,
            18.4974107
          ],
          [
            73.8329925,
            18.4974374
          ],
          [
            73.8330273,
            18.4974656
          ],
          [
            73.8330808,
            18.49752
          ],
          [
            73.8331319,
            18.4975755
          ],
          [
            73.8331666,
            18.4976207
          ],
          [
            73.8332459,
            18.4977567
          ],
          [
            73.8332709,
            18.4978049
          ],
          [
            73.8333472,
            18.4979992
          ],
          [
            73.8334457,
            18.4984004
          ],
          [
            73.8335604,
            18.4989289
          ],
          [
            73.8336186,
            18.4991594
          ],
          [
            73.8336745,
            18.499287
          ],
          [
            73.8339391,
            18.4996657
          ],
          [
            73.8341488,
            18.4999662
          ],
          [
            73.8342993,
            18.5001819
          ],
          [
            73.8345239,
            18.5004861
          ],
          [
            73.8346021,
            18.5006088
          ],
          [
            73.8347199,
            18.5008858
          ],
          [
            73.8348889,
            18.5015383
          ],
          [
            73.8349224,
            18.5017042
          ],
          [
            73.8349857,
            18.5020179
          ],
          [
            73.8350207,
            18.5021913
          ],
          [
            73.8350465,
            18.5023273
          ],
          [
            73.8350678,
            18.5024318
          ],
          [
            73.8350765,
            18.5026813
          ],
          [
            73.8350735,
            18.5028503
          ],
          [
            73.8350646,
            18.5033486
          ]
        ]
      },
      "id": "way/218697385"
    },
    {
      "type": "Feature",
      "properties": {
        "@id": "way/218834793",
        "highway": "residential"
      },
      "geometry": {
        "type": "LineString",
        "coordinates": [
          [
            73.8331983,
            18.5191258
          ],
          [
            73.833201,
            18.519224
          ],
          [
            73.833213,
            18.5196576
          ]
        ]
      },
      "id": "way/218834793"
    },
    {
      "type": "Feature",
      "properties": {
        "@id": "way/218834824",
        "highway": "residential"
      },
      "geometry": {
        "type": "LineString",
        "coordinates": [
          [
            73.8339767,
            18.520076
          ],
          [
            73.834012,
            18.5196326
          ]
        ]
      },
      "id": "way/218834824"
    },
    {
      "type": "Feature",
      "properties": {
        "@id": "way/218834853",
        "highway": "residential",
        "name": "Manas Lane",
        "name:mr": "मानस लेन"
      },
      "geometry": {
        "type": "LineString",
        "coordinates": [
          [
            73.831731,
            18.519703
          ],
          [
            73.8327875,
            18.519671
          ]
        ]
      },
      "id": "way/218834853"
    },
    {
      "type": "Feature",
      "properties": {
        "@id": "way/218834861",
        "highway": "residential",
        "name": "Krushna Path",
        "name:mr": "कृष्णा पथ"
      },
      "geometry": {
        "type": "LineString",
        "coordinates": [
          [
            73.8287663,
            18.5149658
          ],
          [
            73.8297762,
            18.5147594
          ],
          [
            73.8308903,
            18.5145202
          ]
        ]
      },
      "id": "way/218834861"
    },
    {
      "type": "Feature",
      "properties": {
        "@id": "way/219767492",
        "highway": "residential"
      },
      "geometry": {
        "type": "LineString",
        "coordinates": [
          [
            73.8344398,
            18.5095247
          ],
          [
            73.8352736,
            18.5100042
          ],
          [
            73.8356473,
            18.5102191
          ]
        ]
      },
      "id": "way/219767492"
    },
    {
      "type": "Feature",
      "properties": {
        "@id": "way/219798475",
        "alt_name": "T Saheb KK Marg",
        "highway": "tertiary",
        "name": "Appasaheb Bhagwat Path",
        "name:mr": "अप्पासाहेब भागवत पथ"
      },
      "geometry": {
        "type": "LineString",
        "coordinates": [
          [
            73.8500667,
            18.5179823
          ],
          [
            73.850091,
            18.5178758
          ],
          [
            73.8501205,
            18.5171591
          ],
          [
            73.8500964,
            18.5170727
          ],
          [
            73.8500562,
            18.5170142
          ],
          [
            73.8500106,
            18.516938
          ],
          [
            73.8499811,
            18.5168618
          ],
          [
            73.8499731,
            18.5167576
          ],
          [
            73.8499677,
            18.5166229
          ],
          [
            73.8499846,
            18.5164029
          ],
          [
            73.8499999,
            18.5162086
          ],
          [
            73.8500133,
            18.5159621
          ],
          [
            73.8500519,
            18.515373
          ],
          [
            73.8500669,
            18.5149554
          ],
          [
            73.8501151,
            18.5141854
          ]
        ]
      },
      "id": "way/219798475"
    },
    {
      "type": "Feature",
      "properties": {
        "@id": "way/219798492",
        "direction": "clockwise",
        "highway": "tertiary",
        "junction": "roundabout",
        "lane_markings": "no",
        "name": "Shinde Paar Chowk",
        "name:mr": "शिंदे पार चौक",
        "oneway": "yes",
        "surface": "asphalt"
      },
      "geometry": {
        "type": "LineString",
        "coordinates": [
          [
            73.8499879,
            18.5180021
          ],
          [
            73.8499767,
            18.5180141
          ],
          [
            73.8499682,
            18.518028
          ],
          [
            73.8499627,
            18.5180432
          ],
          [
            73.8499605,
            18.5180591
          ],
          [
            73.8499615,
            18.5180752
          ],
          [
            73.8499659,
            18.5180907
          ],
          [
            73.8499733,
            18.5181052
          ],
          [
            73.8499836,
            18.5181179
          ],
          [
            73.8499963,
            18.5181286
          ],
          [
            73.8500109,
            18.5181366
          ],
          [
            73.850027,
            18.5181419
          ],
          [
            73.8500437,
            18.5181439
          ],
          [
            73.8500607,
            18.518143
          ],
          [
            73.8500771,
            18.5181389
          ],
          [
            73.8500923,
            18.5181318
          ],
          [
            73.8501058,
            18.5181221
          ],
          [
            73.850117,
            18.51811
          ],
          [
            73.8501255,
            18.5180961
          ],
          [
            73.850131,
            18.5180809
          ],
          [
            73.8501333,
            18.518065
          ],
          [
            73.8501322,
            18.5180489
          ],
          [
            73.8501279,
            18.5180334
          ],
          [
            73.8501204,
            18.518019
          ],
          [
            73.8501101,
            18.5180062
          ],
          [
            73.8500974,
            18.5179956
          ],
          [
            73.8500828,
            18.5179875
          ],
          [
            73.8500667,
            18.5179823
          ],
          [
            73.8500499,
            18.5179801
          ],
          [
            73.850033,
            18.5179811
          ],
          [
            73.8500166,
            18.5179853
          ],
          [
            73.8500014,
            18.5179923
          ],
          [
            73.8499879,
            18.5180021
          ]
        ]
      },
      "id": "way/219798492"
    },
    {
      "type": "Feature",
      "properties": {
        "@id": "way/220562865",
        "highway": "tertiary",
        "name": "Baburao Phule Path",
        "name:mr": "बाबुराव फुले पथ"
      },
      "geometry": {
        "type": "LineString",
        "coordinates": [
          [
            73.8460843,
            18.5099179
          ],
          [
            73.8460922,
            18.5098375
          ],
          [
            73.8460962,
            18.5097971
          ],
          [
            73.8461397,
            18.5094592
          ],
          [
            73.8461852,
            18.5091062
          ],
          [
            73.8462429,
            18.5087619
          ],
          [
            73.8462645,
            18.5085841
          ],
          [
            73.8464571,
            18.5084153
          ],
          [
            73.8465514,
            18.5083146
          ],
          [
            73.8466,
            18.5080512
          ],
          [
            73.8466712,
            18.5076659
          ],
          [
            73.8467334,
            18.5073288
          ],
          [
            73.8467454,
            18.5072639
          ],
          [
            73.846769,
            18.5071564
          ],
          [
            73.8468512,
            18.5067828
          ],
          [
            73.8468969,
            18.5064225
          ],
          [
            73.8469161,
            18.5060668
          ],
          [
            73.8469393,
            18.5058077
          ],
          [
            73.8470667,
            18.5053955
          ],
          [
            73.8471472,
            18.5051636
          ],
          [
            73.8472215,
            18.5049496
          ],
          [
            73.8472646,
            18.5047588
          ],
          [
            73.847261,
            18.5044249
          ],
          [
            73.8473369,
            18.5040398
          ]
        ]
      },
      "id": "way/220562865"
    },
    {
      "type": "Feature",
      "properties": {
        "@id": "way/220562869",
        "highway": "residential",
        "name": "Mamasaheb Mohol Path",
        "name:mr": "मामासाहेब मोहोळ पथ"
      },
      "geometry": {
        "type": "LineString",
        "coordinates": [
          [
            73.8472286,
            18.5138627
          ],
          [
            73.8473191,
            18.5131412
          ],
          [
            73.8474021,
            18.5124798
          ],
          [
            73.8474368,
            18.5122033
          ],
          [
            73.8474539,
            18.5120672
          ],
          [
            73.8475424,
            18.5113619
          ]
        ]
      },
      "id": "way/220562869"
    },
    {
      "type": "Feature",
      "properties": {
        "@id": "way/220562871",
        "highway": "tertiary",
        "name": "Baburao Phule Path",
        "name:mr": "बाबुराव फुले पथ",
        "oneway": "yes"
      },
      "geometry": {
        "type": "LineString",
        "coordinates": [
          [
            73.8460843,
            18.5099179
          ],
          [
            73.8460541,
            18.5101806
          ],
          [
            73.84601,
            18.5105337
          ]
        ]
      },
      "id": "way/220562871"
    },
    {
      "type": "Feature",
      "properties": {
        "@id": "way/220562874",
        "highway": "residential",
        "name": "Shrikarrao Path",
        "name:mr": "श्रीकरराव पथ",
        "surface": "asphalt"
      },
      "geometry": {
        "type": "LineString",
        "coordinates": [
          [
            73.8287121,
            18.5139482
          ],
          [
            73.8300628,
            18.5136853
          ],
          [
            73.8304245,
            18.5136149
          ],
          [
            73.830615,
            18.5135778
          ]
        ]
      },
      "id": "way/220562874"
    },
    {
      "type": "Feature",
      "properties": {
        "@id": "way/220562876",
        "highway": "residential"
      },
      "geometry": {
        "type": "LineString",
        "coordinates": [
          [
            73.836554,
            18.512771
          ],
          [
            73.8372925,
            18.5131358
          ]
        ]
      },
      "id": "way/220562876"
    },
    {
      "type": "Feature",
      "properties": {
        "@id": "way/220562878",
        "highway": "residential",
        "name": "Vasant Ghalsasi Path",
        "name:mr": "वसंत घळसासी पथ"
      },
      "geometry": {
        "type": "LineString",
        "coordinates": [
          [
            73.8312802,
            18.5144729
          ],
          [
            73.831789,
            18.5143592
          ],
          [
            73.8323002,
            18.5142584
          ],
          [
            73.8326692,
            18.5141856
          ],
          [
            73.8326914,
            18.5141812
          ],
          [
            73.832891,
            18.5141356
          ],
          [
            73.8337676,
            18.5139353
          ]
        ]
      },
      "id": "way/220562878"
    },
    {
      "type": "Feature",
      "properties": {
        "@id": "way/220562881",
        "alt_name": "Oval Path",
        "highway": "residential",
        "name": "Krushnaji Gopal Ghanekar Path",
        "name:mr": "कृष्णाजी गोपाळ घाणेकर पथ"
      },
      "geometry": {
        "type": "LineString",
        "coordinates": [
          [
            73.8397724,
            18.5044953
          ],
          [
            73.8397785,
            18.5044812
          ],
          [
            73.8398265,
            18.50437
          ],
          [
            73.8400574,
            18.5042825
          ],
          [
            73.8403532,
            18.5041954
          ],
          [
            73.8407579,
            18.504118
          ],
          [
            73.8411181,
            18.5041101
          ],
          [
            73.8416303,
            18.5040988
          ]
        ]
      },
      "id": "way/220562881"
    },
    {
      "type": "Feature",
      "properties": {
        "@id": "way/222532023",
        "highway": "residential",
        "name": "Prabhat Film Company Path",
        "name:mr": "प्रभात फिल्म कंपनी पथ"
      },
      "geometry": {
        "type": "LineString",
        "coordinates": [
          [
            73.8287649,
            18.5133398
          ],
          [
            73.8300449,
            18.5130555
          ]
        ]
      },
      "id": "way/222532023"
    },
    {
      "type": "Feature",
      "properties": {
        "@id": "way/222532024",
        "highway": "residential",
        "name": "Prabodhan Society Path",
        "name:mr": "प्रबोधन सोसायटी पथ"
      },
      "geometry": {
        "type": "LineString",
        "coordinates": [
          [
            73.8301474,
            18.5106112
          ],
          [
            73.8301947,
            18.5108493
          ],
          [
            73.8303074,
            18.5114493
          ],
          [
            73.8303978,
            18.5119307
          ],
          [
            73.8304812,
            18.512375
          ],
          [
            73.8305571,
            18.5127791
          ]
        ]
      },
      "id": "way/222532024"
    },
    {
      "type": "Feature",
      "properties": {
        "@id": "way/227095233",
        "highway": "tertiary",
        "name": "Chhatrapati Sambhaji Path",
        "name:etymology:wikidata": "Q2737041",
        "name:mr": "छत्रपती संभाजी पथ",
        "oneway": "yes"
      },
      "geometry": {
        "type": "LineString",
        "coordinates": [
          [
            73.8459983,
            18.5106379
          ],
          [
            73.8459437,
            18.5111878
          ]
        ]
      },
      "id": "way/227095233"
    },
    {
      "type": "Feature",
      "properties": {
        "@id": "way/227095237",
        "highway": "residential",
        "name": "Makarand Bhave Marg",
        "name:mr": "मकरंद भावे मार्ग",
        "surface": "asphalt"
      },
      "geometry": {
        "type": "LineString",
        "coordinates": [
          [
            73.8382358,
            18.5133429
          ],
          [
            73.8384902,
            18.5129653
          ],
          [
            73.838803,
            18.5124289
          ]
        ]
      },
      "id": "way/227095237"
    },
    {
      "type": "Feature",
      "properties": {
        "@id": "way/227095241",
        "highway": "residential",
        "name": "Tatyasaheb Karandikar Path",
        "name:mr": "तात्यासाहेब करंदीकर पथ",
        "oneway": "yes"
      },
      "geometry": {
        "type": "LineString",
        "coordinates": [
          [
            73.8483338,
            18.5152724
          ],
          [
            73.848382,
            18.5146599
          ],
          [
            73.8484591,
            18.5139879
          ]
        ]
      },
      "id": "way/227095241"
    },
    {
      "type": "Feature",
      "properties": {
        "@id": "way/227095265",
        "highway": "residential",
        "name": "Patwardhan Road"
      },
      "geometry": {
        "type": "LineString",
        "coordinates": [
          [
            73.8297931,
            18.5072031
          ],
          [
            73.8306396,
            18.5076203
          ],
          [
            73.830808,
            18.5077033
          ],
          [
            73.8308943,
            18.5077459
          ],
          [
            73.8310753,
            18.5078351
          ],
          [
            73.8312897,
            18.5079408
          ],
          [
            73.8315716,
            18.5080768
          ],
          [
            73.8316243,
            18.5081022
          ]
        ]
      },
      "id": "way/227095265"
    },
    {
      "type": "Feature",
      "properties": {
        "@id": "way/229849142",
        "highway": "residential",
        "name": "Bala Raut Path",
        "name:mr": "बाळा राउत पथ"
      },
      "geometry": {
        "type": "LineString",
        "coordinates": [
          [
            73.8420498,
            18.5064218
          ],
          [
            73.8420228,
            18.5073784
          ]
        ]
      },
      "id": "way/229849142"
    },
    {
      "type": "Feature",
      "properties": {
        "@id": "way/229849143",
        "highway": "residential",
        "name": "Dattatrey Malvadkar Path",
        "name:mr": "दत्तात्रेय माळवदकर पथ"
      },
      "geometry": {
        "type": "LineString",
        "coordinates": [
          [
            73.8426308,
            18.506409
          ],
          [
            73.8425948,
            18.5058269
          ],
          [
            73.8425607,
            18.5048881
          ]
        ]
      },
      "id": "way/229849143"
    },
    {
      "type": "Feature",
      "properties": {
        "@id": "way/229849147",
        "highway": "residential",
        "name": "Kushaba Ganapati Ovhal Path",
        "name:mr": "कुशाबा गणपती ओव्हाळ पथ",
        "oneway": "yes"
      },
      "geometry": {
        "type": "LineString",
        "coordinates": [
          [
            73.8421508,
            18.5044597
          ],
          [
            73.8416284,
            18.504463
          ],
          [
            73.8411251,
            18.504475
          ],
          [
            73.8397724,
            18.5044953
          ]
        ]
      },
      "id": "way/229849147"
    },
    {
      "type": "Feature",
      "properties": {
        "@id": "way/229849149",
        "highway": "residential",
        "name": "Nanasaheb Kale Path",
        "name:mr": "नानासाहेब काळे पथ"
      },
      "geometry": {
        "type": "LineString",
        "coordinates": [
          [
            73.8420102,
            18.5079515
          ],
          [
            73.8420689,
            18.5086519
          ],
          [
            73.8420642,
            18.5094126
          ]
        ]
      },
      "id": "way/229849149"
    },
    {
      "type": "Feature",
      "properties": {
        "@id": "way/229849152",
        "highway": "residential",
        "name": "Sant Tukaram Maharaj Road",
        "name:etymology:wikidata": "Q468361",
        "name:mr": "संत तुकाराम महाराज रस्ता"
      },
      "geometry": {
        "type": "LineString",
        "coordinates": [
          [
            73.8411226,
            18.5049376
          ],
          [
            73.8411263,
            18.5053544
          ],
          [
            73.8411246,
            18.5057754
          ],
          [
            73.8411251,
            18.505955
          ],
          [
            73.8411257,
            18.5062024
          ],
          [
            73.8411266,
            18.5065699
          ],
          [
            73.8411317,
            18.5079362
          ]
        ]
      },
      "id": "way/229849152"
    },
    {
      "type": "Feature",
      "properties": {
        "@id": "way/229849160",
        "highway": "residential"
      },
      "geometry": {
        "type": "LineString",
        "coordinates": [
          [
            73.841654,
            18.5059523
          ],
          [
            73.8420722,
            18.5059685
          ]
        ]
      },
      "id": "way/229849160"
    },
    {
      "type": "Feature",
      "properties": {
        "@id": "way/229873812",
        "highway": "tertiary",
        "name": "Chhatrapati Sambhaji Path",
        "name:etymology:wikidata": "Q2737041",
        "name:mr": "छत्रपती संभाजी पथ",
        "oneway": "yes"
      },
      "geometry": {
        "type": "LineString",
        "coordinates": [
          [
            73.8447087,
            18.5138185
          ],
          [
            73.8451786,
            18.5134863
          ],
          [
            73.8453115,
            18.513457
          ]
        ]
      },
      "id": "way/229873812"
    },
    {
      "type": "Feature",
      "properties": {
        "@id": "way/232745953",
        "highway": "secondary",
        "lanes": "3",
        "maxspeed": "40",
        "name": "Amrutrao Khilare Path",
        "name:mr": "अमृतराव खिलारे पथ",
        "oneway": "yes"
      },
      "geometry": {
        "type": "LineString",
        "coordinates": [
          [
            73.8316243,
            18.5081022
          ],
          [
            73.8314106,
            18.5085339
          ],
          [
            73.8313753,
            18.5086051
          ]
        ]
      },
      "id": "way/232745953"
    },
    {
      "type": "Feature",
      "properties": {
        "@id": "way/232745954",
        "highway": "secondary",
        "lanes": "3",
        "maxspeed": "40",
        "name": "Amrutrao Khilare Path",
        "name:mr": "अमृतराव खिलारे पथ",
        "oneway": "yes"
      },
      "geometry": {
        "type": "LineString",
        "coordinates": [
          [
            73.8323894,
            18.5068418
          ],
          [
            73.8325729,
            18.5065243
          ],
          [
            73.832587,
            18.5064998
          ],
          [
            73.8326573,
            18.5063452
          ],
          [
            73.8327256,
            18.5061833
          ],
          [
            73.8327999,
            18.5060071
          ],
          [
            73.8328611,
            18.5058619
          ],
          [
            73.8329488,
            18.5056974
          ],
          [
            73.83301,
            18.5056113
          ],
          [
            73.8334791,
            18.5051958
          ],
          [
            73.8339757,
            18.5047363
          ],
          [
            73.8340532,
            18.5046628
          ]
        ]
      },
      "id": "way/232745954"
    },
    {
      "type": "Feature",
      "properties": {
        "@id": "way/232879055",
        "highway": "tertiary",
        "name": "Nivrutti Namdeo Murkute Path",
        "name:mr": "निवृत्ती नामदेव मुरकुटे पथ"
      },
      "geometry": {
        "type": "LineString",
        "coordinates": [
          [
            73.8460541,
            18.5101806
          ],
          [
            73.8465284,
            18.5102399
          ]
        ]
      },
      "id": "way/232879055"
    },
    {
      "type": "Feature",
      "properties": {
        "@id": "way/232879077",
        "highway": "residential",
        "lanes": "1",
        "name": "Bharat Itihas Sanshodhak Mandal Path",
        "name:etymology:wikidata": "Q3635786",
        "name:mr": "भारत इतिहास संशोधक मंडळ पथ",
        "surface": "paved"
      },
      "geometry": {
        "type": "LineString",
        "coordinates": [
          [
            73.8477379,
            18.5103685
          ],
          [
            73.8477135,
            18.5105564
          ],
          [
            73.8477392,
            18.5106189
          ],
          [
            73.847815,
            18.5106521
          ],
          [
            73.8487998,
            18.5107716
          ],
          [
            73.8492736,
            18.5108425
          ],
          [
            73.8496067,
            18.5108929
          ],
          [
            73.850122,
            18.510952
          ],
          [
            73.8503591,
            18.5109792
          ],
          [
            73.850744,
            18.511033
          ]
        ]
      },
      "id": "way/232879077"
    },
    {
      "type": "Feature",
      "properties": {
        "@id": "way/238567582",
        "highway": "residential"
      },
      "geometry": {
        "type": "LineString",
        "coordinates": [
          [
            73.8455485,
            18.5147426
          ],
          [
            73.8461004,
            18.5142432
          ],
          [
            73.8461235,
            18.5142084
          ],
          [
            73.8461648,
            18.5141394
          ],
          [
            73.8462371,
            18.5140295
          ],
          [
            73.8462822,
            18.5139289
          ],
          [
            73.8463277,
            18.5137776
          ]
        ]
      },
      "id": "way/238567582"
    },
    {
      "type": "Feature",
      "properties": {
        "@id": "way/239575192",
        "highway": "residential",
        "name": "Kashibai Vishnu Sane Path",
        "name:mr": "काशिबाई विष्णु साने पथ"
      },
      "geometry": {
        "type": "LineString",
        "coordinates": [
          [
            73.8376311,
            18.5180517
          ],
          [
            73.8376192,
            18.5174014
          ],
          [
            73.8376268,
            18.5172777
          ],
          [
            73.8375833,
            18.5169505
          ],
          [
            73.8375641,
            18.5168246
          ],
          [
            73.8374744,
            18.5163831
          ]
        ]
      },
      "id": "way/239575192"
    },
    {
      "type": "Feature",
      "properties": {
        "@id": "way/239575194",
        "highway": "residential"
      },
      "geometry": {
        "type": "LineString",
        "coordinates": [
          [
            73.8365358,
            18.5162614
          ],
          [
            73.8373094,
            18.5158579
          ],
          [
            73.8375908,
            18.5155248
          ]
        ]
      },
      "id": "way/239575194"
    },
    {
      "type": "Feature",
      "properties": {
        "@id": "way/239575195",
        "highway": "residential",
        "name": "Tatyasaheb Talim Path",
        "name:mr": "तात्यासाहेब तालीम पथ",
        "oneway": "yes"
      },
      "geometry": {
        "type": "LineString",
        "coordinates": [
          [
            73.8410989,
            18.5170788
          ],
          [
            73.8411116,
            18.5170312
          ],
          [
            73.8413194,
            18.5162502
          ],
          [
            73.8415203,
            18.5157335
          ]
        ]
      },
      "id": "way/239575195"
    },
    {
      "type": "Feature",
      "properties": {
        "@id": "way/239575197",
        "highway": "residential"
      },
      "geometry": {
        "type": "LineString",
        "coordinates": [
          [
            73.8400651,
            18.5172803
          ],
          [
            73.8410344,
            18.5170914
          ],
          [
            73.8410989,
            18.5170788
          ]
        ]
      },
      "id": "way/239575197"
    },
    {
      "type": "Feature",
      "properties": {
        "@id": "way/239575198",
        "highway": "residential"
      },
      "geometry": {
        "type": "LineString",
        "coordinates": [
          [
            73.8341958,
            18.5182402
          ],
          [
            73.8342413,
            18.5183601
          ],
          [
            73.8342413,
            18.5190211
          ]
        ]
      },
      "id": "way/239575198"
    },
    {
      "type": "Feature",
      "properties": {
        "@id": "way/243921288",
        "highway": "residential",
        "name": "Gangaram Dhanvat Path"
      },
      "geometry": {
        "type": "LineString",
        "coordinates": [
          [
            73.8345629,
            18.5070303
          ],
          [
            73.8350266,
            18.5075059
          ],
          [
            73.8346784,
            18.5079421
          ]
        ]
      },
      "id": "way/243921288"
    },
    {
      "type": "Feature",
      "properties": {
        "@id": "way/243952354",
        "alt_name": "Law College Road",
        "alt_name:mr": "विधी महाविद्यालय रस्ता",
        "highway": "primary",
        "lanes": "2",
        "name": "Vishnushastri Chiplunkar Path",
        "name:etymology:wikidata": "Q3633358",
        "name:mr": "विष्णुशास्त्री चिपळूणकर पथ",
        "oneway": "yes",
        "surface": "asphalt"
      },
      "geometry": {
        "type": "LineString",
        "coordinates": [
          [
            73.8288247,
            18.5154149
          ],
          [
            73.8292625,
            18.5165829
          ],
          [
            73.829402,
            18.5169405
          ],
          [
            73.8295741,
            18.5173875
          ],
          [
            73.8298995,
            18.5179829
          ],
          [
            73.8299921,
            18.51819
          ],
          [
            73.8300968,
            18.5184128
          ],
          [
            73.8301846,
            18.5185919
          ],
          [
            73.8302342,
            18.5187294
          ],
          [
            73.8302583,
            18.5188317
          ]
        ]
      },
      "id": "way/243952354"
    },
    {
      "type": "Feature",
      "properties": {
        "@id": "way/243952356",
        "alt_name": "Law College Road",
        "alt_name:mr": "विधी महाविद्यालय रस्ता",
        "highway": "primary",
        "lanes": "2",
        "name": "Vishnushastri Chiplunkar Path",
        "name:etymology:wikidata": "Q3633358",
        "name:mr": "विष्णुशास्त्री चिपळूणकर पथ",
        "oneway": "yes",
        "surface": "asphalt"
      },
      "geometry": {
        "type": "LineString",
        "coordinates": [
          [
            73.8305376,
            18.5201311
          ],
          [
            73.8304652,
            18.5199128
          ],
          [
            73.8304278,
            18.5196455
          ],
          [
            73.8304118,
            18.5194558
          ],
          [
            73.8303857,
            18.5191108
          ]
        ]
      },
      "id": "way/243952356"
    },
    {
      "type": "Feature",
      "properties": {
        "@id": "way/245590244",
        "highway": "secondary",
        "lanes": "2",
        "name": "Anant Kanhere Path",
        "name:etymology:wikidata": "Q4751430",
        "name:mr": "अनंत कान्हेरे पथ",
        "oneway": "yes"
      },
      "geometry": {
        "type": "LineString",
        "coordinates": [
          [
            73.8380431,
            18.5046017
          ],
          [
            73.837357,
            18.5045923
          ]
        ]
      },
      "id": "way/245590244"
    },
    {
      "type": "Feature",
      "properties": {
        "@id": "way/245590246",
        "highway": "secondary",
        "lanes": "2",
        "name": "Anant Kanhere Path",
        "name:etymology:wikidata": "Q4751430",
        "name:mr": "अनंत कान्हेरे पथ",
        "oneway": "yes"
      },
      "geometry": {
        "type": "LineString",
        "coordinates": [
          [
            73.8388339,
            18.5045629
          ],
          [
            73.8386071,
            18.504602
          ],
          [
            73.8382022,
            18.5046027
          ]
        ]
      },
      "id": "way/245590246"
    },
    {
      "type": "Feature",
      "properties": {
        "@id": "way/245590247",
        "highway": "secondary",
        "lanes": "2",
        "name": "Anant Kanhere Path",
        "name:etymology:wikidata": "Q4751430",
        "name:mr": "अनंत कान्हेरे पथ",
        "oneway": "yes"
      },
      "geometry": {
        "type": "LineString",
        "coordinates": [
          [
            73.8388301,
            18.5046947
          ],
          [
            73.8389873,
            18.5047566
          ]
        ]
      },
      "id": "way/245590247"
    },
    {
      "type": "Feature",
      "properties": {
        "@id": "way/245590248",
        "highway": "secondary",
        "lanes": "2",
        "name": "Anant Kanhere Path",
        "name:etymology:wikidata": "Q4751430",
        "name:mr": "अनंत कान्हेरे पथ",
        "oneway": "yes"
      },
      "geometry": {
        "type": "LineString",
        "coordinates": [
          [
            73.8382003,
            18.5046632
          ],
          [
            73.838348,
            18.5046619
          ]
        ]
      },
      "id": "way/245590248"
    },
    {
      "type": "Feature",
      "properties": {
        "@id": "way/245590250",
        "highway": "residential"
      },
      "geometry": {
        "type": "LineString",
        "coordinates": [
          [
            73.8381232,
            18.5046028
          ],
          [
            73.8381251,
            18.5046639
          ]
        ]
      },
      "id": "way/245590250"
    },
    {
      "type": "Feature",
      "properties": {
        "@id": "way/245590256",
        "highway": "residential"
      },
      "geometry": {
        "type": "LineString",
        "coordinates": [
          [
            73.8381251,
            18.5046639
          ],
          [
            73.8381379,
            18.5050782
          ],
          [
            73.8381432,
            18.5054772
          ],
          [
            73.8381488,
            18.505849
          ],
          [
            73.8381544,
            18.5062423
          ],
          [
            73.8381597,
            18.5066163
          ],
          [
            73.8381648,
            18.5069756
          ],
          [
            73.8381953,
            18.5070206
          ],
          [
            73.838226,
            18.5070414
          ],
          [
            73.8387301,
            18.5070356
          ]
        ]
      },
      "id": "way/245590256"
    },
    {
      "type": "Feature",
      "properties": {
        "@id": "way/246580190",
        "highway": "residential",
        "name": "A. B. Shaha Path",
        "name:mr": "अ. भी. शहा पथ"
      },
      "geometry": {
        "type": "LineString",
        "coordinates": [
          [
            73.8307475,
            18.5101251
          ],
          [
            73.8309334,
            18.5098732
          ],
          [
            73.8318674,
            18.5090775
          ],
          [
            73.8318967,
            18.5090525
          ]
        ]
      },
      "id": "way/246580190"
    },
    {
      "type": "Feature",
      "properties": {
        "@id": "way/246580195",
        "highway": "primary",
        "lanes": "3",
        "name": "Karve Road",
        "name:etymology:wikidata": "Q3518496",
        "name:mr": "कर्वे रस्ता",
        "oneway": "yes",
        "ref": "SH60"
      },
      "geometry": {
        "type": "LineString",
        "coordinates": [
          [
            73.8405299,
            18.513159
          ],
          [
            73.8405749,
            18.5131772
          ],
          [
            73.8406368,
            18.5132022
          ],
          [
            73.8407609,
            18.513253
          ],
          [
            73.8409232,
            18.5133433
          ],
          [
            73.8410905,
            18.513455
          ],
          [
            73.8412146,
            18.5135751
          ],
          [
            73.8413569,
            18.5137105
          ],
          [
            73.8414998,
            18.5138464
          ]
        ]
      },
      "id": "way/246580195"
    },
    {
      "type": "Feature",
      "properties": {
        "@id": "way/246580198",
        "highway": "primary",
        "lanes": "2",
        "maxspeed": "65",
        "name": "Karve Road",
        "name:etymology:wikidata": "Q3518496",
        "name:mr": "कर्वे रस्ता",
        "oneway": "yes",
        "ref": "SH60"
      },
      "geometry": {
        "type": "LineString",
        "coordinates": [
          [
            73.8405641,
            18.5130809
          ],
          [
            73.840485,
            18.5130505
          ],
          [
            73.8402424,
            18.5129587
          ],
          [
            73.839788,
            18.5127867
          ],
          [
            73.8397044,
            18.5127507
          ],
          [
            73.8395117,
            18.5126677
          ],
          [
            73.8393448,
            18.5125958
          ],
          [
            73.8393109,
            18.5125812
          ],
          [
            73.838844,
            18.5123529
          ],
          [
            73.8382004,
            18.512039
          ],
          [
            73.8374298,
            18.5116572
          ]
        ]
      },
      "id": "way/246580198"
    },
    {
      "type": "Feature",
      "properties": {
        "@id": "way/246580199",
        "highway": "primary",
        "lanes": "2",
        "maxspeed": "65",
        "name": "Karve Road",
        "name:etymology:wikidata": "Q3518496",
        "name:mr": "कर्वे रस्ता",
        "oneway": "yes",
        "ref": "SH60",
        "surface": "asphalt"
      },
      "geometry": {
        "type": "LineString",
        "coordinates": [
          [
            73.8374021,
            18.5117398
          ],
          [
            73.8376948,
            18.5118848
          ],
          [
            73.838159,
            18.5121148
          ],
          [
            73.8384649,
            18.512264
          ],
          [
            73.838803,
            18.5124289
          ],
          [
            73.8389841,
            18.5125175
          ],
          [
            73.8392716,
            18.5126581
          ],
          [
            73.8395503,
            18.5127781
          ],
          [
            73.8397526,
            18.5128652
          ],
          [
            73.8398134,
            18.5128882
          ],
          [
            73.840448,
            18.5131284
          ],
          [
            73.8405299,
            18.513159
          ]
        ]
      },
      "id": "way/246580199"
    },
    {
      "type": "Feature",
      "properties": {
        "@id": "way/246580200",
        "highway": "primary",
        "lanes": "2",
        "name": "Karve Road",
        "name:etymology:wikidata": "Q3518496",
        "name:mr": "कर्वे रस्ता",
        "oneway": "yes",
        "ref": "SH60",
        "surface": "asphalt"
      },
      "geometry": {
        "type": "LineString",
        "coordinates": [
          [
            73.8340633,
            18.5100416
          ],
          [
            73.8340112,
            18.5100129
          ],
          [
            73.833847,
            18.5099225
          ]
        ]
      },
      "id": "way/246580200"
    },
    {
      "type": "Feature",
      "properties": {
        "@id": "way/246580201",
        "highway": "primary",
        "lanes": "3",
        "name": "Karve Road",
        "name:etymology:wikidata": "Q3518496",
        "name:mr": "कर्वे रस्ता",
        "oneway": "yes",
        "ref": "SH60",
        "surface": "asphalt"
      },
      "geometry": {
        "type": "LineString",
        "coordinates": [
          [
            73.8308014,
            18.5084885
          ],
          [
            73.8309043,
            18.5085415
          ],
          [
            73.831221,
            18.5087046
          ],
          [
            73.8313026,
            18.5087466
          ]
        ]
      },
      "id": "way/246580201"
    },
    {
      "type": "Feature",
      "properties": {
        "@id": "way/246580202",
        "highway": "primary",
        "lanes": "2",
        "maxspeed": "65",
        "name": "Karve Road",
        "name:etymology:wikidata": "Q3518496",
        "name:mr": "कर्वे रस्ता",
        "oneway": "yes",
        "ref": "SH60"
      },
      "geometry": {
        "type": "LineString",
        "coordinates": [
          [
            73.8371543,
            18.5115179
          ],
          [
            73.8370964,
            18.5114881
          ]
        ]
      },
      "id": "way/246580202"
    },
    {
      "type": "Feature",
      "properties": {
        "@id": "way/246580203",
        "highway": "primary",
        "lanes": "2",
        "maxspeed": "65",
        "name": "Karve Road",
        "name:etymology:wikidata": "Q3518496",
        "name:mr": "कर्वे रस्ता",
        "oneway": "yes",
        "ref": "SH60",
        "surface": "asphalt"
      },
      "geometry": {
        "type": "LineString",
        "coordinates": [
          [
            73.8342614,
            18.5102375
          ],
          [
            73.8345419,
            18.5103781
          ],
          [
            73.8348422,
            18.5105082
          ],
          [
            73.8351707,
            18.5106504
          ],
          [
            73.8353717,
            18.5107436
          ],
          [
            73.8358146,
            18.5109719
          ],
          [
            73.8360965,
            18.5110991
          ],
          [
            73.8361462,
            18.5111245
          ],
          [
            73.8363573,
            18.5112168
          ],
          [
            73.8364074,
            18.5112415
          ],
          [
            73.8366571,
            18.5113644
          ],
          [
            73.8368919,
            18.51148
          ],
          [
            73.8371095,
            18.5115919
          ]
        ]
      },
      "id": "way/246580203"
    },
    {
      "type": "Feature",
      "properties": {
        "@id": "way/246580207",
        "highway": "tertiary"
      },
      "geometry": {
        "type": "LineString",
        "coordinates": [
          [
            73.8340633,
            18.5100416
          ],
          [
            73.8340207,
            18.5101168
          ]
        ]
      },
      "id": "way/246580207"
    },
    {
      "type": "Feature",
      "properties": {
        "@id": "way/246580208",
        "highway": "residential"
      },
      "geometry": {
        "type": "LineString",
        "coordinates": [
          [
            73.8330305,
            18.508778
          ],
          [
            73.8330662,
            18.5087752
          ],
          [
            73.8331029,
            18.5087847
          ],
          [
            73.8333969,
            18.508933
          ],
          [
            73.8337496,
            18.5091108
          ],
          [
            73.8339756,
            18.5092468
          ],
          [
            73.8344398,
            18.5095247
          ]
        ]
      },
      "id": "way/246580208"
    },
    {
      "type": "Feature",
      "properties": {
        "@id": "way/248446085",
        "highway": "tertiary",
        "lane_markings": "no",
        "oneway": "yes",
        "surface": "asphalt"
      },
      "geometry": {
        "type": "LineString",
        "coordinates": [
          [
            73.8405641,
            18.5130809
          ],
          [
            73.8405299,
            18.513159
          ]
        ]
      },
      "id": "way/248446085"
    },
    {
      "type": "Feature",
      "properties": {
        "@id": "way/250116179",
        "highway": "primary",
        "lanes": "1",
        "name": "Karve Road",
        "name:etymology:wikidata": "Q3518496",
        "name:mr": "कर्वे रस्ता",
        "oneway": "yes",
        "ref": "SH60",
        "surface": "asphalt"
      },
      "geometry": {
        "type": "LineString",
        "coordinates": [
          [
            73.8313753,
            18.5086051
          ],
          [
            73.8312923,
            18.5085624
          ],
          [
            73.8312011,
            18.5085154
          ]
        ]
      },
      "id": "way/250116179"
    },
    {
      "type": "Feature",
      "properties": {
        "@id": "way/250116182",
        "highway": "primary",
        "lanes": "3",
        "name": "Karve Road",
        "name:etymology:wikidata": "Q3518496",
        "name:mr": "कर्वे रस्ता",
        "oneway": "yes",
        "ref": "SH60"
      },
      "geometry": {
        "type": "LineString",
        "coordinates": [
          [
            73.8415826,
            18.5137712
          ],
          [
            73.8414452,
            18.5136406
          ],
          [
            73.8412876,
            18.5134908
          ],
          [
            73.8411516,
            18.5133826
          ],
          [
            73.8409691,
            18.5132699
          ],
          [
            73.8408017,
            18.5131767
          ],
          [
            73.8406731,
            18.5131241
          ],
          [
            73.8406095,
            18.513099
          ]
        ]
      },
      "id": "way/250116182"
    },
    {
      "type": "Feature",
      "properties": {
        "@id": "way/250116186",
        "highway": "primary",
        "lanes": "2",
        "name": "Karve Road",
        "name:etymology:wikidata": "Q3518496",
        "name:mr": "कर्वे रस्ता",
        "oneway": "yes",
        "ref": "SH60",
        "surface": "asphalt"
      },
      "geometry": {
        "type": "LineString",
        "coordinates": [
          [
            73.8335799,
            18.5098963
          ],
          [
            73.8337057,
            18.5099593
          ],
          [
            73.8338081,
            18.5100105
          ]
        ]
      },
      "id": "way/250116186"
    },
    {
      "type": "Feature",
      "properties": {
        "@id": "way/250116188",
        "highway": "primary",
        "lanes": "3",
        "name": "Karve Road",
        "name:etymology:wikidata": "Q3518496",
        "name:mr": "कर्वे रस्ता",
        "oneway": "yes",
        "ref": "SH60",
        "surface": "asphalt"
      },
      "geometry": {
        "type": "LineString",
        "coordinates": [
          [
            73.8414998,
            18.5138464
          ],
          [
            73.8415661,
            18.5139077
          ],
          [
            73.8421049,
            18.5144052
          ],
          [
            73.8422077,
            18.514481
          ],
          [
            73.8422113,
            18.5144837
          ],
          [
            73.8422596,
            18.5145142
          ],
          [
            73.8423273,
            18.5145486
          ]
        ]
      },
      "id": "way/250116188"
    },
    {
      "type": "Feature",
      "properties": {
        "@id": "way/250116206",
        "highway": "residential",
        "name": "Baburao Tangewale Path",
        "name:mr": "बाबुराव टांगेवाले पथ"
      },
      "geometry": {
        "type": "LineString",
        "coordinates": [
          [
            73.8423079,
            18.5157778
          ],
          [
            73.8423918,
            18.5157491
          ],
          [
            73.8428807,
            18.5155661
          ]
        ]
      },
      "id": "way/250116206"
    },
    {
      "type": "Feature",
      "properties": {
        "@id": "way/251878754",
        "highway": "tertiary",
        "name": "Gulwani Maharaj Path",
        "name:mr": "गुळवणी महाराज पथ",
        "oneway": "yes"
      },
      "geometry": {
        "type": "LineString",
        "coordinates": [
          [
            73.825677,
            18.5010254
          ],
          [
            73.8257576,
            18.5010915
          ],
          [
            73.825889,
            18.501166
          ],
          [
            73.8262826,
            18.5013894
          ],
          [
            73.8264304,
            18.5014531
          ],
          [
            73.8264665,
            18.5014701
          ],
          [
            73.826529,
            18.5014997
          ],
          [
            73.8267685,
            18.5016127
          ],
          [
            73.8272947,
            18.50185
          ],
          [
            73.8280912,
            18.5022333
          ],
          [
            73.8285458,
            18.502452
          ],
          [
            73.8287258,
            18.502537
          ],
          [
            73.8288466,
            18.5026128
          ],
          [
            73.8290717,
            18.5027832
          ],
          [
            73.8296191,
            18.5032156
          ],
          [
            73.8300917,
            18.503589
          ],
          [
            73.8304905,
            18.503908
          ],
          [
            73.8307875,
            18.5041844
          ],
          [
            73.8309976,
            18.5043801
          ],
          [
            73.8310464,
            18.5044259
          ],
          [
            73.8312787,
            18.5046439
          ],
          [
            73.8315124,
            18.5048632
          ],
          [
            73.8316227,
            18.5049576
          ],
          [
            73.8317476,
            18.5050645
          ],
          [
            73.8319541,
            18.5052277
          ],
          [
            73.8322749,
            18.5054666
          ],
          [
            73.8323987,
            18.5055588
          ],
          [
            73.8324808,
            18.5056144
          ],
          [
            73.8325597,
            18.5056556
          ],
          [
            73.8326708,
            18.505694
          ],
          [
            73.8328003,
            18.5057124
          ],
          [
            73.8329488,
            18.5056974
          ]
        ]
      },
      "id": "way/251878754"
    },
    {
      "type": "Feature",
      "properties": {
        "@id": "way/251878755",
        "highway": "tertiary",
        "name": "Gulwani Maharaj Path",
        "name:mr": "गुळवणी महाराज पथ",
        "oneway": "yes"
      },
      "geometry": {
        "type": "LineString",
        "coordinates": [
          [
            73.8329488,
            18.5056974
          ],
          [
            73.8328262,
            18.5056699
          ],
          [
            73.8327118,
            18.5056437
          ],
          [
            73.8325896,
            18.5055994
          ],
          [
            73.8325162,
            18.5055611
          ],
          [
            73.8324384,
            18.5055084
          ],
          [
            73.8323137,
            18.5054155
          ],
          [
            73.8319958,
            18.5051788
          ],
          [
            73.8317911,
            18.505017
          ],
          [
            73.831558,
            18.5048175
          ],
          [
            73.8313295,
            18.5046031
          ],
          [
            73.8310934,
            18.5043815
          ],
          [
            73.8310445,
            18.5043356
          ],
          [
            73.8308219,
            18.5041283
          ],
          [
            73.830534,
            18.5038604
          ],
          [
            73.8301333,
            18.50354
          ],
          [
            73.8297672,
            18.5032507
          ],
          [
            73.8296636,
            18.5031689
          ],
          [
            73.8294829,
            18.5030262
          ],
          [
            73.8291137,
            18.5027345
          ],
          [
            73.8288857,
            18.5025619
          ],
          [
            73.828759,
            18.5024824
          ],
          [
            73.8285854,
            18.5024004
          ],
          [
            73.8283084,
            18.5022687
          ],
          [
            73.8280732,
            18.5021569
          ],
          [
            73.8273008,
            18.5017898
          ],
          [
            73.8267962,
            18.5015555
          ],
          [
            73.8265466,
            18.5014377
          ],
          [
            73.826484,
            18.5014081
          ],
          [
            73.8264589,
            18.5013963
          ],
          [
            73.8263134,
            18.5013336
          ],
          [
            73.8259074,
            18.5011032
          ],
          [
            73.8257884,
            18.5010357
          ],
          [
            73.825677,
            18.5010254
          ]
        ]
      },
      "id": "way/251878755"
    },
    {
      "type": "Feature",
      "properties": {
        "@id": "way/251878757",
        "highway": "tertiary",
        "lanes": "2",
        "name": "Maai Mangeshkar Path",
        "name:mr": "माई मंगेशकर पथ",
        "surface": "concrete"
      },
      "geometry": {
        "type": "LineString",
        "coordinates": [
          [
            73.8318086,
            18.5031348
          ],
          [
            73.8317603,
            18.502981
          ],
          [
            73.8317193,
            18.5027361
          ],
          [
            73.8316747,
            18.5024702
          ],
          [
            73.8316715,
            18.5024422
          ],
          [
            73.8316685,
            18.5024152
          ],
          [
            73.8316642,
            18.5023761
          ],
          [
            73.8316326,
            18.5020929
          ],
          [
            73.8315988,
            18.5017906
          ],
          [
            73.8315822,
            18.5016686
          ],
          [
            73.8315656,
            18.5015623
          ],
          [
            73.8315561,
            18.501501
          ],
          [
            73.8315013,
            18.5011482
          ],
          [
            73.831486,
            18.5010795
          ],
          [
            73.831431,
            18.5008337
          ],
          [
            73.8314069,
            18.5007642
          ],
          [
            73.8313533,
            18.5006657
          ],
          [
            73.8312986,
            18.5005652
          ],
          [
            73.8312632,
            18.5004572
          ],
          [
            73.8312184,
            18.5000724
          ],
          [
            73.8311625,
            18.499622
          ],
          [
            73.8311172,
            18.4991067
          ]
        ]
      },
      "id": "way/251878757"
    },
    {
      "type": "Feature",
      "properties": {
        "@id": "way/251878759",
        "highway": "residential"
      },
      "geometry": {
        "type": "LineString",
        "coordinates": [
          [
            73.8331168,
            18.5108247
          ],
          [
            73.8333568,
            18.5102289
          ]
        ]
      },
      "id": "way/251878759"
    },
    {
      "type": "Feature",
      "properties": {
        "@id": "way/255661313",
        "access": "private",
        "highway": "residential"
      },
      "geometry": {
        "type": "LineString",
        "coordinates": [
          [
            73.8322946,
            18.5031398
          ],
          [
            73.8324635,
            18.5041189
          ],
          [
            73.8326439,
            18.5041165
          ],
          [
            73.833256,
            18.5041186
          ]
        ]
      },
      "id": "way/255661313"
    },
    {
      "type": "Feature",
      "properties": {
        "@id": "way/255661315",
        "access": "private",
        "highway": "residential"
      },
      "geometry": {
        "type": "LineString",
        "coordinates": [
          [
            73.8328129,
            18.5026863
          ],
          [
            73.8327912,
            18.5032968
          ],
          [
            73.8327997,
            18.5034725
          ]
        ]
      },
      "id": "way/255661315"
    },
    {
      "type": "Feature",
      "properties": {
        "@id": "way/255661323",
        "access": "private",
        "highway": "residential"
      },
      "geometry": {
        "type": "LineString",
        "coordinates": [
          [
            73.8323204,
            18.5031216
          ],
          [
            73.8323971,
            18.503213
          ],
          [
            73.8324633,
            18.5032517
          ],
          [
            73.8325373,
            18.5032757
          ],
          [
            73.8326113,
            18.5032887
          ],
          [
            73.8327912,
            18.5032968
          ]
        ]
      },
      "id": "way/255661323"
    },
    {
      "type": "Feature",
      "properties": {
        "@id": "way/255661327",
        "access": "private",
        "highway": "residential"
      },
      "geometry": {
        "type": "LineString",
        "coordinates": [
          [
            73.8332409,
            18.5044251
          ],
          [
            73.8332429,
            18.504384
          ],
          [
            73.833256,
            18.5041186
          ],
          [
            73.8332773,
            18.5038218
          ],
          [
            73.8332873,
            18.5031175
          ],
          [
            73.8332987,
            18.5030492
          ],
          [
            73.8333195,
            18.5029773
          ],
          [
            73.8334481,
            18.5025767
          ],
          [
            73.8334471,
            18.5025632
          ],
          [
            73.8334426,
            18.5025503
          ],
          [
            73.833427,
            18.5025266
          ],
          [
            73.8334177,
            18.5025211
          ],
          [
            73.8334071,
            18.5025168
          ],
          [
            73.8333925,
            18.5025148
          ],
          [
            73.8333803,
            18.5025174
          ],
          [
            73.8331624,
            18.5025751
          ],
          [
            73.8328129,
            18.5026863
          ],
          [
            73.8326867,
            18.5027415
          ],
          [
            73.8326064,
            18.5028081
          ],
          [
            73.8325213,
            18.5028869
          ],
          [
            73.8323204,
            18.5031216
          ],
          [
            73.8322946,
            18.5031398
          ],
          [
            73.8321682,
            18.5032156
          ],
          [
            73.8320937,
            18.503257
          ]
        ]
      },
      "id": "way/255661327"
    },
    {
      "type": "Feature",
      "properties": {
        "@id": "way/257203324",
        "highway": "residential",
        "name": "Sathe Path",
        "name:mr": "साठे पथ"
      },
      "geometry": {
        "type": "LineString",
        "coordinates": [
          [
            73.8327875,
            18.519671
          ],
          [
            73.833213,
            18.5196576
          ],
          [
            73.834012,
            18.5196326
          ],
          [
            73.8342471,
            18.5196252
          ]
        ]
      },
      "id": "way/257203324"
    },
    {
      "type": "Feature",
      "properties": {
        "@id": "way/257203325",
        "bicycle": "yes",
        "highway": "footway"
      },
      "geometry": {
        "type": "LineString",
        "coordinates": [
          [
            73.8313974,
            18.5147794
          ],
          [
            73.8313551,
            18.5148804
          ],
          [
            73.8313074,
            18.5150723
          ],
          [
            73.8312901,
            18.5151527
          ],
          [
            73.8312842,
            18.5152342
          ],
          [
            73.8313114,
            18.5153224
          ],
          [
            73.8313484,
            18.5153944
          ],
          [
            73.8313996,
            18.5154616
          ],
          [
            73.8314749,
            18.5155111
          ],
          [
            73.8318763,
            18.515699
          ],
          [
            73.8319478,
            18.5157344
          ],
          [
            73.8319922,
            18.5157726
          ],
          [
            73.8320357,
            18.515829
          ],
          [
            73.8320608,
            18.5158727
          ],
          [
            73.8320716,
            18.5159279
          ],
          [
            73.832076,
            18.515994
          ],
          [
            73.8320716,
            18.5160521
          ],
          [
            73.8320581,
            18.5161389
          ],
          [
            73.8320309,
            18.5162053
          ],
          [
            73.8318199,
            18.5165434
          ],
          [
            73.8317971,
            18.5165957
          ],
          [
            73.8317784,
            18.5166666
          ],
          [
            73.8317744,
            18.5167301
          ],
          [
            73.8317857,
            18.5168014
          ],
          [
            73.8318341,
            18.5169592
          ],
          [
            73.8320027,
            18.5175096
          ],
          [
            73.832049,
            18.5176025
          ],
          [
            73.8321015,
            18.5176772
          ],
          [
            73.8325646,
            18.5182514
          ],
          [
            73.8326203,
            18.5183364
          ],
          [
            73.8326576,
            18.5184131
          ],
          [
            73.8326953,
            18.5185008
          ],
          [
            73.832731,
            18.5186202
          ],
          [
            73.8327419,
            18.5186957
          ],
          [
            73.8327563,
            18.5187308
          ]
        ]
      },
      "id": "way/257203325"
    },
    {
      "type": "Feature",
      "properties": {
        "@id": "way/257203326",
        "bicycle": "no",
        "foot": "yes",
        "highway": "footway",
        "motor_vehicle": "no"
      },
      "geometry": {
        "type": "LineString",
        "coordinates": [
          [
            73.8327563,
            18.5187308
          ],
          [
            73.8328195,
            18.5187574
          ],
          [
            73.8328857,
            18.5187732
          ],
          [
            73.8333538,
            18.5188088
          ],
          [
            73.8334689,
            18.5188268
          ],
          [
            73.8335723,
            18.518852
          ],
          [
            73.8337228,
            18.5189046
          ],
          [
            73.8342376,
            18.5191487
          ],
          [
            73.8343413,
            18.5192013
          ],
          [
            73.8344569,
            18.5192362
          ],
          [
            73.8345577,
            18.5192501
          ],
          [
            73.8346689,
            18.5192814
          ],
          [
            73.8349186,
            18.5193246
          ],
          [
            73.8350217,
            18.5193277
          ],
          [
            73.8351303,
            18.5193344
          ],
          [
            73.8352984,
            18.5193201
          ],
          [
            73.835654,
            18.5192887
          ],
          [
            73.8357814,
            18.5192615
          ],
          [
            73.8358713,
            18.519212
          ],
          [
            73.8359641,
            18.5191549
          ],
          [
            73.836051,
            18.5191101
          ],
          [
            73.8361304,
            18.5190873
          ],
          [
            73.8362184,
            18.5190704
          ],
          [
            73.8363122,
            18.5190745
          ],
          [
            73.8364033,
            18.5190939
          ],
          [
            73.836558,
            18.5191242
          ],
          [
            73.8366406,
            18.5191292
          ],
          [
            73.8370748,
            18.5191245
          ],
          [
            73.8371761,
            18.5191245
          ],
          [
            73.8373756,
            18.5191367
          ],
          [
            73.8374877,
            18.5191517
          ],
          [
            73.8376166,
            18.5191804
          ],
          [
            73.8377438,
            18.5192165
          ],
          [
            73.8378684,
            18.5192644
          ],
          [
            73.838015,
            18.5193391
          ],
          [
            73.8380815,
            18.5194007
          ],
          [
            73.8381506,
            18.5194804
          ],
          [
            73.8381943,
            18.5195734
          ],
          [
            73.8382857,
            18.5198223
          ],
          [
            73.8383209,
            18.5198618
          ]
        ]
      },
      "id": "way/257203326"
    },
    {
      "type": "Feature",
      "properties": {
        "@id": "way/257203327",
        "access": "no",
        "foot": "yes",
        "highway": "cycleway",
        "layer": "1"
      },
      "geometry": {
        "type": "LineString",
        "coordinates": [
          [
            73.8328041,
            18.5187146
          ],
          [
            73.8328416,
            18.5187224
          ],
          [
            73.8328899,
            18.518724
          ],
          [
            73.8333601,
            18.5187597
          ],
          [
            73.8334797,
            18.5187784
          ],
          [
            73.8335879,
            18.5188048
          ],
          [
            73.8337435,
            18.5188592
          ],
          [
            73.834258,
            18.5191031
          ],
          [
            73.8343514,
            18.5191342
          ],
          [
            73.8344235,
            18.5191419
          ],
          [
            73.8345529,
            18.5191481
          ],
          [
            73.834648,
            18.5191668
          ],
          [
            73.8349298,
            18.5192553
          ],
          [
            73.8350297,
            18.5192786
          ],
          [
            73.8351297,
            18.5192849
          ],
          [
            73.8352935,
            18.5192709
          ],
          [
            73.8356458,
            18.5192398
          ],
          [
            73.8357621,
            18.5192149
          ],
          [
            73.8358441,
            18.5191699
          ],
          [
            73.8359375,
            18.5191124
          ],
          [
            73.8360308,
            18.5190642
          ],
          [
            73.8361177,
            18.5190394
          ],
          [
            73.8362144,
            18.5190207
          ],
          [
            73.8363192,
            18.5190254
          ],
          [
            73.8364143,
            18.5190456
          ],
          [
            73.836565,
            18.5190751
          ],
          [
            73.836642,
            18.5190798
          ],
          [
            73.8370746,
            18.5190751
          ],
          [
            73.8371778,
            18.5190751
          ],
          [
            73.837381,
            18.5190875
          ],
          [
            73.8374973,
            18.5191031
          ],
          [
            73.83763,
            18.5191326
          ],
          [
            73.8377611,
            18.5191699
          ],
          [
            73.8378905,
            18.5192196
          ],
          [
            73.8380462,
            18.5192988
          ],
          [
            73.8381022,
            18.5193508
          ],
          [
            73.8381199,
            18.5193672
          ],
          [
            73.8381953,
            18.5194542
          ],
          [
            73.8382428,
            18.5195552
          ],
          [
            73.8383317,
            18.5198022
          ],
          [
            73.8383209,
            18.5198618
          ]
        ]
      },
      "id": "way/257203327"
    },
    {
      "type": "Feature",
      "properties": {
        "@id": "way/259729625",
        "highway": "steps",
        "incline": "up"
      },
      "geometry": {
        "type": "LineString",
        "coordinates": [
          [
            73.8309411,
            18.513816
          ],
          [
            73.8307797,
            18.5138441
          ]
        ]
      },
      "id": "way/259729625"
    },
    {
      "type": "Feature",
      "properties": {
        "@id": "way/259729626",
        "highway": "steps",
        "incline": "up"
      },
      "geometry": {
        "type": "LineString",
        "coordinates": [
          [
            73.8305571,
            18.5127791
          ],
          [
            73.830488,
            18.512857
          ]
        ]
      },
      "id": "way/259729626"
    },
    {
      "type": "Feature",
      "properties": {
        "@id": "way/259729627",
        "highway": "steps",
        "incline": "up"
      },
      "geometry": {
        "type": "LineString",
        "coordinates": [
          [
            73.8312802,
            18.5144729
          ],
          [
            73.8311463,
            18.5145363
          ]
        ]
      },
      "id": "way/259729627"
    },
    {
      "type": "Feature",
      "properties": {
        "@id": "way/259729628",
        "highway": "steps",
        "incline": "up"
      },
      "geometry": {
        "type": "LineString",
        "coordinates": [
          [
            73.8308401,
            18.5132841
          ],
          [
            73.8306811,
            18.5133248
          ]
        ]
      },
      "id": "way/259729628"
    },
    {
      "type": "Feature",
      "properties": {
        "@id": "way/263825722",
        "highway": "residential"
      },
      "geometry": {
        "type": "LineString",
        "coordinates": [
          [
            73.8356257,
            18.508603
          ],
          [
            73.8361558,
            18.5083178
          ]
        ]
      },
      "id": "way/263825722"
    },
    {
      "type": "Feature",
      "properties": {
        "@id": "way/263825732",
        "highway": "residential"
      },
      "geometry": {
        "type": "LineString",
        "coordinates": [
          [
            73.8357765,
            18.5087183
          ],
          [
            73.8362678,
            18.508482
          ],
          [
            73.8363968,
            18.50842
          ]
        ]
      },
      "id": "way/263825732"
    },
    {
      "type": "Feature",
      "properties": {
        "@id": "way/263825733",
        "highway": "residential"
      },
      "geometry": {
        "type": "LineString",
        "coordinates": [
          [
            73.8364653,
            18.5090757
          ],
          [
            73.8363694,
            18.5087265
          ],
          [
            73.8362678,
            18.508482
          ]
        ]
      },
      "id": "way/263825733"
    },
    {
      "type": "Feature",
      "properties": {
        "@id": "way/264444885",
        "highway": "service",
        "service": "parking_aisle"
      },
      "geometry": {
        "type": "LineString",
        "coordinates": [
          [
            73.8472161,
            18.5139809
          ],
          [
            73.8468985,
            18.5139281
          ]
        ]
      },
      "id": "way/264444885"
    },
    {
      "type": "Feature",
      "properties": {
        "@id": "way/264444889",
        "highway": "residential"
      },
      "geometry": {
        "type": "LineString",
        "coordinates": [
          [
            73.847818,
            18.517418
          ],
          [
            73.847823,
            18.5179144
          ],
          [
            73.847822,
            18.518002
          ]
        ]
      },
      "id": "way/264444889"
    },
    {
      "type": "Feature",
      "properties": {
        "@id": "way/264444892",
        "highway": "residential"
      },
      "geometry": {
        "type": "LineString",
        "coordinates": [
          [
            73.8482309,
            18.5182136
          ],
          [
            73.8485778,
            18.5182145
          ]
        ]
      },
      "id": "way/264444892"
    },
    {
      "type": "Feature",
      "properties": {
        "@id": "way/264444896",
        "highway": "residential"
      },
      "geometry": {
        "type": "LineString",
        "coordinates": [
          [
            73.849861,
            18.5186916
          ],
          [
            73.8503887,
            18.518844
          ]
        ]
      },
      "id": "way/264444896"
    },
    {
      "type": "Feature",
      "properties": {
        "@id": "way/264444901",
        "highway": "residential"
      },
      "geometry": {
        "type": "LineString",
        "coordinates": [
          [
            73.8474282,
            18.5174436
          ],
          [
            73.8475701,
            18.5177921
          ],
          [
            73.8476508,
            18.5179531
          ],
          [
            73.8477077,
            18.5180371
          ]
        ]
      },
      "id": "way/264444901"
    },
    {
      "type": "Feature",
      "properties": {
        "@id": "way/264444904",
        "highway": "residential"
      },
      "geometry": {
        "type": "LineString",
        "coordinates": [
          [
            73.846032,
            18.5163968
          ],
          [
            73.8461345,
            18.5163291
          ],
          [
            73.84615,
            18.5162905
          ],
          [
            73.8461365,
            18.5162375
          ],
          [
            73.8461229,
            18.5161875
          ],
          [
            73.8461428,
            18.5161442
          ],
          [
            73.8461544,
            18.5160966
          ],
          [
            73.8461305,
            18.5160182
          ]
        ]
      },
      "id": "way/264444904"
    },
    {
      "type": "Feature",
      "properties": {
        "@id": "way/275490286",
        "highway": "residential"
      },
      "geometry": {
        "type": "LineString",
        "coordinates": [
          [
            73.8366746,
            18.517471
          ],
          [
            73.8363801,
            18.5174609
          ],
          [
            73.8359309,
            18.5174586
          ],
          [
            73.8354908,
            18.5174851
          ],
          [
            73.8348663,
            18.5175314
          ],
          [
            73.8341348,
            18.5175972
          ],
          [
            73.8341118,
            18.5176001
          ],
          [
            73.8338175,
            18.517684
          ],
          [
            73.8333867,
            18.5178068
          ],
          [
            73.8328221,
            18.5180878
          ],
          [
            73.8326995,
            18.5181479
          ]
        ]
      },
      "id": "way/275490286"
    },
    {
      "type": "Feature",
      "properties": {
        "@id": "way/275490287",
        "highway": "footway"
      },
      "geometry": {
        "type": "LineString",
        "coordinates": [
          [
            73.8306898,
            18.5139383
          ],
          [
            73.8307916,
            18.5139157
          ]
        ]
      },
      "id": "way/275490287"
    },
    {
      "type": "Feature",
      "properties": {
        "@id": "way/275490288",
        "highway": "footway"
      },
      "geometry": {
        "type": "LineString",
        "coordinates": [
          [
            73.8308903,
            18.5145202
          ],
          [
            73.8310656,
            18.5144701
          ]
        ]
      },
      "id": "way/275490288"
    },
    {
      "type": "Feature",
      "properties": {
        "@id": "way/275490290",
        "highway": "footway"
      },
      "geometry": {
        "type": "LineString",
        "coordinates": [
          [
            73.830615,
            18.5135778
          ],
          [
            73.8307325,
            18.5135579
          ]
        ]
      },
      "id": "way/275490290"
    },
    {
      "type": "Feature",
      "properties": {
        "@id": "way/275490298",
        "highway": "primary_link",
        "lanes": "2",
        "lit": "yes",
        "oneway": "yes",
        "surface": "asphalt"
      },
      "geometry": {
        "type": "LineString",
        "coordinates": [
          [
            73.8423167,
            18.515868
          ],
          [
            73.8422682,
            18.5158352
          ],
          [
            73.842226,
            18.515811
          ],
          [
            73.8421898,
            18.515801
          ],
          [
            73.8421633,
            18.5157994
          ],
          [
            73.8421431,
            18.5157982
          ],
          [
            73.8421194,
            18.5158008
          ],
          [
            73.8420893,
            18.5158177
          ],
          [
            73.8420633,
            18.5158452
          ],
          [
            73.8420429,
            18.5158823
          ]
        ]
      },
      "id": "way/275490298"
    },
    {
      "type": "Feature",
      "properties": {
        "@id": "way/276154593",
        "highway": "residential",
        "name": "Nanasaheb Chapekar Path",
        "name:mr": "नानासाहेब चापेकर पथ"
      },
      "geometry": {
        "type": "LineString",
        "coordinates": [
          [
            73.8361362,
            18.5110121
          ],
          [
            73.8364353,
            18.5104318
          ]
        ]
      },
      "id": "way/276154593"
    },
    {
      "type": "Feature",
      "properties": {
        "@id": "way/276154601",
        "highway": "service"
      },
      "geometry": {
        "type": "LineString",
        "coordinates": [
          [
            73.8448532,
            18.513062
          ],
          [
            73.8448209,
            18.5131633
          ],
          [
            73.8447858,
            18.5132207
          ]
        ]
      },
      "id": "way/276154601"
    },
    {
      "type": "Feature",
      "properties": {
        "@id": "way/279548153",
        "highway": "residential",
        "name": "Ashok Balkavade Path",
        "name:mr": "अशोक बलकवडे पथ"
      },
      "geometry": {
        "type": "LineString",
        "coordinates": [
          [
            73.842386,
            18.5094532
          ],
          [
            73.8424052,
            18.5091276
          ],
          [
            73.8424245,
            18.5090935
          ],
          [
            73.842452,
            18.5090793
          ],
          [
            73.8426449,
            18.5090879
          ],
          [
            73.8426902,
            18.5090899
          ],
          [
            73.8430617,
            18.5091393
          ],
          [
            73.8435527,
            18.5092036
          ],
          [
            73.8436083,
            18.5092109
          ]
        ]
      },
      "id": "way/279548153"
    },
    {
      "type": "Feature",
      "properties": {
        "@id": "way/279548157",
        "highway": "service"
      },
      "geometry": {
        "type": "LineString",
        "coordinates": [
          [
            73.8434602,
            18.5083904
          ],
          [
            73.8436495,
            18.5084139
          ]
        ]
      },
      "id": "way/279548157"
    },
    {
      "type": "Feature",
      "properties": {
        "@id": "way/279548158",
        "highway": "footway"
      },
      "geometry": {
        "type": "LineString",
        "coordinates": [
          [
            73.8420779,
            18.511384
          ],
          [
            73.842413,
            18.5119173
          ]
        ]
      },
      "id": "way/279548158"
    },
    {
      "type": "Feature",
      "properties": {
        "@id": "way/279548162",
        "highway": "footway"
      },
      "geometry": {
        "type": "LineString",
        "coordinates": [
          [
            73.8420571,
            18.5112238
          ],
          [
            73.8420887,
            18.5113038
          ]
        ]
      },
      "id": "way/279548162"
    },
    {
      "type": "Feature",
      "properties": {
        "@id": "way/279548165",
        "highway": "residential"
      },
      "geometry": {
        "type": "LineString",
        "coordinates": [
          [
            73.8430617,
            18.5091393
          ],
          [
            73.8430974,
            18.5088141
          ]
        ]
      },
      "id": "way/279548165"
    },
    {
      "type": "Feature",
      "properties": {
        "@id": "way/279548166",
        "highway": "path"
      },
      "geometry": {
        "type": "LineString",
        "coordinates": [
          [
            73.8431381,
            18.5081102
          ],
          [
            73.843087,
            18.5084994
          ]
        ]
      },
      "id": "way/279548166"
    },
    {
      "type": "Feature",
      "properties": {
        "@id": "way/279548167",
        "highway": "service"
      },
      "geometry": {
        "type": "LineString",
        "coordinates": [
          [
            73.8427663,
            18.508472
          ],
          [
            73.843087,
            18.5084994
          ]
        ]
      },
      "id": "way/279548167"
    },
    {
      "type": "Feature",
      "properties": {
        "@id": "way/279548170",
        "highway": "service"
      },
      "geometry": {
        "type": "LineString",
        "coordinates": [
          [
            73.8427246,
            18.5087664
          ],
          [
            73.8430463,
            18.5088067
          ],
          [
            73.8430974,
            18.5088141
          ],
          [
            73.8434386,
            18.5088636
          ],
          [
            73.8436554,
            18.5089194
          ],
          [
            73.8437042,
            18.5089319
          ]
        ]
      },
      "id": "way/279548170"
    },
    {
      "type": "Feature",
      "properties": {
        "@id": "way/279548171",
        "highway": "steps",
        "incline": "down"
      },
      "geometry": {
        "type": "LineString",
        "coordinates": [
          [
            73.8420887,
            18.5113038
          ],
          [
            73.8420779,
            18.5113203
          ],
          [
            73.8420696,
            18.5113447
          ],
          [
            73.8420779,
            18.511384
          ]
        ]
      },
      "id": "way/279548171"
    },
    {
      "type": "Feature",
      "properties": {
        "@id": "way/279548174",
        "access": "private",
        "highway": "service"
      },
      "geometry": {
        "type": "LineString",
        "coordinates": [
          [
            73.8434386,
            18.5088636
          ],
          [
            73.8434528,
            18.5085535
          ],
          [
            73.8434602,
            18.5083904
          ],
          [
            73.843466,
            18.50825
          ],
          [
            73.843469,
            18.5082134
          ],
          [
            73.8434704,
            18.508167
          ]
        ]
      },
      "id": "way/279548174"
    },
    {
      "type": "Feature",
      "properties": {
        "@id": "way/279548176",
        "highway": "residential",
        "surface": "concrete"
      },
      "geometry": {
        "type": "LineString",
        "coordinates": [
          [
            73.8420102,
            18.5079515
          ],
          [
            73.8427522,
            18.5080439
          ],
          [
            73.8428822,
            18.5080658
          ],
          [
            73.8431381,
            18.5081102
          ],
          [
            73.8434704,
            18.508167
          ],
          [
            73.8439118,
            18.5082414
          ],
          [
            73.8439794,
            18.5082528
          ]
        ]
      },
      "id": "way/279548176"
    },
    {
      "type": "Feature",
      "properties": {
        "@id": "way/281308015",
        "alt_name": "Ferguson College Road",
        "alt_name:mr": "फर्ग्युसन कॉलेज रस्ता",
        "highway": "primary",
        "lanes": "2",
        "lit": "yes",
        "name": "Gopal Krushna Gokhale Path",
        "name:etymology:wikidata": "Q313299",
        "name:mr": "गोपाळ कृष्ण गोखले पथ",
        "oneway": "yes",
        "ref": "SH60",
        "surface": "asphalt"
      },
      "geometry": {
        "type": "LineString",
        "coordinates": [
          [
            73.8419601,
            18.5160631
          ],
          [
            73.8419224,
            18.516197
          ],
          [
            73.8418664,
            18.5163955
          ],
          [
            73.8417357,
            18.5169144
          ],
          [
            73.8416601,
            18.5172509
          ],
          [
            73.8416331,
            18.5173639
          ],
          [
            73.8416184,
            18.5174252
          ],
          [
            73.8416037,
            18.5174963
          ],
          [
            73.8415875,
            18.5175742
          ],
          [
            73.8415617,
            18.5177284
          ],
          [
            73.8415123,
            18.5180232
          ],
          [
            73.8414602,
            18.5183339
          ],
          [
            73.8413925,
            18.5187409
          ],
          [
            73.8413309,
            18.5191109
          ],
          [
            73.841293,
            18.5193386
          ],
          [
            73.841194,
            18.5199083
          ],
          [
            73.8411174,
            18.5204561
          ],
          [
            73.8411081,
            18.5205223
          ],
          [
            73.8410792,
            18.5207289
          ],
          [
            73.8410584,
            18.5208625
          ],
          [
            73.8410377,
            18.520996
          ],
          [
            73.8410068,
            18.5212708
          ],
          [
            73.8409937,
            18.5213873
          ],
          [
            73.8409397,
            18.5218669
          ],
          [
            73.8409335,
            18.5220193
          ],
          [
            73.8409325,
            18.5220432
          ],
          [
            73.8409202,
            18.5223467
          ],
          [
            73.8409179,
            18.5224042
          ],
          [
            73.8409127,
            18.5225313
          ],
          [
            73.8409134,
            18.5225565
          ],
          [
            73.8409165,
            18.5226744
          ],
          [
            73.8409438,
            18.5228669
          ],
          [
            73.8411943,
            18.5239295
          ],
          [
            73.8412991,
            18.5243741
          ],
          [
            73.8413279,
            18.5244963
          ],
          [
            73.8413425,
            18.524561
          ]
        ]
      },
      "id": "way/281308015"
    },
    {
      "type": "Feature",
      "properties": {
        "@id": "way/281308016",
        "alt_name": "JM Road",
        "highway": "primary",
        "lanes": "3",
        "lit": "yes",
        "name": "Jangli Maharaj Path",
        "name:etymology:wikidata": "Q6153993",
        "name:mr": "जंगली महाराज पथ",
        "oneway": "yes",
        "ref": "SH60",
        "surface": "asphalt"
      },
      "geometry": {
        "type": "LineString",
        "coordinates": [
          [
            73.8424086,
            18.5159336
          ],
          [
            73.8423079,
            18.5157778
          ],
          [
            73.8422851,
            18.5157436
          ]
        ]
      },
      "id": "way/281308016"
    },
    {
      "type": "Feature",
      "properties": {
        "@id": "way/281308018",
        "access": "private",
        "highway": "service"
      },
      "geometry": {
        "type": "LineString",
        "coordinates": [
          [
            73.8438446,
            18.519644
          ],
          [
            73.8435011,
            18.5197589
          ],
          [
            73.8434309,
            18.5197824
          ]
        ]
      },
      "id": "way/281308018"
    },
    {
      "type": "Feature",
      "properties": {
        "@id": "way/281308021",
        "highway": "residential"
      },
      "geometry": {
        "type": "LineString",
        "coordinates": [
          [
            73.8419641,
            18.5195527
          ],
          [
            73.8421205,
            18.5198748
          ]
        ]
      },
      "id": "way/281308021"
    },
    {
      "type": "Feature",
      "properties": {
        "@id": "way/281308027",
        "highway": "residential"
      },
      "geometry": {
        "type": "LineString",
        "coordinates": [
          [
            73.8439923,
            18.5192364
          ],
          [
            73.8433205,
            18.5194921
          ]
        ]
      },
      "id": "way/281308027"
    },
    {
      "type": "Feature",
      "properties": {
        "@id": "way/281308030",
        "highway": "residential"
      },
      "geometry": {
        "type": "LineString",
        "coordinates": [
          [
            73.8431391,
            18.5190151
          ],
          [
            73.8436843,
            18.5187606
          ]
        ]
      },
      "id": "way/281308030"
    },
    {
      "type": "Feature",
      "properties": {
        "@id": "way/281308031",
        "highway": "service"
      },
      "geometry": {
        "type": "LineString",
        "coordinates": [
          [
            73.84336,
            18.519596
          ],
          [
            73.8431123,
            18.5196816
          ]
        ]
      },
      "id": "way/281308031"
    },
    {
      "type": "Feature",
      "properties": {
        "@id": "way/281308035",
        "highway": "residential"
      },
      "geometry": {
        "type": "LineString",
        "coordinates": [
          [
            73.8423754,
            18.5185899
          ],
          [
            73.8421256,
            18.5187041
          ],
          [
            73.8419265,
            18.5187952
          ]
        ]
      },
      "id": "way/281308035"
    },
    {
      "type": "Feature",
      "properties": {
        "@id": "way/281844138",
        "highway": "secondary",
        "lit": "yes",
        "name": "Patrakar Bhavan Path",
        "name:mr": "पत्रकार भवन पथ",
        "surface": "asphalt"
      },
      "geometry": {
        "type": "LineString",
        "coordinates": [
          [
            73.8419718,
            18.5093991
          ],
          [
            73.8420642,
            18.5094126
          ],
          [
            73.8420893,
            18.5094158
          ],
          [
            73.842386,
            18.5094532
          ],
          [
            73.8426034,
            18.5094702
          ],
          [
            73.8426977,
            18.5094776
          ],
          [
            73.8434135,
            18.5095336
          ],
          [
            73.843528,
            18.5095426
          ]
        ]
      },
      "id": "way/281844138"
    },
    {
      "type": "Feature",
      "properties": {
        "@id": "way/281844150",
        "highway": "residential"
      },
      "geometry": {
        "type": "LineString",
        "coordinates": [
          [
            73.8310464,
            18.5044259
          ],
          [
            73.8310934,
            18.5043815
          ],
          [
            73.8314572,
            18.5040382
          ],
          [
            73.8316074,
            18.5038965
          ]
        ]
      },
      "id": "way/281844150"
    },
    {
      "type": "Feature",
      "properties": {
        "@id": "way/281844151",
        "highway": "secondary",
        "lanes": "2",
        "lit": "yes",
        "oneway": "yes",
        "surface": "asphalt"
      },
      "geometry": {
        "type": "LineString",
        "coordinates": [
          [
            73.8406685,
            18.5094357
          ],
          [
            73.8407139,
            18.5094325
          ],
          [
            73.8407646,
            18.5094145
          ],
          [
            73.8408096,
            18.5094093
          ],
          [
            73.8419091,
            18.5094311
          ],
          [
            73.8419718,
            18.5093991
          ]
        ]
      },
      "id": "way/281844151"
    },
    {
      "type": "Feature",
      "properties": {
        "@id": "way/281844152",
        "highway": "secondary",
        "lanes": "2",
        "lit": "yes",
        "oneway": "yes",
        "surface": "asphalt"
      },
      "geometry": {
        "type": "LineString",
        "coordinates": [
          [
            73.8419718,
            18.5093991
          ],
          [
            73.8418978,
            18.5093595
          ],
          [
            73.8408064,
            18.5093553
          ],
          [
            73.840751,
            18.5093617
          ],
          [
            73.840694,
            18.509382
          ],
          [
            73.8406685,
            18.5094357
          ]
        ]
      },
      "id": "way/281844152"
    },
    {
      "type": "Feature",
      "properties": {
        "@id": "way/281844153",
        "highway": "residential"
      },
      "geometry": {
        "type": "LineString",
        "coordinates": [
          [
            73.8312787,
            18.5046439
          ],
          [
            73.8313295,
            18.5046031
          ],
          [
            73.8314533,
            18.5045035
          ],
          [
            73.8315542,
            18.5044796
          ],
          [
            73.8316074,
            18.5044916
          ],
          [
            73.8316592,
            18.5045155
          ],
          [
            73.8317685,
            18.504453
          ]
        ]
      },
      "id": "way/281844153"
    },
    {
      "type": "Feature",
      "properties": {
        "@id": "way/281844154",
        "highway": "residential",
        "name": "Appasaheb Padwal Path",
        "name:mr": "अप्पासाहेब पडवळ पथ"
      },
      "geometry": {
        "type": "LineString",
        "coordinates": [
          [
            73.8434954,
            18.5098794
          ],
          [
            73.8435397,
            18.5098913
          ],
          [
            73.8438184,
            18.5099658
          ],
          [
            73.8441093,
            18.510043
          ],
          [
            73.8444428,
            18.510114
          ],
          [
            73.8455601,
            18.5103418
          ],
          [
            73.8455477,
            18.510466
          ],
          [
            73.84601,
            18.5105337
          ]
        ]
      },
      "id": "way/281844154"
    },
    {
      "type": "Feature",
      "properties": {
        "@id": "way/282102077",
        "highway": "service"
      },
      "geometry": {
        "type": "LineString",
        "coordinates": [
          [
            73.8426273,
            18.5066857
          ],
          [
            73.8423295,
            18.5066676
          ]
        ]
      },
      "id": "way/282102077"
    },
    {
      "type": "Feature",
      "properties": {
        "@id": "way/282102086",
        "highway": "residential"
      },
      "geometry": {
        "type": "LineString",
        "coordinates": [
          [
            73.8420498,
            18.5064218
          ],
          [
            73.8426308,
            18.506409
          ]
        ]
      },
      "id": "way/282102086"
    },
    {
      "type": "Feature",
      "properties": {
        "@id": "way/282102091",
        "highway": "residential"
      },
      "geometry": {
        "type": "LineString",
        "coordinates": [
          [
            73.8407877,
            18.5194789
          ],
          [
            73.8408319,
            18.5195306
          ],
          [
            73.8407774,
            18.5202528
          ]
        ]
      },
      "id": "way/282102091"
    },
    {
      "type": "Feature",
      "properties": {
        "@id": "way/282102093",
        "highway": "service"
      },
      "geometry": {
        "type": "LineString",
        "coordinates": [
          [
            73.8423324,
            18.5065203
          ],
          [
            73.8423295,
            18.5066676
          ],
          [
            73.8423242,
            18.5069413
          ]
        ]
      },
      "id": "way/282102093"
    },
    {
      "type": "Feature",
      "properties": {
        "@id": "way/282484387",
        "bench": "yes",
        "bus": "yes",
        "highway": "platform",
        "name": "Alka Talkies",
        "name:mr": "अलका टॉकीज",
        "public_transport": "platform",
        "shelter": "yes"
      },
      "geometry": {
        "type": "LineString",
        "coordinates": [
          [
            73.8447529,
            18.5129321
          ],
          [
            73.8448036,
            18.5129387
          ]
        ]
      },
      "id": "way/282484387"
    },
    {
      "type": "Feature",
      "properties": {
        "@id": "way/282484401",
        "bench": "yes",
        "bus": "yes",
        "highway": "platform",
        "name": "Deccan Corner",
        "name:mr": "डेक्कन कॉर्नर",
        "public_transport": "platform",
        "shelter": "yes"
      },
      "geometry": {
        "type": "LineString",
        "coordinates": [
          [
            73.8411443,
            18.5133009
          ],
          [
            73.8412394,
            18.5133682
          ]
        ]
      },
      "id": "way/282484401"
    },
    {
      "type": "Feature",
      "properties": {
        "@id": "way/282484402",
        "bench": "yes",
        "bus": "yes",
        "highway": "platform",
        "name": "Deccan Corner",
        "name:mr": "डेक्कन कॉर्नर",
        "public_transport": "platform",
        "shelter": "yes"
      },
      "geometry": {
        "type": "LineString",
        "coordinates": [
          [
            73.8410042,
            18.5134961
          ],
          [
            73.8410682,
            18.5135502
          ]
        ]
      },
      "id": "way/282484402"
    },
    {
      "type": "Feature",
      "properties": {
        "@id": "way/282484406",
        "bench": "yes",
        "bus": "yes",
        "highway": "platform",
        "name": "Garware Mahavidyalay",
        "name:mr": "गरवारे महाविद्यालय",
        "public_transport": "platform",
        "shelter": "yes"
      },
      "geometry": {
        "type": "LineString",
        "coordinates": [
          [
            73.8388349,
            18.5122896
          ],
          [
            73.8389386,
            18.5123426
          ]
        ]
      },
      "id": "way/282484406"
    },
    {
      "type": "Feature",
      "properties": {
        "@id": "way/282484407",
        "bench": "yes",
        "bus": "yes",
        "highway": "platform",
        "name": "Gokhale Hall",
        "name:mr": "गोखले हॉल",
        "public_transport": "platform",
        "shelter": "yes"
      },
      "geometry": {
        "type": "LineString",
        "coordinates": [
          [
            73.8491087,
            18.5140004
          ],
          [
            73.849171,
            18.514007
          ]
        ]
      },
      "id": "way/282484407"
    },
    {
      "type": "Feature",
      "properties": {
        "@id": "way/282484427",
        "abutters": "retail",
        "highway": "tertiary",
        "lanes": "2",
        "name": "Laxmi Path",
        "name:mr": "लक्ष्मी पथ",
        "oneway": "yes"
      },
      "geometry": {
        "type": "LineString",
        "coordinates": [
          [
            73.8537421,
            18.5145251
          ],
          [
            73.8523177,
            18.5144753
          ],
          [
            73.8515993,
            18.5143807
          ],
          [
            73.8501151,
            18.5141854
          ],
          [
            73.8498079,
            18.5141488
          ],
          [
            73.8491322,
            18.5140682
          ],
          [
            73.8488306,
            18.5140322
          ],
          [
            73.8484591,
            18.5139879
          ],
          [
            73.8472286,
            18.5138627
          ],
          [
            73.8469163,
            18.5138217
          ],
          [
            73.8463277,
            18.5137776
          ],
          [
            73.8461613,
            18.5137283
          ],
          [
            73.8460506,
            18.5136979
          ],
          [
            73.8453115,
            18.513457
          ]
        ]
      },
      "id": "way/282484427"
    },
    {
      "type": "Feature",
      "properties": {
        "@id": "way/282484430",
        "bench": "yes",
        "bus": "yes",
        "highway": "platform",
        "name": "Nal Stop",
        "name:mr": "नळ स्टॉप",
        "public_transport": "platform",
        "shelter": "yes"
      },
      "geometry": {
        "type": "LineString",
        "coordinates": [
          [
            73.831961,
            18.5088402
          ],
          [
            73.8320292,
            18.5088746
          ]
        ]
      },
      "id": "way/282484430"
    },
    {
      "type": "Feature",
      "properties": {
        "@id": "way/282484431",
        "bench": "yes",
        "bus": "yes",
        "highway": "platform",
        "name": "Nal Stop",
        "name:mr": "नळ स्टॉप",
        "public_transport": "platform",
        "shelter": "yes"
      },
      "geometry": {
        "type": "LineString",
        "coordinates": [
          [
            73.8320089,
            18.5091512
          ],
          [
            73.8320742,
            18.5091828
          ]
        ]
      },
      "id": "way/282484431"
    },
    {
      "type": "Feature",
      "properties": {
        "@id": "way/282484437",
        "bench": "yes",
        "bus": "yes",
        "highway": "platform",
        "name": "Petrol Pump (Karve Road)",
        "name:mr": "पेट्रोल पंप (कर्वे रस्ता)",
        "public_transport": "platform",
        "shelter": "yes"
      },
      "geometry": {
        "type": "LineString",
        "coordinates": [
          [
            73.8350187,
            18.5103918
          ],
          [
            73.8351305,
            18.5104426
          ]
        ]
      },
      "id": "way/282484437"
    },
    {
      "type": "Feature",
      "properties": {
        "@id": "way/282484438",
        "bench": "yes",
        "bus": "yes",
        "highway": "platform",
        "name": "Petrol Pump (Karve Road)",
        "name:mr": "पेट्रोल पंप (कर्वे रस्ता)",
        "public_transport": "platform",
        "shelter": "yes"
      },
      "geometry": {
        "type": "LineString",
        "coordinates": [
          [
            73.8347806,
            18.5105398
          ],
          [
            73.8348392,
            18.5105685
          ]
        ]
      },
      "id": "way/282484438"
    },
    {
      "type": "Feature",
      "properties": {
        "@id": "way/282484449",
        "alt_name": "Lakadi Pul",
        "alt_name:mr": "लकडी पूल",
        "highway": "primary",
        "lanes": "2",
        "name": "Sambhaji Bridge",
        "name:etymology:wikidata": "Q2737041",
        "name:mr": "संभाजी पूल",
        "oneway": "yes",
        "surface": "asphalt"
      },
      "geometry": {
        "type": "LineString",
        "coordinates": [
          [
            73.8424559,
            18.5142662
          ],
          [
            73.842418,
            18.5143263
          ],
          [
            73.8424026,
            18.5143508
          ],
          [
            73.8423542,
            18.5144652
          ]
        ]
      },
      "id": "way/282484449"
    },
    {
      "type": "Feature",
      "properties": {
        "@id": "way/282484455",
        "bench": "yes",
        "bus": "yes",
        "highway": "platform",
        "name": "Vijay Talkies",
        "name:mr": "विजय टॉकीज",
        "public_transport": "platform",
        "shelter": "yes"
      },
      "geometry": {
        "type": "LineString",
        "coordinates": [
          [
            73.84614,
            18.5136749
          ],
          [
            73.8462004,
            18.5136908
          ]
        ]
      },
      "id": "way/282484455"
    },
    {
      "type": "Feature",
      "properties": {
        "@id": "way/283124011",
        "bench": "yes",
        "bus": "yes",
        "highway": "platform",
        "name": "Alka Talkies",
        "name:mr": "अलका टॉकीज",
        "public_transport": "platform",
        "shelter": "yes"
      },
      "geometry": {
        "type": "LineString",
        "coordinates": [
          [
            73.8443519,
            18.5134375
          ],
          [
            73.8443819,
            18.5134747
          ]
        ]
      },
      "id": "way/283124011"
    },
    {
      "type": "Feature",
      "properties": {
        "@id": "way/283124021",
        "bench": "yes",
        "bus": "yes",
        "highway": "platform",
        "name": "Kesariwada",
        "name:mr": "केसरीवाडा",
        "public_transport": "platform",
        "shelter": "yes"
      },
      "geometry": {
        "type": "LineString",
        "coordinates": [
          [
            73.8490617,
            18.5162515
          ],
          [
            73.8491107,
            18.5162526
          ]
        ]
      },
      "id": "way/283124021"
    },
    {
      "type": "Feature",
      "properties": {
        "@id": "way/283124023",
        "abutters": "retail",
        "highway": "tertiary",
        "lanes": "2",
        "name": "Laxmi Path",
        "name:mr": "लक्ष्मी पथ",
        "oneway": "yes"
      },
      "geometry": {
        "type": "LineString",
        "coordinates": [
          [
            73.8453115,
            18.513457
          ],
          [
            73.845193,
            18.5134104
          ],
          [
            73.8449935,
            18.5133175
          ],
          [
            73.8447858,
            18.5132207
          ],
          [
            73.8445901,
            18.513129
          ],
          [
            73.8442374,
            18.5129638
          ],
          [
            73.844221,
            18.5129572
          ],
          [
            73.8439554,
            18.5128496
          ]
        ]
      },
      "id": "way/283124023"
    },
    {
      "type": "Feature",
      "properties": {
        "@id": "way/283124025",
        "bench": "yes",
        "bus": "yes",
        "highway": "platform",
        "name": "Mati Ganapati",
        "name:mr": "माती गणपती",
        "public_transport": "platform",
        "shelter": "yes"
      },
      "geometry": {
        "type": "LineString",
        "coordinates": [
          [
            73.8466741,
            18.5158155
          ],
          [
            73.8467197,
            18.5158306
          ]
        ]
      },
      "id": "way/283124025"
    },
    {
      "type": "Feature",
      "properties": {
        "@id": "way/290403535",
        "access": "permissive",
        "highway": "service"
      },
      "geometry": {
        "type": "LineString",
        "coordinates": [
          [
            73.8372664,
            18.5199163
          ],
          [
            73.8372356,
            18.5199691
          ],
          [
            73.8371573,
            18.5200353
          ],
          [
            73.8369337,
            18.5201821
          ],
          [
            73.8368826,
            18.5202024
          ],
          [
            73.8368297,
            18.5202128
          ],
          [
            73.8367569,
            18.5202055
          ],
          [
            73.83667,
            18.5201811
          ],
          [
            73.8366273,
            18.5201312
          ],
          [
            73.8366031,
            18.5200515
          ],
          [
            73.8365974,
            18.5199501
          ],
          [
            73.8366173,
            18.5198054
          ]
        ]
      },
      "id": "way/290403535"
    },
    {
      "type": "Feature",
      "properties": {
        "@id": "way/290403541",
        "access": "permissive",
        "highway": "service"
      },
      "geometry": {
        "type": "LineString",
        "coordinates": [
          [
            73.8374704,
            18.5199036
          ],
          [
            73.8372664,
            18.5199163
          ]
        ]
      },
      "id": "way/290403541"
    },
    {
      "type": "Feature",
      "properties": {
        "@id": "way/290403550",
        "access": "permissive",
        "highway": "service"
      },
      "geometry": {
        "type": "LineString",
        "coordinates": [
          [
            73.8374704,
            18.5199036
          ],
          [
            73.837418,
            18.5201128
          ],
          [
            73.8374059,
            18.5202256
          ],
          [
            73.8374108,
            18.5204405
          ]
        ]
      },
      "id": "way/290403550"
    },
    {
      "type": "Feature",
      "properties": {
        "@id": "way/290403551",
        "access": "permissive",
        "highway": "service",
        "layer": "1"
      },
      "geometry": {
        "type": "LineString",
        "coordinates": [
          [
            73.8366173,
            18.5198054
          ],
          [
            73.8371981,
            18.5198105
          ],
          [
            73.8372299,
            18.5198488
          ],
          [
            73.8372664,
            18.5199163
          ]
        ]
      },
      "id": "way/290403551"
    },
    {
      "type": "Feature",
      "properties": {
        "@id": "way/290403552",
        "access": "permissive",
        "highway": "service"
      },
      "geometry": {
        "type": "LineString",
        "coordinates": [
          [
            73.8379095,
            18.5198183
          ],
          [
            73.8377746,
            18.5198635
          ],
          [
            73.8376431,
            18.5198867
          ],
          [
            73.8374704,
            18.5199036
          ]
        ]
      },
      "id": "way/290403552"
    },
    {
      "type": "Feature",
      "properties": {
        "@id": "way/290403554",
        "access": "permissive",
        "highway": "service"
      },
      "geometry": {
        "type": "LineString",
        "coordinates": [
          [
            73.837986,
            18.5198629
          ],
          [
            73.8379525,
            18.5199006
          ],
          [
            73.8379488,
            18.5199415
          ],
          [
            73.837989,
            18.5201749
          ],
          [
            73.8380447,
            18.5203443
          ],
          [
            73.838163,
            18.5207045
          ],
          [
            73.8384552,
            18.5219928
          ],
          [
            73.838605,
            18.5226533
          ]
        ]
      },
      "id": "way/290403554"
    },
    {
      "type": "Feature",
      "properties": {
        "@id": "way/290403555",
        "access": "private",
        "highway": "service"
      },
      "geometry": {
        "type": "LineString",
        "coordinates": [
          [
            73.8384165,
            18.5198455
          ],
          [
            73.8384469,
            18.5199026
          ],
          [
            73.8386163,
            18.5202205
          ],
          [
            73.8387765,
            18.520521
          ],
          [
            73.8388501,
            18.5206354
          ],
          [
            73.8390253,
            18.5209536
          ],
          [
            73.8390925,
            18.5212275
          ],
          [
            73.8393038,
            18.5217449
          ]
        ]
      },
      "id": "way/290403555"
    },
    {
      "type": "Feature",
      "properties": {
        "@id": "way/290528074",
        "alt_name": "Tilak Road",
        "alt_name:mr": "टिळक रस्ता",
        "highway": "secondary",
        "lanes": "2",
        "name": "Lokmanya Tilak Marg",
        "name:en": "Lokmanya Tilak Road",
        "name:etymology:wikidata": "Q312555",
        "name:mr": "लोकमान्य टिळक मार्ग",
        "oneway": "no",
        "surface": "asphalt"
      },
      "geometry": {
        "type": "LineString",
        "coordinates": [
          [
            73.8500273,
            18.5080676
          ],
          [
            73.8499487,
            18.5081287
          ],
          [
            73.8497003,
            18.5082867
          ],
          [
            73.8492863,
            18.5085487
          ],
          [
            73.8491441,
            18.5086514
          ],
          [
            73.8480978,
            18.5092333
          ],
          [
            73.8474087,
            18.5096158
          ],
          [
            73.8472728,
            18.5096913
          ],
          [
            73.8471479,
            18.5097706
          ],
          [
            73.8466999,
            18.510104
          ],
          [
            73.8465616,
            18.510212
          ],
          [
            73.8465284,
            18.5102399
          ],
          [
            73.8462835,
            18.5104237
          ]
        ]
      },
      "id": "way/290528074"
    },
    {
      "type": "Feature",
      "properties": {
        "@id": "way/292755671",
        "highway": "residential"
      },
      "geometry": {
        "type": "LineString",
        "coordinates": [
          [
            73.8368888,
            18.512254
          ],
          [
            73.836938,
            18.5122795
          ],
          [
            73.8374934,
            18.5125675
          ]
        ]
      },
      "id": "way/292755671"
    },
    {
      "type": "Feature",
      "properties": {
        "@id": "way/292755673",
        "highway": "residential"
      },
      "geometry": {
        "type": "LineString",
        "coordinates": [
          [
            73.8363619,
            18.5130936
          ],
          [
            73.8369312,
            18.5133281
          ]
        ]
      },
      "id": "way/292755673"
    },
    {
      "type": "Feature",
      "properties": {
        "@id": "way/297855405",
        "alt_name": "Balagandharva Bridge",
        "alt_name:mr": "बालगंधर्व पूल",
        "highway": "tertiary_link",
        "name": "Maharshi Vitthal Ramji Shinde Bridge",
        "name:etymology:wikidata": "Q7937284",
        "name:mr": "महर्षी विठ्ठल रामजी शिंदे पूल",
        "oneway": "yes"
      },
      "geometry": {
        "type": "LineString",
        "coordinates": [
          [
            73.8496806,
            18.5200453
          ],
          [
            73.8497395,
            18.5199831
          ],
          [
            73.8498101,
            18.5199178
          ],
          [
            73.8499303,
            18.5198468
          ]
        ]
      },
      "id": "way/297855405"
    },
    {
      "type": "Feature",
      "properties": {
        "@id": "way/297855407",
        "highway": "residential",
        "name": "Omkareshwar Path",
        "name:mr": "ॐकारेश्वर पथ",
        "oneway": "yes"
      },
      "geometry": {
        "type": "LineString",
        "coordinates": [
          [
            73.8499303,
            18.5198468
          ],
          [
            73.8497737,
            18.5197182
          ]
        ]
      },
      "id": "way/297855407"
    },
    {
      "type": "Feature",
      "properties": {
        "@id": "way/297855408",
        "highway": "residential",
        "name": "Omkareshwar Path",
        "name:mr": "ॐकारेश्वर पथ",
        "oneway": "yes"
      },
      "geometry": {
        "type": "LineString",
        "coordinates": [
          [
            73.8497365,
            18.5198183
          ],
          [
            73.8499303,
            18.5198468
          ]
        ]
      },
      "id": "way/297855408"
    },
    {
      "type": "Feature",
      "properties": {
        "@id": "way/297855410",
        "highway": "residential",
        "oneway": "yes"
      },
      "geometry": {
        "type": "LineString",
        "coordinates": [
          [
            73.8493401,
            18.5196301
          ],
          [
            73.8495448,
            18.5197737
          ]
        ]
      },
      "id": "way/297855410"
    },
    {
      "type": "Feature",
      "properties": {
        "@id": "way/297855411",
        "highway": "residential",
        "oneway": "yes"
      },
      "geometry": {
        "type": "LineString",
        "coordinates": [
          [
            73.8495606,
            18.5196687
          ],
          [
            73.8493401,
            18.5196301
          ]
        ]
      },
      "id": "way/297855411"
    },
    {
      "type": "Feature",
      "properties": {
        "@id": "way/297855413",
        "highway": "tertiary",
        "name": "T Saheb KK Marg",
        "oneway": "yes"
      },
      "geometry": {
        "type": "LineString",
        "coordinates": [
          [
            73.8496167,
            18.51939
          ],
          [
            73.8495762,
            18.5196523
          ]
        ]
      },
      "id": "way/297855413"
    },
    {
      "type": "Feature",
      "properties": {
        "@id": "way/297855414",
        "highway": "tertiary",
        "name": "T Saheb KK Marg",
        "oneway": "yes"
      },
      "geometry": {
        "type": "LineString",
        "coordinates": [
          [
            73.8497066,
            18.5196333
          ],
          [
            73.8496167,
            18.51939
          ]
        ]
      },
      "id": "way/297855414"
    },
    {
      "type": "Feature",
      "properties": {
        "@id": "way/311629552",
        "highway": "primary",
        "name": "Narubhau Limaye Path",
        "name:mr": "नरुभाऊ लिमये पथ",
        "oneway": "yes"
      },
      "geometry": {
        "type": "LineString",
        "coordinates": [
          [
            73.8415875,
            18.5175742
          ],
          [
            73.8416945,
            18.5175535
          ],
          [
            73.8418682,
            18.5175166
          ],
          [
            73.8424544,
            18.517397
          ],
          [
            73.8429203,
            18.5173015
          ],
          [
            73.8430321,
            18.5172803
          ],
          [
            73.8431048,
            18.517242
          ],
          [
            73.8431366,
            18.5172041
          ],
          [
            73.8431482,
            18.5171225
          ],
          [
            73.8431467,
            18.5170978
          ],
          [
            73.8431323,
            18.5168602
          ]
        ]
      },
      "id": "way/311629552"
    },
    {
      "type": "Feature",
      "properties": {
        "@id": "way/311629553",
        "alt_name": "Lakadi Pul",
        "alt_name:mr": "लकडी पूल",
        "highway": "primary",
        "lanes": "3",
        "lit": "yes",
        "name": "Sambhaji Bridge",
        "name:etymology:wikidata": "Q2737041",
        "name:mr": "संभाजी पूल",
        "oneway": "yes",
        "surface": "asphalt"
      },
      "geometry": {
        "type": "LineString",
        "coordinates": [
          [
            73.8424888,
            18.5144063
          ],
          [
            73.842509,
            18.5143781
          ],
          [
            73.8426566,
            18.5141723
          ]
        ]
      },
      "id": "way/311629553"
    },
    {
      "type": "Feature",
      "properties": {
        "@id": "way/314806609",
        "highway": "tertiary",
        "name": "Madhavrao Peshve Marg",
        "name:mr": "माधवराव पेशवे मार्ग",
        "oneway": "yes"
      },
      "geometry": {
        "type": "LineString",
        "coordinates": [
          [
            73.8454427,
            18.5032226
          ],
          [
            73.8456864,
            18.5032385
          ],
          [
            73.8457653,
            18.5032437
          ]
        ]
      },
      "id": "way/314806609"
    },
    {
      "type": "Feature",
      "properties": {
        "@id": "way/314806610",
        "highway": "tertiary",
        "name": "Madhavrao Peshve Marg",
        "name:mr": "माधवराव पेशवे मार्ग",
        "oneway": "yes"
      },
      "geometry": {
        "type": "LineString",
        "coordinates": [
          [
            73.8457653,
            18.5032437
          ],
          [
            73.8457124,
            18.5031946
          ],
          [
            73.8456094,
            18.5030989
          ],
          [
            73.8454562,
            18.5029566
          ]
        ]
      },
      "id": "way/314806610"
    },
    {
      "type": "Feature",
      "properties": {
        "@id": "way/327611807",
        "highway": "residential",
        "name": "Dr GS Mahajani Path",
        "oneway": "yes"
      },
      "geometry": {
        "type": "LineString",
        "coordinates": [
          [
            73.8349034,
            18.51815
          ],
          [
            73.8349401,
            18.5189485
          ],
          [
            73.8349644,
            18.5189871
          ],
          [
            73.8350015,
            18.5190065
          ],
          [
            73.8355076,
            18.5189794
          ],
          [
            73.8355361,
            18.518964
          ],
          [
            73.8355504,
            18.5189209
          ],
          [
            73.8355155,
            18.5181394
          ]
        ]
      },
      "id": "way/327611807"
    },
    {
      "type": "Feature",
      "properties": {
        "@id": "way/327611808",
        "highway": "footway"
      },
      "geometry": {
        "type": "LineString",
        "coordinates": [
          [
            73.8355155,
            18.5181394
          ],
          [
            73.8355147,
            18.5181193
          ],
          [
            73.8354916,
            18.5175076
          ],
          [
            73.8354908,
            18.5174851
          ]
        ]
      },
      "id": "way/327611808"
    },
    {
      "type": "Feature",
      "properties": {
        "@id": "way/330903410",
        "highway": "residential"
      },
      "geometry": {
        "type": "LineString",
        "coordinates": [
          [
            73.8320768,
            18.5153443
          ],
          [
            73.8322881,
            18.5153446
          ],
          [
            73.8323278,
            18.5153672
          ],
          [
            73.8323442,
            18.5154025
          ],
          [
            73.8323426,
            18.5156062
          ]
        ]
      },
      "id": "way/330903410"
    },
    {
      "type": "Feature",
      "properties": {
        "@id": "way/331532119",
        "highway": "residential"
      },
      "geometry": {
        "type": "LineString",
        "coordinates": [
          [
            73.8381104,
            18.501646
          ],
          [
            73.8384614,
            18.5016265
          ],
          [
            73.8388252,
            18.5016187
          ]
        ]
      },
      "id": "way/331532119"
    },
    {
      "type": "Feature",
      "properties": {
        "@id": "way/346586297",
        "highway": "residential",
        "name": "Shivlalji Dharmawat Path",
        "name:mr": "शिवलालजी धर्मावत पथ"
      },
      "geometry": {
        "type": "LineString",
        "coordinates": [
          [
            73.8339309,
            18.5156447
          ],
          [
            73.8343758,
            18.5155945
          ],
          [
            73.8347744,
            18.5155495
          ]
        ]
      },
      "id": "way/346586297"
    },
    {
      "type": "Feature",
      "properties": {
        "@id": "way/380417671",
        "highway": "residential"
      },
      "geometry": {
        "type": "LineString",
        "coordinates": [
          [
            73.8446423,
            18.5197962
          ],
          [
            73.8448398,
            18.5201205
          ]
        ]
      },
      "id": "way/380417671"
    },
    {
      "type": "Feature",
      "properties": {
        "@id": "way/436385623",
        "highway": "residential"
      },
      "geometry": {
        "type": "LineString",
        "coordinates": [
          [
            73.8381388,
            18.5153254
          ],
          [
            73.8381061,
            18.5149372
          ],
          [
            73.8381307,
            18.5145908
          ],
          [
            73.8381374,
            18.5144969
          ],
          [
            73.8382063,
            18.5140953
          ]
        ]
      },
      "id": "way/436385623"
    },
    {
      "type": "Feature",
      "properties": {
        "@id": "way/436385624",
        "highway": "residential"
      },
      "geometry": {
        "type": "LineString",
        "coordinates": [
          [
            73.8428807,
            18.5155661
          ],
          [
            73.8431351,
            18.5154658
          ]
        ]
      },
      "id": "way/436385624"
    },
    {
      "type": "Feature",
      "properties": {
        "@id": "way/436385625",
        "highway": "residential"
      },
      "geometry": {
        "type": "LineString",
        "coordinates": [
          [
            73.8426286,
            18.5152303
          ],
          [
            73.8429875,
            18.5150644
          ]
        ]
      },
      "id": "way/436385625"
    },
    {
      "type": "Feature",
      "properties": {
        "@id": "way/436385626",
        "highway": "residential",
        "surface": "asphalt"
      },
      "geometry": {
        "type": "LineString",
        "coordinates": [
          [
            73.8425066,
            18.5149778
          ],
          [
            73.8427881,
            18.5148432
          ]
        ]
      },
      "id": "way/436385626"
    },
    {
      "type": "Feature",
      "properties": {
        "@id": "way/436388162",
        "highway": "living_street",
        "motorcar": "no"
      },
      "geometry": {
        "type": "LineString",
        "coordinates": [
          [
            73.8452409,
            18.5093681
          ],
          [
            73.8461397,
            18.5094592
          ]
        ]
      },
      "id": "way/436388162"
    },
    {
      "type": "Feature",
      "properties": {
        "@id": "way/436506445",
        "access": "private",
        "highway": "service",
        "junction": "roundabout"
      },
      "geometry": {
        "type": "LineString",
        "coordinates": [
          [
            73.8498276,
            18.5074278
          ],
          [
            73.8497636,
            18.5074524
          ],
          [
            73.8497119,
            18.5074959
          ],
          [
            73.8496784,
            18.5075531
          ],
          [
            73.849667,
            18.5076177
          ],
          [
            73.849679,
            18.5076823
          ],
          [
            73.8497129,
            18.5077393
          ],
          [
            73.8497616,
            18.5077804
          ],
          [
            73.8498215,
            18.5078048
          ],
          [
            73.8498864,
            18.5078101
          ],
          [
            73.8499498,
            18.5077958
          ],
          [
            73.8500052,
            18.5077632
          ],
          [
            73.850047,
            18.5077157
          ],
          [
            73.8500708,
            18.5076582
          ],
          [
            73.8500743,
            18.5075965
          ],
          [
            73.8500572,
            18.5075368
          ],
          [
            73.8500184,
            18.5074827
          ],
          [
            73.8499627,
            18.5074438
          ],
          [
            73.8498966,
            18.5074248
          ],
          [
            73.8498276,
            18.5074278
          ]
        ]
      },
      "id": "way/436506445"
    },
    {
      "type": "Feature",
      "properties": {
        "@id": "way/436506446",
        "access": "private",
        "highway": "service"
      },
      "geometry": {
        "type": "LineString",
        "coordinates": [
          [
            73.8500481,
            18.5071997
          ],
          [
            73.8499787,
            18.5072866
          ],
          [
            73.8498966,
            18.5074248
          ]
        ]
      },
      "id": "way/436506446"
    },
    {
      "type": "Feature",
      "properties": {
        "@id": "way/436506447",
        "access": "private",
        "highway": "service"
      },
      "geometry": {
        "type": "LineString",
        "coordinates": [
          [
            73.8476595,
            18.5054157
          ],
          [
            73.8472352,
            18.5058516
          ],
          [
            73.8471987,
            18.5059982
          ],
          [
            73.8471891,
            18.5062619
          ],
          [
            73.8471831,
            18.5066598
          ],
          [
            73.847188,
            18.5072382
          ],
          [
            73.8472046,
            18.5072874
          ],
          [
            73.8472315,
            18.5073276
          ],
          [
            73.84726,
            18.50737
          ],
          [
            73.8472762,
            18.5074216
          ],
          [
            73.84727,
            18.5076179
          ],
          [
            73.8472759,
            18.5076518
          ],
          [
            73.8472854,
            18.5076688
          ],
          [
            73.847306,
            18.50768
          ],
          [
            73.8477367,
            18.5077161
          ],
          [
            73.8482948,
            18.5077797
          ],
          [
            73.8490986,
            18.5078743
          ],
          [
            73.8491386,
            18.5078783
          ],
          [
            73.849207,
            18.5078851
          ],
          [
            73.849264,
            18.5078723
          ],
          [
            73.8493114,
            18.5078479
          ],
          [
            73.8495363,
            18.5076673
          ],
          [
            73.8496784,
            18.5075531
          ]
        ]
      },
      "id": "way/436506447"
    },
    {
      "type": "Feature",
      "properties": {
        "@id": "way/436818579",
        "highway": "residential"
      },
      "geometry": {
        "type": "LineString",
        "coordinates": [
          [
            73.835991,
            18.5097077
          ],
          [
            73.8355906,
            18.5093995
          ],
          [
            73.8355804,
            18.5093752
          ],
          [
            73.8355737,
            18.5093515
          ],
          [
            73.8355723,
            18.5093232
          ],
          [
            73.8355778,
            18.5092976
          ],
          [
            73.8359736,
            18.508869
          ]
        ]
      },
      "id": "way/436818579"
    },
    {
      "type": "Feature",
      "properties": {
        "@id": "way/436818580",
        "access": "private",
        "highway": "residential"
      },
      "geometry": {
        "type": "LineString",
        "coordinates": [
          [
            73.8358286,
            18.5100847
          ],
          [
            73.8363754,
            18.5104101
          ]
        ]
      },
      "id": "way/436818580"
    },
    {
      "type": "Feature",
      "properties": {
        "@id": "way/436818584",
        "highway": "residential"
      },
      "geometry": {
        "type": "LineString",
        "coordinates": [
          [
            73.8303067,
            18.5055954
          ],
          [
            73.8303246,
            18.5055317
          ],
          [
            73.8303551,
            18.5054231
          ]
        ]
      },
      "id": "way/436818584"
    },
    {
      "type": "Feature",
      "properties": {
        "@id": "way/436819465",
        "access": "private",
        "highway": "service"
      },
      "geometry": {
        "type": "LineString",
        "coordinates": [
          [
            73.8297672,
            18.5032507
          ],
          [
            73.8298531,
            18.5032519
          ],
          [
            73.8305585,
            18.5032616
          ]
        ]
      },
      "id": "way/436819465"
    },
    {
      "type": "Feature",
      "properties": {
        "@id": "way/436819469",
        "access": "private",
        "highway": "service"
      },
      "geometry": {
        "type": "LineString",
        "coordinates": [
          [
            73.8321793,
            18.4999705
          ],
          [
            73.8325307,
            18.4999535
          ],
          [
            73.8328533,
            18.4999472
          ],
          [
            73.8329561,
            18.4999407
          ],
          [
            73.8329859,
            18.4999557
          ],
          [
            73.8329993,
            18.5000231
          ],
          [
            73.8330061,
            18.500199
          ]
        ]
      },
      "id": "way/436819469"
    },
    {
      "type": "Feature",
      "properties": {
        "@id": "way/436819470",
        "access": "private",
        "highway": "residential"
      },
      "geometry": {
        "type": "LineString",
        "coordinates": [
          [
            73.8315822,
            18.5016686
          ],
          [
            73.8316768,
            18.501652
          ],
          [
            73.8326766,
            18.5014762
          ],
          [
            73.833,
            18.5013903
          ],
          [
            73.8330645,
            18.5013538
          ]
        ]
      },
      "id": "way/436819470"
    },
    {
      "type": "Feature",
      "properties": {
        "@id": "way/436819471",
        "highway": "residential"
      },
      "geometry": {
        "type": "LineString",
        "coordinates": [
          [
            73.8432785,
            18.5022739
          ],
          [
            73.8435422,
            18.5020197
          ],
          [
            73.8435946,
            18.5019774
          ],
          [
            73.8437721,
            18.501834
          ],
          [
            73.8439245,
            18.5017109
          ],
          [
            73.8440617,
            18.5015155
          ],
          [
            73.8441012,
            18.5014591
          ],
          [
            73.8442085,
            18.5011234
          ],
          [
            73.8442492,
            18.500971
          ],
          [
            73.8442787,
            18.5008601
          ],
          [
            73.8444672,
            18.5006514
          ],
          [
            73.8445941,
            18.5006158
          ]
        ]
      },
      "id": "way/436819471"
    },
    {
      "type": "Feature",
      "properties": {
        "@id": "way/436819472",
        "highway": "residential"
      },
      "geometry": {
        "type": "LineString",
        "coordinates": [
          [
            73.8440617,
            18.5015155
          ],
          [
            73.8442234,
            18.501567
          ],
          [
            73.844384,
            18.5016181
          ],
          [
            73.8446385,
            18.5016386
          ],
          [
            73.8450329,
            18.5016912
          ],
          [
            73.8452732,
            18.5017438
          ],
          [
            73.8454218,
            18.5018106
          ],
          [
            73.8454593,
            18.5018274
          ]
        ]
      },
      "id": "way/436819472"
    },
    {
      "type": "Feature",
      "properties": {
        "@id": "way/436819473",
        "highway": "residential"
      },
      "geometry": {
        "type": "LineString",
        "coordinates": [
          [
            73.8450329,
            18.5016912
          ],
          [
            73.8452337,
            18.5010979
          ],
          [
            73.8452737,
            18.5009798
          ]
        ]
      },
      "id": "way/436819473"
    },
    {
      "type": "Feature",
      "properties": {
        "@id": "way/436819474",
        "highway": "residential"
      },
      "geometry": {
        "type": "LineString",
        "coordinates": [
          [
            73.8438269,
            18.5010214
          ],
          [
            73.8439389,
            18.5009904
          ],
          [
            73.8441117,
            18.5009639
          ],
          [
            73.8442492,
            18.500971
          ]
        ]
      },
      "id": "way/436819474"
    },
    {
      "type": "Feature",
      "properties": {
        "@id": "way/436819475",
        "highway": "residential"
      },
      "geometry": {
        "type": "LineString",
        "coordinates": [
          [
            73.8477922,
            18.5003829
          ],
          [
            73.8478279,
            18.5009491
          ]
        ]
      },
      "id": "way/436819475"
    },
    {
      "type": "Feature",
      "properties": {
        "@id": "way/448213951",
        "access": "private",
        "highway": "residential"
      },
      "geometry": {
        "type": "LineString",
        "coordinates": [
          [
            73.8321682,
            18.5032156
          ],
          [
            73.8320072,
            18.5030888
          ],
          [
            73.8319993,
            18.5030633
          ],
          [
            73.8320065,
            18.5030422
          ],
          [
            73.8325675,
            18.5025027
          ],
          [
            73.8331428,
            18.5023412
          ]
        ]
      },
      "id": "way/448213951"
    },
    {
      "type": "Feature",
      "properties": {
        "@id": "way/449408102",
        "highway": "residential"
      },
      "geometry": {
        "type": "LineString",
        "coordinates": [
          [
            73.8446733,
            18.5005108
          ],
          [
            73.8445941,
            18.5006158
          ],
          [
            73.8445152,
            18.5009549
          ],
          [
            73.844384,
            18.5016181
          ]
        ]
      },
      "id": "way/449408102"
    },
    {
      "type": "Feature",
      "properties": {
        "@id": "way/476933835",
        "highway": "residential"
      },
      "geometry": {
        "type": "LineString",
        "coordinates": [
          [
            73.834018,
            18.5051132
          ],
          [
            73.8345458,
            18.5051358
          ],
          [
            73.834784,
            18.5052261
          ],
          [
            73.8348438,
            18.5052488
          ],
          [
            73.8350103,
            18.5053174
          ],
          [
            73.8352355,
            18.5054103
          ]
        ]
      },
      "id": "way/476933835"
    },
    {
      "type": "Feature",
      "properties": {
        "@id": "way/476933838",
        "highway": "residential"
      },
      "geometry": {
        "type": "LineString",
        "coordinates": [
          [
            73.8416299,
            18.5036
          ],
          [
            73.8413315,
            18.5035571
          ],
          [
            73.8408255,
            18.5034845
          ],
          [
            73.8404684,
            18.5034332
          ]
        ]
      },
      "id": "way/476933838"
    },
    {
      "type": "Feature",
      "properties": {
        "@id": "way/476933839",
        "highway": "residential"
      },
      "geometry": {
        "type": "LineString",
        "coordinates": [
          [
            73.8426855,
            18.5015908
          ],
          [
            73.8416964,
            18.5017156
          ]
        ]
      },
      "id": "way/476933839"
    },
    {
      "type": "Feature",
      "properties": {
        "@id": "way/476933840",
        "highway": "residential"
      },
      "geometry": {
        "type": "LineString",
        "coordinates": [
          [
            73.8420285,
            18.5009698
          ],
          [
            73.8419109,
            18.5013595
          ],
          [
            73.8418573,
            18.5015834
          ]
        ]
      },
      "id": "way/476933840"
    },
    {
      "type": "Feature",
      "properties": {
        "@id": "way/476933841",
        "access": "private",
        "highway": "service"
      },
      "geometry": {
        "type": "LineString",
        "coordinates": [
          [
            73.8415783,
            18.5018835
          ],
          [
            73.8415515,
            18.5014104
          ],
          [
            73.8415653,
            18.5011298
          ],
          [
            73.8415729,
            18.5009744
          ]
        ]
      },
      "id": "way/476933841"
    },
    {
      "type": "Feature",
      "properties": {
        "@id": "way/476933842",
        "access": "private",
        "highway": "service"
      },
      "geometry": {
        "type": "LineString",
        "coordinates": [
          [
            73.8411814,
            18.5020005
          ],
          [
            73.8411907,
            18.5011194
          ],
          [
            73.8411922,
            18.5009783
          ]
        ]
      },
      "id": "way/476933842"
    },
    {
      "type": "Feature",
      "properties": {
        "@id": "way/476933848",
        "highway": "service"
      },
      "geometry": {
        "type": "LineString",
        "coordinates": [
          [
            73.8343733,
            18.5000968
          ],
          [
            73.8348267,
            18.499849
          ],
          [
            73.8345701,
            18.4991796
          ],
          [
            73.8344483,
            18.498862
          ],
          [
            73.8343895,
            18.4988123
          ],
          [
            73.8341446,
            18.4986053
          ],
          [
            73.8340845,
            18.4985545
          ],
          [
            73.8339044,
            18.4984022
          ],
          [
            73.8338265,
            18.4983364
          ]
        ]
      },
      "id": "way/476933848"
    },
    {
      "type": "Feature",
      "properties": {
        "@id": "way/477069945",
        "highway": "residential"
      },
      "geometry": {
        "type": "LineString",
        "coordinates": [
          [
            73.8395124,
            18.518299
          ],
          [
            73.8394692,
            18.5178552
          ]
        ]
      },
      "id": "way/477069945"
    },
    {
      "type": "Feature",
      "properties": {
        "@id": "way/477069946",
        "highway": "residential"
      },
      "geometry": {
        "type": "LineString",
        "coordinates": [
          [
            73.8390776,
            18.5179137
          ],
          [
            73.8390818,
            18.5182008
          ],
          [
            73.8390762,
            18.5182158
          ],
          [
            73.8390673,
            18.5182309
          ],
          [
            73.8390525,
            18.5182457
          ],
          [
            73.8390351,
            18.5182588
          ],
          [
            73.8388578,
            18.5183972
          ],
          [
            73.8386268,
            18.5185775
          ]
        ]
      },
      "id": "way/477069946"
    },
    {
      "type": "Feature",
      "properties": {
        "@id": "way/503618570",
        "highway": "residential"
      },
      "geometry": {
        "type": "LineString",
        "coordinates": [
          [
            73.8479684,
            18.5088531
          ],
          [
            73.8479321,
            18.508973
          ],
          [
            73.8480978,
            18.5092333
          ]
        ]
      },
      "id": "way/503618570"
    },
    {
      "type": "Feature",
      "properties": {
        "@id": "way/503618571",
        "highway": "service"
      },
      "geometry": {
        "type": "LineString",
        "coordinates": [
          [
            73.849107,
            18.5081986
          ],
          [
            73.8497003,
            18.5082867
          ]
        ]
      },
      "id": "way/503618571"
    },
    {
      "type": "Feature",
      "properties": {
        "@id": "way/616969427",
        "highway": "residential",
        "name": "Oval Path",
        "oneway": "yes"
      },
      "geometry": {
        "type": "LineString",
        "coordinates": [
          [
            73.8397724,
            18.5044953
          ],
          [
            73.8396735,
            18.5049453
          ]
        ]
      },
      "id": "way/616969427"
    },
    {
      "type": "Feature",
      "properties": {
        "@id": "way/632407792",
        "access": "private",
        "highway": "service",
        "oneway": "yes",
        "surface": "asphalt"
      },
      "geometry": {
        "type": "LineString",
        "coordinates": [
          [
            73.8316715,
            18.5024422
          ],
          [
            73.8317174,
            18.5024341
          ],
          [
            73.8318438,
            18.5024147
          ],
          [
            73.8328358,
            18.5022448
          ],
          [
            73.8331417,
            18.5021967
          ],
          [
            73.8334956,
            18.5021272
          ],
          [
            73.8335458,
            18.5020846
          ],
          [
            73.833563,
            18.5020382
          ],
          [
            73.8334897,
            18.5014985
          ],
          [
            73.8334566,
            18.5014712
          ],
          [
            73.8333977,
            18.501463
          ],
          [
            73.832794,
            18.5015448
          ],
          [
            73.8327451,
            18.5015721
          ],
          [
            73.8326891,
            18.5016293
          ],
          [
            73.832646,
            18.5016607
          ],
          [
            73.8325985,
            18.5016702
          ],
          [
            73.8324982,
            18.5016402
          ]
        ]
      },
      "id": "way/632407792"
    },
    {
      "type": "Feature",
      "properties": {
        "@id": "way/657774865",
        "highway": "footway"
      },
      "geometry": {
        "type": "LineString",
        "coordinates": [
          [
            73.8341914,
            18.5174925
          ],
          [
            73.834531,
            18.5174653
          ],
          [
            73.8347654,
            18.5174466
          ],
          [
            73.8348066,
            18.5174433
          ],
          [
            73.835544,
            18.5173844
          ],
          [
            73.8354805,
            18.5167725
          ],
          [
            73.8354485,
            18.5164641
          ],
          [
            73.8347173,
            18.5165198
          ],
          [
            73.8341052,
            18.5165664
          ],
          [
            73.8341365,
            18.5169024
          ],
          [
            73.8341914,
            18.5174925
          ]
        ]
      },
      "id": "way/657774865"
    },
    {
      "type": "Feature",
      "properties": {
        "@id": "way/657774866",
        "highway": "footway"
      },
      "geometry": {
        "type": "LineString",
        "coordinates": [
          [
            73.8348066,
            18.5174433
          ],
          [
            73.8347614,
            18.516917
          ],
          [
            73.8348015,
            18.5168965
          ],
          [
            73.8348261,
            18.5168585
          ],
          [
            73.8348292,
            18.5168235
          ],
          [
            73.8348107,
            18.5167826
          ],
          [
            73.8347799,
            18.516768
          ],
          [
            73.834746,
            18.516768
          ],
          [
            73.8347183,
            18.516768
          ],
          [
            73.8346721,
            18.5167534
          ],
          [
            73.8346597,
            18.5167125
          ],
          [
            73.834669,
            18.5166832
          ],
          [
            73.8346967,
            18.5166511
          ],
          [
            73.8347152,
            18.516616
          ],
          [
            73.8347244,
            18.5165693
          ],
          [
            73.8347173,
            18.5165198
          ]
        ]
      },
      "id": "way/657774866"
    },
    {
      "type": "Feature",
      "properties": {
        "@id": "way/657774867",
        "highway": "footway"
      },
      "geometry": {
        "type": "LineString",
        "coordinates": [
          [
            73.8346597,
            18.5167125
          ],
          [
            73.8346074,
            18.5167271
          ],
          [
            73.8345858,
            18.516765
          ],
          [
            73.8345858,
            18.5167943
          ],
          [
            73.8346043,
            18.5168176
          ],
          [
            73.8346289,
            18.5168352
          ],
          [
            73.8346382,
            18.5168585
          ],
          [
            73.8346567,
            18.5168819
          ],
          [
            73.8346782,
            18.5168965
          ],
          [
            73.8347152,
            18.5169024
          ],
          [
            73.8347654,
            18.5174466
          ]
        ]
      },
      "id": "way/657774867"
    },
    {
      "type": "Feature",
      "properties": {
        "@id": "way/657774868",
        "highway": "footway"
      },
      "geometry": {
        "type": "LineString",
        "coordinates": [
          [
            73.8341365,
            18.5169024
          ],
          [
            73.83446,
            18.5168744
          ],
          [
            73.8346382,
            18.5168585
          ]
        ]
      },
      "id": "way/657774868"
    },
    {
      "type": "Feature",
      "properties": {
        "@id": "way/657774869",
        "highway": "footway"
      },
      "geometry": {
        "type": "LineString",
        "coordinates": [
          [
            73.8348292,
            18.5168235
          ],
          [
            73.8354805,
            18.5167725
          ]
        ]
      },
      "id": "way/657774869"
    },
    {
      "type": "Feature",
      "properties": {
        "@id": "way/660944512",
        "bicycle": "yes",
        "foot": "yes",
        "goods": "no",
        "hgv": "no",
        "highway": "tertiary",
        "motorcycle": "yes",
        "name": "Chavan Bridge",
        "name:etymology:wikidata": "Q1764541",
        "name:mr": "यशवंतराव चव्हाण पूल",
        "oneway": "yes"
      },
      "geometry": {
        "type": "LineString",
        "coordinates": [
          [
            73.8420168,
            18.5112563
          ],
          [
            73.8419446,
            18.5112963
          ]
        ]
      },
      "id": "way/660944512"
    },
    {
      "type": "Feature",
      "properties": {
        "@id": "way/662484416",
        "alt_name": "Law College Road",
        "alt_name:mr": "विधी महाविद्यालय रस्ता",
        "highway": "primary",
        "lanes": "2",
        "name": "Vishnushastri Chiplunkar Path",
        "name:etymology:wikidata": "Q3633358",
        "name:mr": "विष्णुशास्त्री चिपळूणकर पथ",
        "oneway": "yes",
        "surface": "asphalt"
      },
      "geometry": {
        "type": "LineString",
        "coordinates": [
          [
            73.8303101,
            18.5191167
          ],
          [
            73.8303327,
            18.519415
          ],
          [
            73.8303362,
            18.5194612
          ],
          [
            73.8303524,
            18.5196531
          ],
          [
            73.8303901,
            18.5199223
          ],
          [
            73.8304308,
            18.5201682
          ]
        ]
      },
      "id": "way/662484416"
    },
    {
      "type": "Feature",
      "properties": {
        "@id": "way/666675655",
        "highway": "residential"
      },
      "geometry": {
        "type": "LineString",
        "coordinates": [
          [
            73.8465616,
            18.510212
          ],
          [
            73.8466767,
            18.5102348
          ]
        ]
      },
      "id": "way/666675655"
    },
    {
      "type": "Feature",
      "properties": {
        "@id": "way/667524678",
        "highway": "residential",
        "name": "Off FC Road"
      },
      "geometry": {
        "type": "LineString",
        "coordinates": [
          [
            73.8402717,
            18.5206563
          ],
          [
            73.8402646,
            18.5205441
          ],
          [
            73.8402796,
            18.5203055
          ],
          [
            73.8403542,
            18.5196054
          ]
        ]
      },
      "id": "way/667524678"
    },
    {
      "type": "Feature",
      "properties": {
        "@id": "way/668596585",
        "access": "private",
        "highway": "service",
        "oneway": "yes",
        "surface": "concrete"
      },
      "geometry": {
        "type": "LineString",
        "coordinates": [
          [
            73.8328358,
            18.5022448
          ],
          [
            73.8327572,
            18.501746
          ],
          [
            73.8327236,
            18.5017243
          ],
          [
            73.8326673,
            18.5017231
          ],
          [
            73.8326311,
            18.501732
          ],
          [
            73.8325775,
            18.5017008
          ],
          [
            73.8324982,
            18.5016402
          ]
        ]
      },
      "id": "way/668596585"
    },
    {
      "type": "Feature",
      "properties": {
        "@id": "way/669073283",
        "highway": "residential"
      },
      "geometry": {
        "type": "LineString",
        "coordinates": [
          [
            73.8353505,
            18.5084092
          ],
          [
            73.8358886,
            18.5078855
          ]
        ]
      },
      "id": "way/669073283"
    },
    {
      "type": "Feature",
      "properties": {
        "@id": "way/669073284",
        "highway": "residential",
        "name": "Patil Regency Internal Road"
      },
      "geometry": {
        "type": "LineString",
        "coordinates": [
          [
            73.8350266,
            18.5075059
          ],
          [
            73.8351222,
            18.5075371
          ],
          [
            73.8351691,
            18.5075431
          ],
          [
            73.8352141,
            18.5075363
          ],
          [
            73.8356566,
            18.5071421
          ]
        ]
      },
      "id": "way/669073284"
    },
    {
      "type": "Feature",
      "properties": {
        "@id": "way/669603949",
        "access": "private",
        "highway": "service"
      },
      "geometry": {
        "type": "LineString",
        "coordinates": [
          [
            73.8336191,
            18.507238
          ],
          [
            73.8337567,
            18.5069185
          ],
          [
            73.8337792,
            18.506881
          ],
          [
            73.8338091,
            18.5068391
          ],
          [
            73.833977,
            18.5066572
          ],
          [
            73.8339853,
            18.5066529
          ],
          [
            73.8339967,
            18.5066529
          ],
          [
            73.8340071,
            18.5066571
          ],
          [
            73.8348548,
            18.5074751
          ],
          [
            73.8348613,
            18.5074929
          ],
          [
            73.8348582,
            18.507508
          ],
          [
            73.8348517,
            18.5075208
          ],
          [
            73.8346494,
            18.5077822
          ],
          [
            73.8346316,
            18.5077963
          ],
          [
            73.8346115,
            18.5077986
          ],
          [
            73.8345909,
            18.5077948
          ],
          [
            73.8342615,
            18.507574
          ],
          [
            73.8341324,
            18.5074875
          ],
          [
            73.8340908,
            18.507461
          ],
          [
            73.8340147,
            18.5074232
          ],
          [
            73.8339579,
            18.5073986
          ],
          [
            73.8338746,
            18.5073716
          ],
          [
            73.8336191,
            18.507238
          ]
        ]
      },
      "id": "way/669603949"
    },
    {
      "type": "Feature",
      "properties": {
        "@id": "way/673252019",
        "access": "private",
        "highway": "residential"
      },
      "geometry": {
        "type": "LineString",
        "coordinates": [
          [
            73.8330645,
            18.5013538
          ],
          [
            73.8331729,
            18.5013148
          ],
          [
            73.8332185,
            18.5012945
          ],
          [
            73.8332668,
            18.5012818
          ],
          [
            73.833366,
            18.5012512
          ],
          [
            73.8334657,
            18.5012351
          ],
          [
            73.8338971,
            18.5011754
          ],
          [
            73.8339078,
            18.5011678
          ],
          [
            73.8339078,
            18.5011571
          ],
          [
            73.833759,
            18.5005713
          ],
          [
            73.8337525,
            18.5005585
          ],
          [
            73.8337362,
            18.5005543
          ],
          [
            73.833589,
            18.5005412
          ],
          [
            73.8333972,
            18.5005673
          ],
          [
            73.8333881,
            18.5005772
          ],
          [
            73.8333858,
            18.5005917
          ],
          [
            73.8334411,
            18.5010198
          ],
          [
            73.8334657,
            18.5012351
          ]
        ]
      },
      "id": "way/673252019"
    },
    {
      "type": "Feature",
      "properties": {
        "@id": "way/673254488",
        "access": "private",
        "highway": "service"
      },
      "geometry": {
        "type": "LineString",
        "coordinates": [
          [
            73.8336852,
            18.5075414
          ],
          [
            73.8342988,
            18.5078844
          ]
        ]
      },
      "id": "way/673254488"
    },
    {
      "type": "Feature",
      "properties": {
        "@id": "way/673254489",
        "access": "private",
        "highway": "service"
      },
      "geometry": {
        "type": "LineString",
        "coordinates": [
          [
            73.8336852,
            18.5075414
          ],
          [
            73.833594,
            18.5075058
          ],
          [
            73.8334948,
            18.5075134
          ],
          [
            73.8334331,
            18.5075643
          ],
          [
            73.8333982,
            18.5076508
          ],
          [
            73.8334545,
            18.5082917
          ],
          [
            73.8334975,
            18.5083477
          ],
          [
            73.8335645,
            18.5083579
          ],
          [
            73.8336918,
            18.5083097
          ],
          [
            73.8341766,
            18.5080924
          ],
          [
            73.8342351,
            18.5080069
          ],
          [
            73.8342988,
            18.5078844
          ]
        ]
      },
      "id": "way/673254489"
    },
    {
      "type": "Feature",
      "properties": {
        "@id": "way/689902686",
        "access": "private",
        "highway": "service"
      },
      "geometry": {
        "type": "LineString",
        "coordinates": [
          [
            73.8360237,
            18.5194528
          ],
          [
            73.8360244,
            18.5195356
          ],
          [
            73.8360321,
            18.5204491
          ],
          [
            73.8360268,
            18.5207594
          ],
          [
            73.8359624,
            18.5209222
          ],
          [
            73.8358892,
            18.5210517
          ],
          [
            73.8358498,
            18.5210854
          ],
          [
            73.8358017,
            18.5211134
          ]
        ]
      },
      "id": "way/689902686"
    },
    {
      "type": "Feature",
      "properties": {
        "@id": "way/690345739",
        "highway": "primary_link"
      },
      "geometry": {
        "type": "LineString",
        "coordinates": [
          [
            73.8445888,
            18.5004448
          ],
          [
            73.8446652,
            18.5003684
          ]
        ]
      },
      "id": "way/690345739"
    },
    {
      "type": "Feature",
      "properties": {
        "@id": "way/690347842",
        "highway": "primary_link"
      },
      "geometry": {
        "type": "LineString",
        "coordinates": [
          [
            73.8465063,
            18.5012628
          ],
          [
            73.8465103,
            18.5011685
          ]
        ]
      },
      "id": "way/690347842"
    },
    {
      "type": "Feature",
      "properties": {
        "@id": "way/697071620",
        "access": "private",
        "highway": "service"
      },
      "geometry": {
        "type": "LineString",
        "coordinates": [
          [
            73.8354054,
            18.5022006
          ],
          [
            73.8352491,
            18.5021938
          ],
          [
            73.8351921,
            18.5021914
          ],
          [
            73.83514,
            18.5021891
          ]
        ]
      },
      "id": "way/697071620"
    },
    {
      "type": "Feature",
      "properties": {
        "@id": "way/750334787",
        "highway": "residential"
      },
      "geometry": {
        "type": "LineString",
        "coordinates": [
          [
            73.8416481,
            18.503113
          ],
          [
            73.8422324,
            18.5031426
          ]
        ]
      },
      "id": "way/750334787"
    },
    {
      "type": "Feature",
      "properties": {
        "@id": "way/750337386",
        "highway": "residential"
      },
      "geometry": {
        "type": "LineString",
        "coordinates": [
          [
            73.8422761,
            18.5021651
          ],
          [
            73.8422579,
            18.5025719
          ],
          [
            73.8422324,
            18.5031426
          ]
        ]
      },
      "id": "way/750337386"
    },
    {
      "type": "Feature",
      "properties": {
        "@id": "way/770359828",
        "highway": "residential",
        "name": "Pradeep Deshpande Path",
        "name:mr": "प्रदीप देशपांडे पथ"
      },
      "geometry": {
        "type": "LineString",
        "coordinates": [
          [
            73.8465469,
            18.5046607
          ],
          [
            73.8472646,
            18.5047588
          ]
        ]
      },
      "id": "way/770359828"
    },
    {
      "type": "Feature",
      "properties": {
        "@id": "way/770359829",
        "highway": "residential",
        "name": "Pradeep Deshpande Path",
        "name:mr": "प्रदीप देशपांडे पथ",
        "oneway": "yes"
      },
      "geometry": {
        "type": "LineString",
        "coordinates": [
          [
            73.8459917,
            18.5045855
          ],
          [
            73.8465469,
            18.5046607
          ]
        ]
      },
      "id": "way/770359829"
    },
    {
      "type": "Feature",
      "properties": {
        "@id": "way/814906035",
        "highway": "residential",
        "lanes": "1",
        "layer": "-1",
        "name": "Deccan PMPML Bus Stand Road",
        "oneway": "yes",
        "wikidata": "Q7260109",
        "wikipedia": "en:Pune Mahanagar Parivahan Mahamandal Limited"
      },
      "geometry": {
        "type": "LineString",
        "coordinates": [
          [
            73.8429832,
            18.5166679
          ],
          [
            73.84302,
            18.5166436
          ],
          [
            73.843065,
            18.5166106
          ],
          [
            73.8431043,
            18.5165821
          ],
          [
            73.8432151,
            18.5165014
          ],
          [
            73.843283,
            18.5164519
          ],
          [
            73.8433828,
            18.5163792
          ],
          [
            73.8434723,
            18.5163139
          ]
        ]
      },
      "id": "way/814906035"
    },
    {
      "type": "Feature",
      "properties": {
        "@id": "way/814906036",
        "highway": "residential",
        "name": "Deccan Bus Stop Lane 1",
        "oneway": "yes"
      },
      "geometry": {
        "type": "LineString",
        "coordinates": [
          [
            73.8431043,
            18.5165821
          ],
          [
            73.8429948,
            18.5164368
          ],
          [
            73.8429538,
            18.5163824
          ],
          [
            73.8428713,
            18.516279
          ],
          [
            73.8428173,
            18.5162127
          ]
        ]
      },
      "id": "way/814906036"
    },
    {
      "type": "Feature",
      "properties": {
        "@id": "way/814906037",
        "highway": "residential",
        "lanes": "1",
        "layer": "-1",
        "name": "Deccan Bus Stop Lane 2",
        "oneway": "yes",
        "tunnel": "building_passage"
      },
      "geometry": {
        "type": "LineString",
        "coordinates": [
          [
            73.8432151,
            18.5165014
          ],
          [
            73.8431113,
            18.5163631
          ],
          [
            73.8430524,
            18.5162846
          ],
          [
            73.8430015,
            18.5162305
          ]
        ]
      },
      "id": "way/814906037"
    },
    {
      "type": "Feature",
      "properties": {
        "@id": "way/814906038",
        "highway": "residential",
        "lanes": "1",
        "layer": "-1",
        "name": "Deccan Bus Stop Lane 5",
        "oneway": "yes",
        "tunnel": "building_passage",
        "wikidata": "Q7260109",
        "wikipedia": "en:Pune Mahanagar Parivahan Mahamandal Limited"
      },
      "geometry": {
        "type": "LineString",
        "coordinates": [
          [
            73.8434723,
            18.5163139
          ],
          [
            73.8433994,
            18.5162088
          ],
          [
            73.8433264,
            18.5161142
          ]
        ]
      },
      "id": "way/814906038"
    },
    {
      "type": "Feature",
      "properties": {
        "@id": "way/814906039",
        "highway": "residential",
        "name": "Deccan PMPML Bus Stand Road",
        "oneway": "yes"
      },
      "geometry": {
        "type": "LineString",
        "coordinates": [
          [
            73.8433264,
            18.5161142
          ],
          [
            73.8432115,
            18.5161522
          ],
          [
            73.8430734,
            18.5162058
          ],
          [
            73.8430015,
            18.5162305
          ],
          [
            73.8428713,
            18.516279
          ]
        ]
      },
      "id": "way/814906039"
    },
    {
      "type": "Feature",
      "properties": {
        "@id": "way/814906040",
        "highway": "residential",
        "lanes": "1",
        "layer": "-1",
        "name": "Deccan Bus Stop Lane 3",
        "oneway": "yes",
        "tunnel": "building_passage",
        "wikidata": "Q7260109",
        "wikipedia": "en:Pune Mahanagar Parivahan Mahamandal Limited"
      },
      "geometry": {
        "type": "LineString",
        "coordinates": [
          [
            73.843283,
            18.5164519
          ],
          [
            73.8431823,
            18.5163263
          ],
          [
            73.8430734,
            18.5162058
          ]
        ]
      },
      "id": "way/814906040"
    },
    {
      "type": "Feature",
      "properties": {
        "@id": "way/814906041",
        "highway": "residential",
        "lanes": "1",
        "layer": "-1",
        "name": "Deccan Bus Stop Lane 4",
        "oneway": "yes",
        "tunnel": "building_passage",
        "wikidata": "Q7260109",
        "wikipedia": "en:Pune Mahanagar Parivahan Mahamandal Limited"
      },
      "geometry": {
        "type": "LineString",
        "coordinates": [
          [
            73.8433828,
            18.5163792
          ],
          [
            73.8432985,
            18.5162657
          ],
          [
            73.8432115,
            18.5161522
          ]
        ]
      },
      "id": "way/814906041"
    },
    {
      "type": "Feature",
      "properties": {
        "@id": "way/817794776",
        "highway": "tertiary",
        "name": "Riverside Road",
        "oneway": "no"
      },
      "geometry": {
        "type": "LineString",
        "coordinates": [
          [
            73.8369623,
            18.5079007
          ],
          [
            73.8395489,
            18.5104495
          ],
          [
            73.8396781,
            18.5105866
          ],
          [
            73.8397455,
            18.510678
          ],
          [
            73.8399122,
            18.5109102
          ],
          [
            73.8400212,
            18.5110782
          ],
          [
            73.8410056,
            18.5126279
          ],
          [
            73.8410874,
            18.5127545
          ],
          [
            73.8411528,
            18.5128308
          ],
          [
            73.8412346,
            18.51292
          ],
          [
            73.8413123,
            18.5129897
          ],
          [
            73.8414254,
            18.5130737
          ],
          [
            73.8423599,
            18.5138048
          ],
          [
            73.842799,
            18.5141484
          ],
          [
            73.842908,
            18.5142466
          ],
          [
            73.8430143,
            18.5143655
          ],
          [
            73.8436233,
            18.5150868
          ],
          [
            73.8437255,
            18.5152108
          ],
          [
            73.8440607,
            18.5157084
          ]
        ]
      },
      "id": "way/817794776"
    },
    {
      "type": "Feature",
      "properties": {
        "@id": "way/817794777",
        "highway": "tertiary",
        "name": "Jagannath Kaniram Kasat Path",
        "name:mr": "जगन्नाथ कनिराम कासट पथ"
      },
      "geometry": {
        "type": "LineString",
        "coordinates": [
          [
            73.8426665,
            18.5162708
          ],
          [
            73.8427643,
            18.5162331
          ],
          [
            73.8428173,
            18.5162127
          ],
          [
            73.8431351,
            18.5160992
          ],
          [
            73.8433092,
            18.516061
          ],
          [
            73.8434761,
            18.5160188
          ],
          [
            73.8437704,
            18.5158693
          ]
        ]
      },
      "id": "way/817794777"
    },
    {
      "type": "Feature",
      "properties": {
        "@id": "way/817794778",
        "highway": "residential",
        "name": "Riverside Road",
        "oneway": "no"
      },
      "geometry": {
        "type": "LineString",
        "coordinates": [
          [
            73.8440607,
            18.5157084
          ],
          [
            73.8442987,
            18.5160085
          ],
          [
            73.8444704,
            18.516217
          ],
          [
            73.8445696,
            18.5163518
          ],
          [
            73.844693,
            18.5165222
          ],
          [
            73.8449122,
            18.5167783
          ]
        ]
      },
      "id": "way/817794778"
    },
    {
      "type": "Feature",
      "properties": {
        "@id": "way/823071264",
        "highway": "primary",
        "lanes": "2",
        "name": "Karve Road",
        "name:etymology:wikidata": "Q3518496",
        "name:mr": "कर्वे रस्ता",
        "oneway": "yes",
        "ref": "SH60",
        "surface": "asphalt"
      },
      "geometry": {
        "type": "LineString",
        "coordinates": [
          [
            73.8423542,
            18.5144652
          ],
          [
            73.8422491,
            18.5143797
          ],
          [
            73.8421877,
            18.5143298
          ]
        ]
      },
      "id": "way/823071264"
    },
    {
      "type": "Feature",
      "properties": {
        "@id": "way/823071265",
        "alt_name": "FC Road",
        "highway": "primary",
        "lanes": "2",
        "lit": "yes",
        "name": "Gopal Krushna Gokhale Path",
        "name:etymology:wikidata": "Q313299",
        "name:mr": "गोपाळ कृष्ण गोखले पथ",
        "oneway": "yes",
        "ref": "SH60",
        "surface": "asphalt"
      },
      "geometry": {
        "type": "LineString",
        "coordinates": [
          [
            73.8423273,
            18.5145486
          ],
          [
            73.842319,
            18.5145989
          ],
          [
            73.8423069,
            18.5146806
          ],
          [
            73.8423015,
            18.5147012
          ],
          [
            73.8422946,
            18.5147275
          ],
          [
            73.8421124,
            18.5154062
          ],
          [
            73.8420954,
            18.5154719
          ]
        ]
      },
      "id": "way/823071265"
    },
    {
      "type": "Feature",
      "properties": {
        "@id": "way/823071266",
        "alt_name": "JM Road",
        "highway": "primary",
        "lanes": "3",
        "lit": "yes",
        "name": "Jangli Maharaj Path",
        "name:etymology:wikidata": "Q6153993",
        "name:mr": "जंगली महाराज पथ",
        "oneway": "yes",
        "ref": "SH60",
        "surface": "asphalt"
      },
      "geometry": {
        "type": "LineString",
        "coordinates": [
          [
            73.8423955,
            18.5147031
          ],
          [
            73.8424112,
            18.5146195
          ],
          [
            73.842416,
            18.5145937
          ]
        ]
      },
      "id": "way/823071266"
    },
    {
      "type": "Feature",
      "properties": {
        "@id": "way/823071267",
        "highway": "primary",
        "lanes": "3",
        "name": "Karve Road",
        "name:etymology:wikidata": "Q3518496",
        "name:mr": "कर्वे रस्ता",
        "oneway": "yes",
        "ref": "SH60",
        "surface": "asphalt"
      },
      "geometry": {
        "type": "LineString",
        "coordinates": [
          [
            73.8423273,
            18.5145486
          ],
          [
            73.842416,
            18.5145937
          ]
        ]
      },
      "id": "way/823071267"
    },
    {
      "type": "Feature",
      "properties": {
        "@id": "way/823071268",
        "highway": "primary",
        "lanes": "3",
        "name": "Karve Road",
        "name:etymology:wikidata": "Q3518496",
        "name:mr": "कर्वे रस्ता",
        "oneway": "yes",
        "ref": "SH60",
        "surface": "asphalt"
      },
      "geometry": {
        "type": "LineString",
        "coordinates": [
          [
            73.842441,
            18.5145156
          ],
          [
            73.8423542,
            18.5144652
          ]
        ]
      },
      "id": "way/823071268"
    },
    {
      "type": "Feature",
      "properties": {
        "@id": "way/823071269",
        "highway": "primary",
        "lane_markings": "no",
        "oneway": "yes",
        "surface": "asphalt"
      },
      "geometry": {
        "type": "LineString",
        "coordinates": [
          [
            73.842441,
            18.5145156
          ],
          [
            73.8424547,
            18.514486
          ],
          [
            73.8424888,
            18.5144063
          ]
        ]
      },
      "id": "way/823071269"
    },
    {
      "type": "Feature",
      "properties": {
        "@id": "way/855214426",
        "highway": "residential",
        "source": "maxar"
      },
      "geometry": {
        "type": "LineString",
        "coordinates": [
          [
            73.8435609,
            18.5028203
          ],
          [
            73.8435468,
            18.5031747
          ]
        ]
      },
      "id": "way/855214426"
    },
    {
      "type": "Feature",
      "properties": {
        "@id": "way/855214427",
        "highway": "residential",
        "source": "maxar"
      },
      "geometry": {
        "type": "LineString",
        "coordinates": [
          [
            73.8421931,
            18.5037765
          ],
          [
            73.8416364,
            18.5037566
          ]
        ]
      },
      "id": "way/855214427"
    },
    {
      "type": "Feature",
      "properties": {
        "@id": "way/855214428",
        "highway": "residential",
        "source": "maxar"
      },
      "geometry": {
        "type": "LineString",
        "coordinates": [
          [
            73.8444468,
            18.5038713
          ],
          [
            73.8451494,
            18.5040014
          ]
        ]
      },
      "id": "way/855214428"
    },
    {
      "type": "Feature",
      "properties": {
        "@id": "way/855214429",
        "highway": "residential",
        "source": "maxar"
      },
      "geometry": {
        "type": "LineString",
        "coordinates": [
          [
            73.8415975,
            18.5069385
          ],
          [
            73.8416184,
            18.506433
          ],
          [
            73.8416433,
            18.50615
          ],
          [
            73.841654,
            18.5059523
          ]
        ]
      },
      "id": "way/855214429"
    },
    {
      "type": "Feature",
      "properties": {
        "@id": "way/855228571",
        "highway": "residential",
        "source": "maxar"
      },
      "geometry": {
        "type": "LineString",
        "coordinates": [
          [
            73.8496921,
            18.501713
          ],
          [
            73.849078,
            18.5018459
          ],
          [
            73.8490383,
            18.5018392
          ],
          [
            73.849001,
            18.5018149
          ],
          [
            73.8489893,
            18.5017595
          ],
          [
            73.8489956,
            18.5016529
          ]
        ]
      },
      "id": "way/855228571"
    },
    {
      "type": "Feature",
      "properties": {
        "@id": "way/855244788",
        "access": "private",
        "highway": "service",
        "source": "maxar"
      },
      "geometry": {
        "type": "LineString",
        "coordinates": [
          [
            73.8500249,
            18.5194777
          ],
          [
            73.8498356,
            18.5193488
          ],
          [
            73.8497144,
            18.5192374
          ],
          [
            73.8496659,
            18.5191928
          ]
        ]
      },
      "id": "way/855244788"
    },
    {
      "type": "Feature",
      "properties": {
        "@id": "way/858058557",
        "bridge": "yes",
        "highway": "tertiary",
        "layer": "1",
        "name": "Riverside Road",
        "oneway": "no"
      },
      "geometry": {
        "type": "LineString",
        "coordinates": [
          [
            73.8368205,
            18.5077427
          ],
          [
            73.8369623,
            18.5079007
          ]
        ]
      },
      "id": "way/858058557"
    },
    {
      "type": "Feature",
      "properties": {
        "@id": "way/858058558",
        "highway": "tertiary",
        "name": "Riverside Road",
        "oneway": "no"
      },
      "geometry": {
        "type": "LineString",
        "coordinates": [
          [
            73.8361035,
            18.5064975
          ],
          [
            73.8367551,
            18.5076536
          ],
          [
            73.8368205,
            18.5077427
          ]
        ]
      },
      "id": "way/858058558"
    },
    {
      "type": "Feature",
      "properties": {
        "@id": "way/858511878",
        "alt_name": "DP Road",
        "highway": "secondary",
        "name": "Raja Mantri Path",
        "name:mr": "राजा मंत्री पथ",
        "oneway": "yes",
        "source": "maxar"
      },
      "geometry": {
        "type": "LineString",
        "coordinates": [
          [
            73.83514,
            18.5021891
          ],
          [
            73.8350952,
            18.5019405
          ],
          [
            73.8350877,
            18.5018988
          ],
          [
            73.834953,
            18.5013071
          ],
          [
            73.8348289,
            18.5008667
          ],
          [
            73.8347013,
            18.5005708
          ],
          [
            73.8346636,
            18.5005163
          ],
          [
            73.8343733,
            18.5000968
          ],
          [
            73.8339834,
            18.4995791
          ],
          [
            73.8337653,
            18.4991723
          ],
          [
            73.8337334,
            18.4990849
          ],
          [
            73.8336735,
            18.4988263
          ],
          [
            73.8336306,
            18.4986411
          ],
          [
            73.8334473,
            18.4980702
          ],
          [
            73.8333945,
            18.4979058
          ],
          [
            73.8333683,
            18.4978241
          ],
          [
            73.8333458,
            18.497768
          ],
          [
            73.833324,
            18.4977137
          ],
          [
            73.8332328,
            18.4975705
          ],
          [
            73.833195,
            18.4975111
          ],
          [
            73.8330703,
            18.4973736
          ],
          [
            73.8328917,
            18.4972226
          ],
          [
            73.832788,
            18.4971349
          ],
          [
            73.8322748,
            18.4966122
          ],
          [
            73.8318797,
            18.4962299
          ],
          [
            73.8317834,
            18.4961323
          ],
          [
            73.8310316,
            18.4953166
          ],
          [
            73.8306075,
            18.4948969
          ],
          [
            73.8304898,
            18.4947807
          ],
          [
            73.8304048,
            18.4946892
          ],
          [
            73.8303249,
            18.4946212
          ],
          [
            73.83021,
            18.4945149
          ]
        ]
      },
      "id": "way/858511878"
    },
    {
      "type": "Feature",
      "properties": {
        "@id": "way/858528690",
        "highway": "residential",
        "source": "maxar"
      },
      "geometry": {
        "type": "LineString",
        "coordinates": [
          [
            73.841185,
            18.5001867
          ],
          [
            73.8408626,
            18.5001868
          ]
        ]
      },
      "id": "way/858528690"
    },
    {
      "type": "Feature",
      "properties": {
        "@id": "way/859211091",
        "highway": "residential",
        "source": "maxar"
      },
      "geometry": {
        "type": "LineString",
        "coordinates": [
          [
            73.8495156,
            18.5003006
          ],
          [
            73.8496055,
            18.5004653
          ],
          [
            73.8496363,
            18.5005136
          ],
          [
            73.8496819,
            18.5005553
          ],
          [
            73.8502857,
            18.5008228
          ]
        ]
      },
      "id": "way/859211091"
    },
    {
      "type": "Feature",
      "properties": {
        "@id": "way/991282325",
        "highway": "secondary",
        "lanes": "1",
        "name": "Lokmanya Tilak Marg",
        "name:etymology:wikidata": "Q312555",
        "name:mr": "लोकमान्य टिळक मार्ग",
        "oneway": "yes"
      },
      "geometry": {
        "type": "LineString",
        "coordinates": [
          [
            73.8437641,
            18.512278
          ],
          [
            73.8438559,
            18.5122071
          ],
          [
            73.8439042,
            18.5121646
          ],
          [
            73.8440139,
            18.512072
          ],
          [
            73.8440337,
            18.5120002
          ]
        ]
      },
      "id": "way/991282325"
    },
    {
      "type": "Feature",
      "properties": {
        "@id": "way/991282327",
        "highway": "secondary",
        "lanes": "1",
        "name": "Lokmanya Tilak Marg",
        "name:etymology:wikidata": "Q312555",
        "name:mr": "लोकमान्य टिळक मार्ग",
        "oneway": "yes"
      },
      "geometry": {
        "type": "LineString",
        "coordinates": [
          [
            73.8440337,
            18.5120002
          ],
          [
            73.843963,
            18.5120221
          ],
          [
            73.8438757,
            18.5121017
          ],
          [
            73.8438625,
            18.512113
          ],
          [
            73.8438235,
            18.5121486
          ],
          [
            73.843735,
            18.5122168
          ]
        ]
      },
      "id": "way/991282327"
    },
    {
      "type": "Feature",
      "properties": {
        "@id": "way/994827630",
        "highway": "footway",
        "source": "maxar"
      },
      "geometry": {
        "type": "LineString",
        "coordinates": [
          [
            73.8311676,
            18.5171643
          ],
          [
            73.8318341,
            18.5169592
          ]
        ]
      },
      "id": "way/994827630"
    },
    {
      "type": "Feature",
      "properties": {
        "@id": "way/994827631",
        "highway": "residential",
        "source": "maxar"
      },
      "geometry": {
        "type": "LineString",
        "coordinates": [
          [
            73.8346759,
            18.5145168
          ],
          [
            73.8341323,
            18.5145759
          ],
          [
            73.8338338,
            18.5146083
          ]
        ]
      },
      "id": "way/994827631"
    },
    {
      "type": "Feature",
      "properties": {
        "@id": "way/994827634",
        "access": "private",
        "highway": "residential",
        "source": "maxar"
      },
      "geometry": {
        "type": "LineString",
        "coordinates": [
          [
            73.8310753,
            18.5078351
          ],
          [
            73.8310895,
            18.5078052
          ],
          [
            73.8311446,
            18.5076892
          ]
        ]
      },
      "id": "way/994827634"
    },
    {
      "type": "Feature",
      "properties": {
        "@id": "way/994827635",
        "highway": "residential",
        "source": "maxar"
      },
      "geometry": {
        "type": "LineString",
        "coordinates": [
          [
            73.8297513,
            18.5057251
          ],
          [
            73.8301312,
            18.505608
          ],
          [
            73.8303246,
            18.5055317
          ]
        ]
      },
      "id": "way/994827635"
    },
    {
      "type": "Feature",
      "properties": {
        "@id": "way/994827636",
        "access": "private",
        "highway": "service",
        "source": "maxar"
      },
      "geometry": {
        "type": "LineString",
        "coordinates": [
          [
            73.8314939,
            18.5054591
          ],
          [
            73.8314967,
            18.5053975
          ],
          [
            73.8314976,
            18.5053778
          ],
          [
            73.8315604,
            18.5053339
          ],
          [
            73.8316111,
            18.5050275
          ],
          [
            73.8316227,
            18.5049576
          ]
        ]
      },
      "id": "way/994827636"
    },
    {
      "type": "Feature",
      "properties": {
        "@id": "way/1003161702",
        "abutters": "retail",
        "highway": "tertiary",
        "lanes": "2",
        "name": "Laxmi Path",
        "name:mr": "लक्ष्मी पथ",
        "oneway": "no"
      },
      "geometry": {
        "type": "LineString",
        "coordinates": [
          [
            73.8439554,
            18.5128496
          ],
          [
            73.8438536,
            18.5128013
          ]
        ]
      },
      "id": "way/1003161702"
    },
    {
      "type": "Feature",
      "properties": {
        "@id": "way/1040751230",
        "alt_name": "Law College Road",
        "alt_name:mr": "विधी महाविद्यालय रस्ता",
        "highway": "primary",
        "name": "Vishnushastri Chiplunkar Path",
        "name:mr": "विष्णुशास्त्री चिपळूणकर पथ",
        "oneway": "yes"
      },
      "geometry": {
        "type": "LineString",
        "coordinates": [
          [
            73.8308014,
            18.5084885
          ],
          [
            73.8308827,
            18.5083514
          ]
        ]
      },
      "id": "way/1040751230"
    },
    {
      "type": "Feature",
      "properties": {
        "@id": "way/1043506201",
        "highway": "primary",
        "lanes": "1",
        "name": "Karve Road",
        "name:etymology:wikidata": "Q3518496",
        "name:mr": "कर्वे रस्ता",
        "oneway": "yes",
        "ref": "SH60",
        "surface": "asphalt"
      },
      "geometry": {
        "type": "LineString",
        "coordinates": [
          [
            73.8336343,
            18.5098055
          ],
          [
            73.8334655,
            18.5096815
          ],
          [
            73.833369,
            18.5096318
          ],
          [
            73.8329596,
            18.5094209
          ],
          [
            73.8327097,
            18.5092922
          ],
          [
            73.8326554,
            18.5092643
          ],
          [
            73.8320267,
            18.5089405
          ],
          [
            73.8319633,
            18.5089079
          ],
          [
            73.8318277,
            18.5088381
          ],
          [
            73.8315275,
            18.5086835
          ],
          [
            73.8314516,
            18.5086444
          ]
        ]
      },
      "id": "way/1043506201"
    },
    {
      "type": "Feature",
      "properties": {
        "@id": "way/1043506202",
        "highway": "primary",
        "lanes": "1",
        "name": "Karve Road",
        "name:etymology:wikidata": "Q3518496",
        "name:hi": "कर्वे रास्ता",
        "name:mr": "कर्वे रस्ता",
        "oneway": "yes",
        "ref": "SH60",
        "surface": "asphalt"
      },
      "geometry": {
        "type": "LineString",
        "coordinates": [
          [
            73.8292017,
            18.5076427
          ],
          [
            73.8292691,
            18.5076887
          ],
          [
            73.8293326,
            18.5077321
          ],
          [
            73.8302175,
            18.5081878
          ],
          [
            73.8306936,
            18.508433
          ],
          [
            73.8308014,
            18.5084885
          ]
        ]
      },
      "id": "way/1043506202"
    },
    {
      "type": "Feature",
      "properties": {
        "@id": "way/1043506203",
        "highway": "primary",
        "lanes": "1",
        "name": "Karve Road",
        "name:etymology:wikidata": "Q3518496",
        "name:mr": "कर्वे रस्ता",
        "oneway": "yes",
        "ref": "SH60",
        "surface": "asphalt"
      },
      "geometry": {
        "type": "LineString",
        "coordinates": [
          [
            73.8308827,
            18.5083514
          ],
          [
            73.8308492,
            18.5083342
          ],
          [
            73.8307674,
            18.5082921
          ],
          [
            73.8303713,
            18.5080881
          ],
          [
            73.8294938,
            18.5076362
          ],
          [
            73.8294117,
            18.5075939
          ],
          [
            73.8292539,
            18.5075347
          ]
        ]
      },
      "id": "way/1043506203"
    },
    {
      "type": "Feature",
      "properties": {
        "@id": "way/1043506204",
        "highway": "primary",
        "lanes": "1",
        "name": "Karve Road",
        "name:etymology:wikidata": "Q3518496",
        "name:mr": "कर्वे रस्ता",
        "oneway": "yes",
        "ref": "SH60",
        "surface": "asphalt"
      },
      "geometry": {
        "type": "LineString",
        "coordinates": [
          [
            73.8313811,
            18.508787
          ],
          [
            73.8314277,
            18.508811
          ]
        ]
      },
      "id": "way/1043506204"
    },
    {
      "type": "Feature",
      "properties": {
        "@id": "way/1043506207",
        "alt_name:en": "Karve Road",
        "highway": "primary",
        "lanes": "2",
        "name": "Bharatratna Atal Bihari Vajpayee Flyover",
        "name:etymology:wikidata": "Q3518496",
        "name:hi": "भारतरत्न अटल बिहारी वाजपेई फ्लाईओवर",
        "name:mr": "भारतरत्न अटल बिहारी वाजपेयी उड्डाणपूल",
        "oneway": "yes",
        "surface": "asphalt"
      },
      "geometry": {
        "type": "LineString",
        "coordinates": [
          [
            73.833409,
            18.5097801
          ],
          [
            73.8335799,
            18.5098963
          ]
        ]
      },
      "id": "way/1043506207"
    },
    {
      "type": "Feature",
      "properties": {
        "@id": "way/1043506208",
        "alt_name:en": "Karve Road",
        "highway": "primary",
        "lanes": "2",
        "name": "Bharatratna Atal Bihari Vajpayee Flyover",
        "name:etymology:wikidata": "Q3518496",
        "name:hi": "भारतरत्न अटल बिहारी वाजपेई फ्लाईओवर",
        "name:mr": "भारतरत्न अटल बिहारी वाजपेयी उड्डाणपूल",
        "oneway": "yes",
        "surface": "asphalt"
      },
      "geometry": {
        "type": "LineString",
        "coordinates": [
          [
            73.8336343,
            18.5098055
          ],
          [
            73.8334452,
            18.509717
          ]
        ]
      },
      "id": "way/1043506208"
    },
    {
      "type": "Feature",
      "properties": {
        "@id": "way/1043506209",
        "alt_name:en": "Karve Road",
        "bridge": "yes",
        "highway": "primary",
        "lanes": "2",
        "layer": "1",
        "name": "Bharatratna Atal Bihari Vajpayee Flyover",
        "name:etymology:wikidata": "Q3518496",
        "name:hi": "भारतरत्न अटल बिहारी वाजपेई फ्लाईओवर",
        "name:mr": "भारतरत्न अटल बिहारी वाजपेयी उड्डाणपूल",
        "oneway": "yes"
      },
      "geometry": {
        "type": "LineString",
        "coordinates": [
          [
            73.8293552,
            18.5076926
          ],
          [
            73.833409,
            18.5097801
          ]
        ]
      },
      "id": "way/1043506209"
    },
    {
      "type": "Feature",
      "properties": {
        "@id": "way/1043506210",
        "alt_name:en": "Karve Road",
        "bridge": "yes",
        "highway": "primary",
        "lanes": "2",
        "layer": "1",
        "name": "Bharatratna Atal Bihari Vajpayee Flyover",
        "name:etymology:wikidata": "Q3518496",
        "name:hi": "भारतरत्न अटल बिहारी वाजपेई फ्लाईओवर",
        "name:mr": "भारतरत्न अटल बिहारी वाजपेयी उड्डाणपूल",
        "oneway": "yes"
      },
      "geometry": {
        "type": "LineString",
        "coordinates": [
          [
            73.8334452,
            18.509717
          ],
          [
            73.8293914,
            18.5076294
          ]
        ]
      },
      "id": "way/1043506210"
    },
    {
      "type": "Feature",
      "properties": {
        "@id": "way/1057093113",
        "access": "private",
        "highway": "service"
      },
      "geometry": {
        "type": "LineString",
        "coordinates": [
          [
            73.8292567,
            18.5204891
          ],
          [
            73.8293414,
            18.5203621
          ],
          [
            73.8294665,
            18.520124
          ],
          [
            73.8295466,
            18.5200253
          ],
          [
            73.829686,
            18.5197613
          ],
          [
            73.8296607,
            18.5196657
          ],
          [
            73.8296623,
            18.5194409
          ],
          [
            73.829839,
            18.5194374
          ],
          [
            73.8302933,
            18.5194168
          ],
          [
            73.8303327,
            18.519415
          ]
        ]
      },
      "id": "way/1057093113"
    },
    {
      "type": "Feature",
      "properties": {
        "@id": "way/1063481198",
        "access": "private",
        "highway": "service",
        "oneway": "yes"
      },
      "geometry": {
        "type": "LineString",
        "coordinates": [
          [
            73.8379295,
            18.5106666
          ],
          [
            73.838072,
            18.5105362
          ],
          [
            73.8386274,
            18.5100616
          ],
          [
            73.8386505,
            18.5100541
          ],
          [
            73.8386766,
            18.5100504
          ],
          [
            73.8387023,
            18.5100597
          ],
          [
            73.8387717,
            18.5101171
          ],
          [
            73.8390792,
            18.5104572
          ],
          [
            73.8390925,
            18.5104775
          ],
          [
            73.8390956,
            18.5104978
          ],
          [
            73.8390882,
            18.5105161
          ],
          [
            73.8389938,
            18.5106196
          ],
          [
            73.8389754,
            18.5106521
          ],
          [
            73.8389658,
            18.5106735
          ],
          [
            73.8389672,
            18.5106972
          ],
          [
            73.8390249,
            18.5108559
          ]
        ]
      },
      "id": "way/1063481198"
    },
    {
      "type": "Feature",
      "properties": {
        "@id": "way/1074821743",
        "access": "private",
        "highway": "residential"
      },
      "geometry": {
        "type": "LineString",
        "coordinates": [
          [
            73.8350646,
            18.5033486
          ],
          [
            73.8348757,
            18.5033259
          ],
          [
            73.8339375,
            18.5032266
          ],
          [
            73.8339118,
            18.5032168
          ]
        ]
      },
      "id": "way/1074821743"
    },
    {
      "type": "Feature",
      "properties": {
        "@id": "way/1088774585",
        "highway": "residential",
        "source": "maxar"
      },
      "geometry": {
        "type": "LineString",
        "coordinates": [
          [
            73.8403433,
            18.5037778
          ],
          [
            73.8404684,
            18.5034332
          ]
        ]
      },
      "id": "way/1088774585"
    },
    {
      "type": "Feature",
      "properties": {
        "@id": "way/1090950019",
        "highway": "residential"
      },
      "geometry": {
        "type": "LineString",
        "coordinates": [
          [
            73.8339924,
            18.5164651
          ],
          [
            73.8344439,
            18.5164329
          ]
        ]
      },
      "id": "way/1090950019"
    },
    {
      "type": "Feature",
      "properties": {
        "@id": "way/1111812901",
        "access": "permissive",
        "highway": "residential",
        "lanes": "1",
        "maxspeed": "20",
        "surface": "asphalt"
      },
      "geometry": {
        "type": "LineString",
        "coordinates": [
          [
            73.8451205,
            18.5079533
          ],
          [
            73.8451253,
            18.5078252
          ],
          [
            73.8451325,
            18.5075365
          ]
        ]
      },
      "id": "way/1111812901"
    },
    {
      "type": "Feature",
      "properties": {
        "@id": "way/1112213338",
        "highway": "residential"
      },
      "geometry": {
        "type": "LineString",
        "coordinates": [
          [
            73.8380409,
            18.5188918
          ],
          [
            73.8383336,
            18.5191252
          ]
        ]
      },
      "id": "way/1112213338"
    },
    {
      "type": "Feature",
      "properties": {
        "@id": "way/1112436732",
        "highway": "residential",
        "name": "Vishwanath Mahadev Phule Path",
        "name:mr": "विश्वनाथ महादेव फुले पथ"
      },
      "geometry": {
        "type": "LineString",
        "coordinates": [
          [
            73.846077,
            18.5076433
          ],
          [
            73.8460786,
            18.5078091
          ],
          [
            73.8460714,
            18.5079289
          ],
          [
            73.8460479,
            18.5080675
          ]
        ]
      },
      "id": "way/1112436732"
    },
    {
      "type": "Feature",
      "properties": {
        "@id": "way/1112436733",
        "highway": "residential",
        "name": "Vishwanath Mahadev Phule Path",
        "name:mr": "विश्वनाथ महादेव फुले पथ"
      },
      "geometry": {
        "type": "LineString",
        "coordinates": [
          [
            73.8466712,
            18.5076659
          ],
          [
            73.8464691,
            18.5076582
          ],
          [
            73.8463167,
            18.5076524
          ],
          [
            73.846077,
            18.5076433
          ]
        ]
      },
      "id": "way/1112436733"
    },
    {
      "type": "Feature",
      "properties": {
        "@id": "way/1112436734",
        "highway": "residential",
        "name": "Vishwanath Mahadev Phule Path",
        "name:mr": "विश्वनाथ महादेव फुले पथ"
      },
      "geometry": {
        "type": "LineString",
        "coordinates": [
          [
            73.8441808,
            18.5074814
          ],
          [
            73.8442971,
            18.5074393
          ],
          [
            73.8443651,
            18.5074408
          ],
          [
            73.8444959,
            18.5074436
          ],
          [
            73.8447629,
            18.5074839
          ],
          [
            73.8448086,
            18.5074903
          ],
          [
            73.8449523,
            18.507506
          ],
          [
            73.8451325,
            18.5075365
          ]
        ]
      },
      "id": "way/1112436734"
    },
    {
      "type": "Feature",
      "properties": {
        "@id": "way/1117566214",
        "highway": "residential",
        "surface": "concrete"
      },
      "geometry": {
        "type": "LineString",
        "coordinates": [
          [
            73.8436715,
            18.516505
          ],
          [
            73.843732,
            18.5164731
          ]
        ]
      },
      "id": "way/1117566214"
    },
    {
      "type": "Feature",
      "properties": {
        "@id": "way/1117971026",
        "highway": "service"
      },
      "geometry": {
        "type": "LineString",
        "coordinates": [
          [
            73.8452702,
            18.5199106
          ],
          [
            73.8451096,
            18.5196968
          ]
        ]
      },
      "id": "way/1117971026"
    },
    {
      "type": "Feature",
      "properties": {
        "@id": "way/1117971027",
        "access": "private",
        "highway": "service"
      },
      "geometry": {
        "type": "LineString",
        "coordinates": [
          [
            73.845741,
            18.5199074
          ],
          [
            73.8457928,
            18.51987
          ],
          [
            73.8462161,
            18.5195648
          ]
        ]
      },
      "id": "way/1117971027"
    },
    {
      "type": "Feature",
      "properties": {
        "@id": "way/1117971028",
        "access": "private",
        "highway": "service"
      },
      "geometry": {
        "type": "LineString",
        "coordinates": [
          [
            73.8455859,
            18.5197229
          ],
          [
            73.8456619,
            18.5196976
          ],
          [
            73.8457823,
            18.5196576
          ],
          [
            73.8461176,
            18.5194097
          ]
        ]
      },
      "id": "way/1117971028"
    },
    {
      "type": "Feature",
      "properties": {
        "@id": "way/1117971029",
        "access": "private",
        "highway": "service"
      },
      "geometry": {
        "type": "LineString",
        "coordinates": [
          [
            73.8455402,
            18.5196671
          ],
          [
            73.84561,
            18.5196152
          ],
          [
            73.8457166,
            18.5195359
          ],
          [
            73.8460424,
            18.5193019
          ]
        ]
      },
      "id": "way/1117971029"
    },
    {
      "type": "Feature",
      "properties": {
        "@id": "way/1117971030",
        "access": "private",
        "highway": "service"
      },
      "geometry": {
        "type": "LineString",
        "coordinates": [
          [
            73.8455096,
            18.5196297
          ],
          [
            73.8455876,
            18.5195761
          ],
          [
            73.845691,
            18.5195049
          ],
          [
            73.8458439,
            18.5193882
          ]
        ]
      },
      "id": "way/1117971030"
    },
    {
      "type": "Feature",
      "properties": {
        "@id": "way/1117971031",
        "access": "private",
        "highway": "service"
      },
      "geometry": {
        "type": "LineString",
        "coordinates": [
          [
            73.8445951,
            18.5202217
          ],
          [
            73.8445809,
            18.5201927
          ],
          [
            73.844323,
            18.5196683
          ]
        ]
      },
      "id": "way/1117971031"
    },
    {
      "type": "Feature",
      "properties": {
        "@id": "way/1117971037",
        "highway": "service"
      },
      "geometry": {
        "type": "LineString",
        "coordinates": [
          [
            73.8452166,
            18.5192716
          ],
          [
            73.8453797,
            18.5191521
          ],
          [
            73.8454811,
            18.5190725
          ],
          [
            73.8455278,
            18.5190437
          ],
          [
            73.8456013,
            18.5190603
          ]
        ]
      },
      "id": "way/1117971037"
    },
    {
      "type": "Feature",
      "properties": {
        "@id": "way/1117971038",
        "highway": "service"
      },
      "geometry": {
        "type": "LineString",
        "coordinates": [
          [
            73.845058,
            18.5190779
          ],
          [
            73.8449637,
            18.5191435
          ],
          [
            73.8446615,
            18.5193536
          ]
        ]
      },
      "id": "way/1117971038"
    },
    {
      "type": "Feature",
      "properties": {
        "@id": "way/1117971039",
        "highway": "service"
      },
      "geometry": {
        "type": "LineString",
        "coordinates": [
          [
            73.8448748,
            18.5188597
          ],
          [
            73.8447755,
            18.5189273
          ],
          [
            73.8445806,
            18.51906
          ]
        ]
      },
      "id": "way/1117971039"
    },
    {
      "type": "Feature",
      "properties": {
        "@id": "way/1117971040",
        "access": "private",
        "highway": "service"
      },
      "geometry": {
        "type": "LineString",
        "coordinates": [
          [
            73.8459313,
            18.5201337
          ],
          [
            73.8459691,
            18.5201056
          ],
          [
            73.8462096,
            18.5199295
          ],
          [
            73.8462477,
            18.5199734
          ],
          [
            73.846393,
            18.520141
          ]
        ]
      },
      "id": "way/1117971040"
    },
    {
      "type": "Feature",
      "properties": {
        "@id": "way/1117971042",
        "highway": "service"
      },
      "geometry": {
        "type": "LineString",
        "coordinates": [
          [
            73.8445137,
            18.5184331
          ],
          [
            73.8448346,
            18.5182338
          ]
        ]
      },
      "id": "way/1117971042"
    },
    {
      "type": "Feature",
      "properties": {
        "@id": "way/1117971043",
        "access": "private",
        "highway": "service",
        "surface": "asphalt"
      },
      "geometry": {
        "type": "LineString",
        "coordinates": [
          [
            73.8443332,
            18.5182265
          ],
          [
            73.8443789,
            18.5181955
          ],
          [
            73.8446638,
            18.5180019
          ]
        ]
      },
      "id": "way/1117971043"
    },
    {
      "type": "Feature",
      "properties": {
        "@id": "way/1117971044",
        "access": "private",
        "highway": "service"
      },
      "geometry": {
        "type": "LineString",
        "coordinates": [
          [
            73.8441676,
            18.51804
          ],
          [
            73.844048,
            18.5181167
          ],
          [
            73.8440339,
            18.5181257
          ],
          [
            73.8437965,
            18.518278
          ]
        ]
      },
      "id": "way/1117971044"
    },
    {
      "type": "Feature",
      "properties": {
        "@id": "way/1117971045",
        "access": "private",
        "highway": "service"
      },
      "geometry": {
        "type": "LineString",
        "coordinates": [
          [
            73.8434606,
            18.5171256
          ],
          [
            73.8434869,
            18.5171111
          ],
          [
            73.8437231,
            18.5169474
          ]
        ]
      },
      "id": "way/1117971045"
    },
    {
      "type": "Feature",
      "properties": {
        "@id": "way/1117971046",
        "highway": "service"
      },
      "geometry": {
        "type": "LineString",
        "coordinates": [
          [
            73.8431972,
            18.5169421
          ],
          [
            73.843271,
            18.5168892
          ],
          [
            73.8432937,
            18.5168736
          ],
          [
            73.843412,
            18.5167935
          ]
        ]
      },
      "id": "way/1117971046"
    },
    {
      "type": "Feature",
      "properties": {
        "@id": "way/1117971182",
        "bicycle": "no",
        "highway": "service",
        "motor_vehicle": "no"
      },
      "geometry": {
        "type": "LineString",
        "coordinates": [
          [
            73.8428465,
            18.5164965
          ],
          [
            73.8427299,
            18.5165634
          ],
          [
            73.8426003,
            18.5166377
          ],
          [
            73.8424817,
            18.5167064
          ],
          [
            73.8424445,
            18.5167115
          ],
          [
            73.8423844,
            18.5167148
          ],
          [
            73.8423366,
            18.5167064
          ],
          [
            73.8423179,
            18.5166932
          ],
          [
            73.8423097,
            18.5166755
          ],
          [
            73.8423074,
            18.5166533
          ],
          [
            73.8423027,
            18.5166278
          ],
          [
            73.8422852,
            18.5165935
          ],
          [
            73.8422654,
            18.5165725
          ],
          [
            73.8422315,
            18.516557
          ],
          [
            73.8421743,
            18.5165326
          ],
          [
            73.8420704,
            18.5165028
          ],
          [
            73.8419758,
            18.5164574
          ],
          [
            73.8419367,
            18.5164285
          ],
          [
            73.8419128,
            18.5164109
          ],
          [
            73.8418664,
            18.5163955
          ]
        ]
      },
      "id": "way/1117971182"
    },
    {
      "type": "Feature",
      "properties": {
        "@id": "way/1117972078",
        "highway": "residential"
      },
      "geometry": {
        "type": "LineString",
        "coordinates": [
          [
            73.8408584,
            18.5161344
          ],
          [
            73.8409033,
            18.5158361
          ]
        ]
      },
      "id": "way/1117972078"
    },
    {
      "type": "Feature",
      "properties": {
        "@id": "way/1117972079",
        "highway": "residential",
        "name": "Aravind Ranade Path",
        "name:mr": "अरविंद रानडे पथ",
        "oneway": "yes"
      },
      "geometry": {
        "type": "LineString",
        "coordinates": [
          [
            73.8408584,
            18.5161344
          ],
          [
            73.8399342,
            18.5162558
          ]
        ]
      },
      "id": "way/1117972079"
    },
    {
      "type": "Feature",
      "properties": {
        "@id": "way/1117972080",
        "highway": "residential"
      },
      "geometry": {
        "type": "LineString",
        "coordinates": [
          [
            73.8408584,
            18.5161344
          ],
          [
            73.8408012,
            18.5164596
          ]
        ]
      },
      "id": "way/1117972080"
    },
    {
      "type": "Feature",
      "properties": {
        "@id": "way/1117972081",
        "access": "private",
        "highway": "service"
      },
      "geometry": {
        "type": "LineString",
        "coordinates": [
          [
            73.8429203,
            18.5173015
          ],
          [
            73.8429415,
            18.5173466
          ],
          [
            73.8429479,
            18.5173602
          ],
          [
            73.8430532,
            18.5175842
          ]
        ]
      },
      "id": "way/1117972081"
    },
    {
      "type": "Feature",
      "properties": {
        "@id": "way/1117972082",
        "access": "private",
        "highway": "service"
      },
      "geometry": {
        "type": "LineString",
        "coordinates": [
          [
            73.8425696,
            18.5178189
          ],
          [
            73.8425033,
            18.5178445
          ],
          [
            73.8423184,
            18.5179158
          ]
        ]
      },
      "id": "way/1117972082"
    },
    {
      "type": "Feature",
      "properties": {
        "@id": "way/1117972083",
        "access": "private",
        "highway": "service"
      },
      "geometry": {
        "type": "LineString",
        "coordinates": [
          [
            73.8427003,
            18.5181364
          ],
          [
            73.8427554,
            18.5181134
          ],
          [
            73.8429873,
            18.5180165
          ]
        ]
      },
      "id": "way/1117972083"
    },
    {
      "type": "Feature",
      "properties": {
        "@id": "way/1117972084",
        "access": "private",
        "highway": "service"
      },
      "geometry": {
        "type": "LineString",
        "coordinates": [
          [
            73.8427003,
            18.5181364
          ],
          [
            73.8426711,
            18.5181467
          ],
          [
            73.8424497,
            18.5182248
          ]
        ]
      },
      "id": "way/1117972084"
    },
    {
      "type": "Feature",
      "properties": {
        "@id": "way/1117972085",
        "access": "private",
        "highway": "service"
      },
      "geometry": {
        "type": "LineString",
        "coordinates": [
          [
            73.8427537,
            18.5182549
          ],
          [
            73.8427217,
            18.518268
          ],
          [
            73.8424754,
            18.5183687
          ]
        ]
      },
      "id": "way/1117972085"
    },
    {
      "type": "Feature",
      "properties": {
        "@id": "way/1117972086",
        "access": "private",
        "highway": "service"
      },
      "geometry": {
        "type": "LineString",
        "coordinates": [
          [
            73.842814,
            18.5184017
          ],
          [
            73.8428946,
            18.5183569
          ],
          [
            73.8432239,
            18.5181738
          ]
        ]
      },
      "id": "way/1117972086"
    },
    {
      "type": "Feature",
      "properties": {
        "@id": "way/1117972087",
        "highway": "service"
      },
      "geometry": {
        "type": "LineString",
        "coordinates": [
          [
            73.8429309,
            18.5186223
          ],
          [
            73.8426311,
            18.5187426
          ]
        ]
      },
      "id": "way/1117972087"
    },
    {
      "type": "Feature",
      "properties": {
        "@id": "way/1117972088",
        "access": "private",
        "highway": "service"
      },
      "geometry": {
        "type": "LineString",
        "coordinates": [
          [
            73.8428779,
            18.5185223
          ],
          [
            73.842955,
            18.5184865
          ],
          [
            73.8433209,
            18.5183167
          ]
        ]
      },
      "id": "way/1117972088"
    },
    {
      "type": "Feature",
      "properties": {
        "@id": "way/1117972089",
        "highway": "service"
      },
      "geometry": {
        "type": "LineString",
        "coordinates": [
          [
            73.8432845,
            18.5193973
          ],
          [
            73.8430542,
            18.5194805
          ]
        ]
      },
      "id": "way/1117972089"
    },
    {
      "type": "Feature",
      "properties": {
        "@id": "way/1117972090",
        "access": "private",
        "highway": "service"
      },
      "geometry": {
        "type": "LineString",
        "coordinates": [
          [
            73.843475,
            18.5198959
          ],
          [
            73.8434073,
            18.5199157
          ],
          [
            73.8432779,
            18.5199535
          ],
          [
            73.8432347,
            18.5198173
          ],
          [
            73.8431389,
            18.519845
          ]
        ]
      },
      "id": "way/1117972090"
    },
    {
      "type": "Feature",
      "properties": {
        "@id": "way/1117974020",
        "access": "private",
        "highway": "service"
      },
      "geometry": {
        "type": "LineString",
        "coordinates": [
          [
            73.8347415,
            18.519917
          ],
          [
            73.8347329,
            18.5198825
          ],
          [
            73.8346612,
            18.5195953
          ]
        ]
      },
      "id": "way/1117974020"
    },
    {
      "type": "Feature",
      "properties": {
        "@id": "way/1117974021",
        "access": "private",
        "highway": "service"
      },
      "geometry": {
        "type": "LineString",
        "coordinates": [
          [
            73.8350752,
            18.5197968
          ],
          [
            73.8350584,
            18.5197434
          ],
          [
            73.8349836,
            18.5195061
          ]
        ]
      },
      "id": "way/1117974021"
    },
    {
      "type": "Feature",
      "properties": {
        "@id": "way/1117974022",
        "access": "private",
        "highway": "service"
      },
      "geometry": {
        "type": "LineString",
        "coordinates": [
          [
            73.835251,
            18.519733
          ],
          [
            73.8352365,
            18.519686
          ],
          [
            73.8351707,
            18.5194735
          ]
        ]
      },
      "id": "way/1117974022"
    },
    {
      "type": "Feature",
      "properties": {
        "@id": "way/1117974023",
        "access": "private",
        "highway": "residential"
      },
      "geometry": {
        "type": "LineString",
        "coordinates": [
          [
            73.8354799,
            18.51965
          ],
          [
            73.8354656,
            18.5196106
          ],
          [
            73.8354575,
            18.5195882
          ],
          [
            73.8353993,
            18.5194294
          ],
          [
            73.8352116,
            18.5194956
          ],
          [
            73.8352754,
            18.5196528
          ],
          [
            73.8352838,
            18.5196736
          ],
          [
            73.8353033,
            18.5197141
          ]
        ]
      },
      "id": "way/1117974023"
    },
    {
      "type": "Feature",
      "properties": {
        "@id": "way/1117975143",
        "access": "private",
        "highway": "service"
      },
      "geometry": {
        "type": "LineString",
        "coordinates": [
          [
            73.8382662,
            18.5198711
          ],
          [
            73.8382986,
            18.5199267
          ],
          [
            73.8386504,
            18.5205294
          ]
        ]
      },
      "id": "way/1117975143"
    },
    {
      "type": "Feature",
      "properties": {
        "@id": "way/1117975145",
        "highway": "residential"
      },
      "geometry": {
        "type": "LineString",
        "coordinates": [
          [
            73.8392204,
            18.5202033
          ],
          [
            73.8392326,
            18.5197867
          ]
        ]
      },
      "id": "way/1117975145"
    },
    {
      "type": "Feature",
      "properties": {
        "@id": "way/1117980505",
        "highway": "service"
      },
      "geometry": {
        "type": "LineString",
        "coordinates": [
          [
            73.8414602,
            18.5183339
          ],
          [
            73.8415496,
            18.5183259
          ],
          [
            73.8416217,
            18.5183195
          ],
          [
            73.8418068,
            18.5183551
          ]
        ]
      },
      "id": "way/1117980505"
    },
    {
      "type": "Feature",
      "properties": {
        "@id": "way/1117980506",
        "access": "permissive",
        "highway": "service"
      },
      "geometry": {
        "type": "LineString",
        "coordinates": [
          [
            73.8413925,
            18.5187409
          ],
          [
            73.8413113,
            18.518756
          ],
          [
            73.8406129,
            18.5189017
          ]
        ]
      },
      "id": "way/1117980506"
    },
    {
      "type": "Feature",
      "properties": {
        "@id": "way/1117980507",
        "access": "permissive",
        "highway": "service"
      },
      "geometry": {
        "type": "LineString",
        "coordinates": [
          [
            73.8413309,
            18.5191109
          ],
          [
            73.8412592,
            18.5191279
          ],
          [
            73.8406273,
            18.5192773
          ]
        ]
      },
      "id": "way/1117980507"
    },
    {
      "type": "Feature",
      "properties": {
        "@id": "way/1117980508",
        "highway": "service"
      },
      "geometry": {
        "type": "LineString",
        "coordinates": [
          [
            73.8400637,
            18.5189713
          ],
          [
            73.8403532,
            18.5189187
          ]
        ]
      },
      "id": "way/1117980508"
    },
    {
      "type": "Feature",
      "properties": {
        "@id": "way/1117980509",
        "highway": "service"
      },
      "geometry": {
        "type": "LineString",
        "coordinates": [
          [
            73.8400534,
            18.5189216
          ],
          [
            73.8397861,
            18.5189592
          ]
        ]
      },
      "id": "way/1117980509"
    },
    {
      "type": "Feature",
      "properties": {
        "@id": "way/1117981022",
        "highway": "footway"
      },
      "geometry": {
        "type": "LineString",
        "coordinates": [
          [
            73.83446,
            18.5168744
          ],
          [
            73.834531,
            18.5174653
          ]
        ]
      },
      "id": "way/1117981022"
    },
    {
      "type": "Feature",
      "properties": {
        "@id": "way/1117981460",
        "highway": "residential"
      },
      "geometry": {
        "type": "LineString",
        "coordinates": [
          [
            73.8361411,
            18.5181161
          ],
          [
            73.8361182,
            18.5178488
          ]
        ]
      },
      "id": "way/1117981460"
    },
    {
      "type": "Feature",
      "properties": {
        "@id": "way/1117981461",
        "access": "private",
        "highway": "service"
      },
      "geometry": {
        "type": "LineString",
        "coordinates": [
          [
            73.8366454,
            18.5181013
          ],
          [
            73.8366456,
            18.5181509
          ],
          [
            73.8366466,
            18.518374
          ]
        ]
      },
      "id": "way/1117981461"
    },
    {
      "type": "Feature",
      "properties": {
        "@id": "way/1117981462",
        "access": "private",
        "highway": "service"
      },
      "geometry": {
        "type": "LineString",
        "coordinates": [
          [
            73.8370316,
            18.5180855
          ],
          [
            73.8370326,
            18.518142
          ],
          [
            73.8370368,
            18.5183753
          ]
        ]
      },
      "id": "way/1117981462"
    },
    {
      "type": "Feature",
      "properties": {
        "@id": "way/1117981463",
        "highway": "service"
      },
      "geometry": {
        "type": "LineString",
        "coordinates": [
          [
            73.8374112,
            18.5180641
          ],
          [
            73.8373969,
            18.517759
          ]
        ]
      },
      "id": "way/1117981463"
    },
    {
      "type": "Feature",
      "properties": {
        "@id": "way/1117982235",
        "highway": "service"
      },
      "geometry": {
        "type": "LineString",
        "coordinates": [
          [
            73.8382879,
            18.5179967
          ],
          [
            73.8382703,
            18.5177384
          ]
        ]
      },
      "id": "way/1117982235"
    },
    {
      "type": "Feature",
      "properties": {
        "@id": "way/1117982236",
        "access": "private",
        "highway": "service"
      },
      "geometry": {
        "type": "LineString",
        "coordinates": [
          [
            73.8387512,
            18.5179497
          ],
          [
            73.8387583,
            18.5179941
          ],
          [
            73.83881,
            18.5183167
          ]
        ]
      },
      "id": "way/1117982236"
    },
    {
      "type": "Feature",
      "properties": {
        "@id": "way/1117982237",
        "access": "private",
        "highway": "service"
      },
      "geometry": {
        "type": "LineString",
        "coordinates": [
          [
            73.8390776,
            18.5179137
          ],
          [
            73.8390676,
            18.5178665
          ],
          [
            73.8389949,
            18.517523
          ]
        ]
      },
      "id": "way/1117982237"
    },
    {
      "type": "Feature",
      "properties": {
        "@id": "way/1117982238",
        "access": "private",
        "highway": "service"
      },
      "geometry": {
        "type": "LineString",
        "coordinates": [
          [
            73.8400651,
            18.5172803
          ],
          [
            73.8399894,
            18.5172949
          ],
          [
            73.8398793,
            18.5173161
          ],
          [
            73.8397739,
            18.517429
          ]
        ]
      },
      "id": "way/1117982238"
    },
    {
      "type": "Feature",
      "properties": {
        "@id": "way/1117982239",
        "access": "private",
        "highway": "service"
      },
      "geometry": {
        "type": "LineString",
        "coordinates": [
          [
            73.8396603,
            18.5178267
          ],
          [
            73.8396564,
            18.5177983
          ],
          [
            73.8396522,
            18.5177467
          ],
          [
            73.839934,
            18.5177075
          ],
          [
            73.8399048,
            18.5174274
          ]
        ]
      },
      "id": "way/1117982239"
    },
    {
      "type": "Feature",
      "properties": {
        "@id": "way/1117982240",
        "highway": "residential"
      },
      "geometry": {
        "type": "LineString",
        "coordinates": [
          [
            73.8379605,
            18.5162791
          ],
          [
            73.8380762,
            18.5168688
          ]
        ]
      },
      "id": "way/1117982240"
    },
    {
      "type": "Feature",
      "properties": {
        "@id": "way/1117982241",
        "access": "private",
        "highway": "service"
      },
      "geometry": {
        "type": "LineString",
        "coordinates": [
          [
            73.8402338,
            18.5177409
          ],
          [
            73.8402558,
            18.517835
          ],
          [
            73.8402846,
            18.5179584
          ]
        ]
      },
      "id": "way/1117982241"
    },
    {
      "type": "Feature",
      "properties": {
        "@id": "way/1117982242",
        "highway": "service"
      },
      "geometry": {
        "type": "LineString",
        "coordinates": [
          [
            73.8412161,
            18.5176027
          ],
          [
            73.8412282,
            18.5176796
          ],
          [
            73.841267,
            18.5179253
          ]
        ]
      },
      "id": "way/1117982242"
    },
    {
      "type": "Feature",
      "properties": {
        "@id": "way/1117982243",
        "access": "private",
        "highway": "service"
      },
      "geometry": {
        "type": "LineString",
        "coordinates": [
          [
            73.8411006,
            18.5176177
          ],
          [
            73.8410967,
            18.5175887
          ],
          [
            73.8410933,
            18.5175632
          ],
          [
            73.8410759,
            18.517432
          ]
        ]
      },
      "id": "way/1117982243"
    },
    {
      "type": "Feature",
      "properties": {
        "@id": "way/1117982244",
        "access": "private",
        "highway": "service"
      },
      "geometry": {
        "type": "LineString",
        "coordinates": [
          [
            73.8407659,
            18.5176612
          ],
          [
            73.8407609,
            18.5176234
          ],
          [
            73.8407344,
            18.5174219
          ],
          [
            73.8409467,
            18.5173934
          ]
        ]
      },
      "id": "way/1117982244"
    },
    {
      "type": "Feature",
      "properties": {
        "@id": "way/1117982245",
        "access": "private",
        "highway": "service"
      },
      "geometry": {
        "type": "LineString",
        "coordinates": [
          [
            73.8415123,
            18.5180232
          ],
          [
            73.8416072,
            18.5179963
          ],
          [
            73.8416508,
            18.517984
          ],
          [
            73.8418866,
            18.5179173
          ]
        ]
      },
      "id": "way/1117982245"
    },
    {
      "type": "Feature",
      "properties": {
        "@id": "way/1117982246",
        "highway": "service"
      },
      "geometry": {
        "type": "LineString",
        "coordinates": [
          [
            73.8394647,
            18.5160205
          ],
          [
            73.8394992,
            18.5161973
          ]
        ]
      },
      "id": "way/1117982246"
    },
    {
      "type": "Feature",
      "properties": {
        "@id": "way/1117983193",
        "highway": "service"
      },
      "geometry": {
        "type": "LineString",
        "coordinates": [
          [
            73.8366582,
            18.5170069
          ],
          [
            73.8364381,
            18.5170304
          ]
        ]
      },
      "id": "way/1117983193"
    },
    {
      "type": "Feature",
      "properties": {
        "@id": "way/1117983194",
        "highway": "service"
      },
      "geometry": {
        "type": "LineString",
        "coordinates": [
          [
            73.8366462,
            18.5168848
          ],
          [
            73.8364288,
            18.5169077
          ]
        ]
      },
      "id": "way/1117983194"
    },
    {
      "type": "Feature",
      "properties": {
        "@id": "way/1117983195",
        "highway": "service"
      },
      "geometry": {
        "type": "LineString",
        "coordinates": [
          [
            73.8366736,
            18.5173868
          ],
          [
            73.8365505,
            18.5173854
          ],
          [
            73.8365413,
            18.5172802
          ]
        ]
      },
      "id": "way/1117983195"
    },
    {
      "type": "Feature",
      "properties": {
        "@id": "way/1117983196",
        "access": "private",
        "highway": "service"
      },
      "geometry": {
        "type": "LineString",
        "coordinates": [
          [
            73.8361695,
            18.5186021
          ],
          [
            73.8361114,
            18.5186055
          ],
          [
            73.8359071,
            18.5186176
          ]
        ]
      },
      "id": "way/1117983196"
    },
    {
      "type": "Feature",
      "properties": {
        "@id": "way/1117983197",
        "highway": "service"
      },
      "geometry": {
        "type": "LineString",
        "coordinates": [
          [
            73.8352091,
            18.5181447
          ],
          [
            73.8352252,
            18.5184149
          ]
        ]
      },
      "id": "way/1117983197"
    },
    {
      "type": "Feature",
      "properties": {
        "@id": "way/1117983198",
        "highway": "service"
      },
      "geometry": {
        "type": "LineString",
        "coordinates": [
          [
            73.834621,
            18.5181767
          ],
          [
            73.8346351,
            18.5184633
          ]
        ]
      },
      "id": "way/1117983198"
    },
    {
      "type": "Feature",
      "properties": {
        "@id": "way/1118002082",
        "highway": "residential"
      },
      "geometry": {
        "type": "LineString",
        "coordinates": [
          [
            73.8467908,
            18.51706
          ],
          [
            73.8469949,
            18.5174654
          ]
        ]
      },
      "id": "way/1118002082"
    },
    {
      "type": "Feature",
      "properties": {
        "@id": "way/1118002083",
        "highway": "residential"
      },
      "geometry": {
        "type": "LineString",
        "coordinates": [
          [
            73.8469949,
            18.5174654
          ],
          [
            73.8471474,
            18.5177895
          ],
          [
            73.8474585,
            18.5181456
          ],
          [
            73.8475953,
            18.5183058
          ],
          [
            73.8479145,
            18.5182753
          ]
        ]
      },
      "id": "way/1118002083"
    },
    {
      "type": "Feature",
      "properties": {
        "@id": "way/1118002084",
        "highway": "service"
      },
      "geometry": {
        "type": "LineString",
        "coordinates": [
          [
            73.8487908,
            18.5193182
          ],
          [
            73.8489719,
            18.5190406
          ]
        ]
      },
      "id": "way/1118002084"
    },
    {
      "type": "Feature",
      "properties": {
        "@id": "way/1118011702",
        "highway": "service"
      },
      "geometry": {
        "type": "LineString",
        "coordinates": [
          [
            73.8479828,
            18.5167811
          ],
          [
            73.8482597,
            18.5167872
          ]
        ]
      },
      "id": "way/1118011702"
    },
    {
      "type": "Feature",
      "properties": {
        "@id": "way/1118510409",
        "highway": "living_street",
        "motorcar": "no"
      },
      "geometry": {
        "type": "LineString",
        "coordinates": [
          [
            73.8451979,
            18.5097102
          ],
          [
            73.8452409,
            18.5093681
          ]
        ]
      },
      "id": "way/1118510409"
    },
    {
      "type": "Feature",
      "properties": {
        "@id": "way/1118510411",
        "access": "private",
        "highway": "service"
      },
      "geometry": {
        "type": "LineString",
        "coordinates": [
          [
            73.8458871,
            18.5161458
          ],
          [
            73.8458204,
            18.5161167
          ],
          [
            73.8456702,
            18.5157929
          ],
          [
            73.8452285,
            18.5152435
          ]
        ]
      },
      "id": "way/1118510411"
    },
    {
      "type": "Feature",
      "properties": {
        "@id": "way/1118510412",
        "highway": "service"
      },
      "geometry": {
        "type": "LineString",
        "coordinates": [
          [
            73.8378501,
            18.5111802
          ],
          [
            73.8379072,
            18.511261
          ],
          [
            73.8380518,
            18.5113119
          ]
        ]
      },
      "id": "way/1118510412"
    },
    {
      "type": "Feature",
      "properties": {
        "@id": "way/1118510812",
        "highway": "residential"
      },
      "geometry": {
        "type": "LineString",
        "coordinates": [
          [
            73.845611,
            18.5076134
          ],
          [
            73.8455783,
            18.5081382
          ]
        ]
      },
      "id": "way/1118510812"
    },
    {
      "type": "Feature",
      "properties": {
        "@id": "way/1118510813",
        "highway": "residential"
      },
      "geometry": {
        "type": "LineString",
        "coordinates": [
          [
            73.8352736,
            18.5100042
          ],
          [
            73.8353839,
            18.5098335
          ],
          [
            73.8356293,
            18.5098615
          ]
        ]
      },
      "id": "way/1118510813"
    },
    {
      "type": "Feature",
      "properties": {
        "@id": "way/1118510910",
        "access": "private",
        "highway": "service"
      },
      "geometry": {
        "type": "LineString",
        "coordinates": [
          [
            73.8448086,
            18.5074903
          ],
          [
            73.8448028,
            18.5075478
          ],
          [
            73.8447997,
            18.5075788
          ],
          [
            73.8447559,
            18.5080173
          ]
        ]
      },
      "id": "way/1118510910"
    },
    {
      "type": "Feature",
      "properties": {
        "@id": "way/1118511467",
        "access": "private",
        "highway": "service"
      },
      "geometry": {
        "type": "LineString",
        "coordinates": [
          [
            73.835134,
            18.5081824
          ],
          [
            73.8356764,
            18.5075629
          ]
        ]
      },
      "id": "way/1118511467"
    },
    {
      "type": "Feature",
      "properties": {
        "@id": "way/1118546573",
        "highway": "service"
      },
      "geometry": {
        "type": "LineString",
        "coordinates": [
          [
            73.8492863,
            18.5085487
          ],
          [
            73.8490777,
            18.5083842
          ],
          [
            73.849107,
            18.5081986
          ],
          [
            73.8491386,
            18.5080422
          ]
        ]
      },
      "id": "way/1118546573"
    },
    {
      "type": "Feature",
      "properties": {
        "@id": "way/1118546574",
        "highway": "residential"
      },
      "geometry": {
        "type": "LineString",
        "coordinates": [
          [
            73.8464691,
            18.5076582
          ],
          [
            73.8464882,
            18.5073466
          ]
        ]
      },
      "id": "way/1118546574"
    },
    {
      "type": "Feature",
      "properties": {
        "@id": "way/1118546575",
        "access": "private",
        "highway": "service"
      },
      "geometry": {
        "type": "LineString",
        "coordinates": [
          [
            73.8463167,
            18.5076524
          ],
          [
            73.8463194,
            18.507595
          ],
          [
            73.846332,
            18.5073275
          ]
        ]
      },
      "id": "way/1118546575"
    },
    {
      "type": "Feature",
      "properties": {
        "@id": "way/1118546576",
        "highway": "residential"
      },
      "geometry": {
        "type": "LineString",
        "coordinates": [
          [
            73.8459174,
            18.508548
          ],
          [
            73.8459709,
            18.5082716
          ]
        ]
      },
      "id": "way/1118546576"
    },
    {
      "type": "Feature",
      "properties": {
        "@id": "way/1118546774",
        "highway": "residential"
      },
      "geometry": {
        "type": "LineString",
        "coordinates": [
          [
            73.8347217,
            18.5103621
          ],
          [
            73.8347538,
            18.5103034
          ],
          [
            73.8349242,
            18.5099921
          ]
        ]
      },
      "id": "way/1118546774"
    },
    {
      "type": "Feature",
      "properties": {
        "@id": "way/1118547023",
        "highway": "residential"
      },
      "geometry": {
        "type": "LineString",
        "coordinates": [
          [
            73.8426977,
            18.5094776
          ],
          [
            73.8426974,
            18.5094975
          ],
          [
            73.8426209,
            18.5103056
          ]
        ]
      },
      "id": "way/1118547023"
    },
    {
      "type": "Feature",
      "properties": {
        "@id": "way/1118547024",
        "highway": "service"
      },
      "geometry": {
        "type": "LineString",
        "coordinates": [
          [
            73.8384753,
            18.5121315
          ],
          [
            73.8383789,
            18.5118982
          ],
          [
            73.8383647,
            18.5116778
          ],
          [
            73.8384552,
            18.5114502
          ],
          [
            73.8385579,
            18.5113349
          ],
          [
            73.8387867,
            18.5112578
          ],
          [
            73.839035,
            18.5111878
          ],
          [
            73.8392615,
            18.5112438
          ],
          [
            73.8393936,
            18.5113266
          ],
          [
            73.8395552,
            18.5115011
          ],
          [
            73.8396681,
            18.5117004
          ],
          [
            73.8396739,
            18.5119635
          ],
          [
            73.8396033,
            18.5121709
          ],
          [
            73.8394929,
            18.5123665
          ],
          [
            73.8393448,
            18.5125958
          ]
        ]
      },
      "id": "way/1118547024"
    },
    {
      "type": "Feature",
      "properties": {
        "@id": "way/1118547896",
        "highway": "residential"
      },
      "geometry": {
        "type": "LineString",
        "coordinates": [
          [
            73.8361282,
            18.5117467
          ],
          [
            73.8362506,
            18.5115252
          ],
          [
            73.8364074,
            18.5112415
          ]
        ]
      },
      "id": "way/1118547896"
    },
    {
      "type": "Feature",
      "properties": {
        "@id": "way/1118547897",
        "highway": "residential"
      },
      "geometry": {
        "type": "LineString",
        "coordinates": [
          [
            73.8362506,
            18.5115252
          ],
          [
            73.8364939,
            18.5116418
          ]
        ]
      },
      "id": "way/1118547897"
    },
    {
      "type": "Feature",
      "properties": {
        "@id": "way/1118547898",
        "highway": "residential"
      },
      "geometry": {
        "type": "LineString",
        "coordinates": [
          [
            73.8429163,
            18.5048811
          ],
          [
            73.842927,
            18.5054017
          ]
        ]
      },
      "id": "way/1118547898"
    },
    {
      "type": "Feature",
      "properties": {
        "@id": "way/1118552266",
        "access": "private",
        "highway": "service"
      },
      "geometry": {
        "type": "LineString",
        "coordinates": [
          [
            73.847891,
            18.5021019
          ],
          [
            73.8481312,
            18.5020829
          ],
          [
            73.8481602,
            18.5023335
          ]
        ]
      },
      "id": "way/1118552266"
    },
    {
      "type": "Feature",
      "properties": {
        "@id": "way/1118552267",
        "highway": "residential"
      },
      "geometry": {
        "type": "LineString",
        "coordinates": [
          [
            73.8442234,
            18.501567
          ],
          [
            73.8441626,
            18.5016653
          ],
          [
            73.8441555,
            18.5018196
          ],
          [
            73.8441751,
            18.5018857
          ],
          [
            73.8441555,
            18.5019959
          ],
          [
            73.8442949,
            18.502057
          ],
          [
            73.844531,
            18.5021943
          ]
        ]
      },
      "id": "way/1118552267"
    },
    {
      "type": "Feature",
      "properties": {
        "@id": "way/1118552268",
        "highway": "residential"
      },
      "geometry": {
        "type": "LineString",
        "coordinates": [
          [
            73.8348623,
            18.5064003
          ],
          [
            73.8351473,
            18.5063741
          ]
        ]
      },
      "id": "way/1118552268"
    },
    {
      "type": "Feature",
      "properties": {
        "@id": "way/1118552269",
        "access": "private",
        "highway": "service"
      },
      "geometry": {
        "type": "LineString",
        "coordinates": [
          [
            73.8503393,
            18.5064916
          ],
          [
            73.8496528,
            18.506406
          ]
        ]
      },
      "id": "way/1118552269"
    },
    {
      "type": "Feature",
      "properties": {
        "@id": "way/1118552270",
        "highway": "residential"
      },
      "geometry": {
        "type": "LineString",
        "coordinates": [
          [
            73.8443351,
            18.5053913
          ],
          [
            73.8444005,
            18.5050688
          ],
          [
            73.8444088,
            18.5050277
          ]
        ]
      },
      "id": "way/1118552270"
    },
    {
      "type": "Feature",
      "properties": {
        "@id": "way/1118552681",
        "access": "private",
        "highway": "service"
      },
      "geometry": {
        "type": "LineString",
        "coordinates": [
          [
            73.8449505,
            18.5047011
          ],
          [
            73.8448632,
            18.504674
          ],
          [
            73.8446496,
            18.5046078
          ]
        ]
      },
      "id": "way/1118552681"
    },
    {
      "type": "Feature",
      "properties": {
        "@id": "way/1118552683",
        "highway": "residential"
      },
      "geometry": {
        "type": "LineString",
        "coordinates": [
          [
            73.8435946,
            18.5019774
          ],
          [
            73.8437695,
            18.5020811
          ],
          [
            73.8440251,
            18.5022065
          ]
        ]
      },
      "id": "way/1118552683"
    },
    {
      "type": "Feature",
      "properties": {
        "@id": "way/1118552875",
        "highway": "residential"
      },
      "geometry": {
        "type": "LineString",
        "coordinates": [
          [
            73.8381104,
            18.501646
          ],
          [
            73.8377868,
            18.5016607
          ]
        ]
      },
      "id": "way/1118552875"
    },
    {
      "type": "Feature",
      "properties": {
        "@id": "way/1118552876",
        "highway": "service"
      },
      "geometry": {
        "type": "LineString",
        "coordinates": [
          [
            73.8463722,
            18.5032397
          ],
          [
            73.8462328,
            18.5031429
          ],
          [
            73.8461242,
            18.5030699
          ],
          [
            73.8458176,
            18.5028637
          ],
          [
            73.8458423,
            18.5027044
          ]
        ]
      },
      "id": "way/1118552876"
    },
    {
      "type": "Feature",
      "properties": {
        "@id": "way/1118553949",
        "highway": "service"
      },
      "geometry": {
        "type": "LineString",
        "coordinates": [
          [
            73.8395796,
            18.5028888
          ],
          [
            73.8396619,
            18.5031846
          ],
          [
            73.839889,
            18.5035627
          ],
          [
            73.8399301,
            18.5036746
          ]
        ]
      },
      "id": "way/1118553949"
    },
    {
      "type": "Feature",
      "properties": {
        "@id": "way/1118553950",
        "access": "private",
        "highway": "residential"
      },
      "geometry": {
        "type": "LineString",
        "coordinates": [
          [
            73.8421432,
            18.5003685
          ],
          [
            73.8420934,
            18.5003681
          ],
          [
            73.8419669,
            18.500367
          ],
          [
            73.8417724,
            18.5003647
          ]
        ]
      },
      "id": "way/1118553950"
    },
    {
      "type": "Feature",
      "properties": {
        "@id": "way/1118553951",
        "highway": "residential"
      },
      "geometry": {
        "type": "LineString",
        "coordinates": [
          [
            73.8421432,
            18.5003685
          ],
          [
            73.8424764,
            18.5003679
          ]
        ]
      },
      "id": "way/1118553951"
    },
    {
      "type": "Feature",
      "properties": {
        "@id": "way/1118553952",
        "access": "private",
        "highway": "service"
      },
      "geometry": {
        "type": "LineString",
        "coordinates": [
          [
            73.8421382,
            18.5007133
          ],
          [
            73.8420998,
            18.500714
          ],
          [
            73.8417933,
            18.5007199
          ]
        ]
      },
      "id": "way/1118553952"
    },
    {
      "type": "Feature",
      "properties": {
        "@id": "way/1118553953",
        "access": "private",
        "highway": "service",
        "oneway": "yes"
      },
      "geometry": {
        "type": "LineString",
        "coordinates": [
          [
            73.8345503,
            18.5019497
          ],
          [
            73.8345403,
            18.5019604
          ],
          [
            73.8345047,
            18.5022107
          ],
          [
            73.8345122,
            18.5022369
          ],
          [
            73.8345438,
            18.5022576
          ],
          [
            73.8349421,
            18.5023169
          ],
          [
            73.8350465,
            18.5023273
          ]
        ]
      },
      "id": "way/1118553953"
    },
    {
      "type": "Feature",
      "properties": {
        "@id": "way/1118553954",
        "access": "private",
        "highway": "service"
      },
      "geometry": {
        "type": "LineString",
        "coordinates": [
          [
            73.8349224,
            18.5017042
          ],
          [
            73.8348508,
            18.5016983
          ],
          [
            73.8346412,
            18.5016774
          ]
        ]
      },
      "id": "way/1118553954"
    },
    {
      "type": "Feature",
      "properties": {
        "@id": "way/1118553955",
        "highway": "residential"
      },
      "geometry": {
        "type": "LineString",
        "coordinates": [
          [
            73.8461166,
            18.506588
          ],
          [
            73.8461235,
            18.5063809
          ]
        ]
      },
      "id": "way/1118553955"
    },
    {
      "type": "Feature",
      "properties": {
        "@id": "way/1118553956",
        "highway": "service"
      },
      "geometry": {
        "type": "LineString",
        "coordinates": [
          [
            73.8461144,
            18.5069078
          ],
          [
            73.8461117,
            18.5072683
          ]
        ]
      },
      "id": "way/1118553956"
    },
    {
      "type": "Feature",
      "properties": {
        "@id": "way/1118554052",
        "highway": "residential"
      },
      "geometry": {
        "type": "LineString",
        "coordinates": [
          [
            73.8431627,
            18.50316
          ],
          [
            73.8431928,
            18.5028181
          ]
        ]
      },
      "id": "way/1118554052"
    },
    {
      "type": "Feature",
      "properties": {
        "@id": "way/1118554053",
        "highway": "residential"
      },
      "geometry": {
        "type": "LineString",
        "coordinates": [
          [
            73.846769,
            18.5071564
          ],
          [
            73.8463638,
            18.5071162
          ]
        ]
      },
      "id": "way/1118554053"
    },
    {
      "type": "Feature",
      "properties": {
        "@id": "way/1118554657",
        "highway": "service"
      },
      "geometry": {
        "type": "LineString",
        "coordinates": [
          [
            73.8484485,
            18.5027518
          ],
          [
            73.8486432,
            18.5028324
          ],
          [
            73.8488379,
            18.5027496
          ],
          [
            73.8490194,
            18.5025464
          ],
          [
            73.8491375,
            18.502367
          ],
          [
            73.8490848,
            18.502218
          ],
          [
            73.8489018,
            18.5021546
          ],
          [
            73.8489497,
            18.5018846
          ],
          [
            73.849001,
            18.5018149
          ]
        ]
      },
      "id": "way/1118554657"
    },
    {
      "type": "Feature",
      "properties": {
        "@id": "way/1118554658",
        "highway": "residential"
      },
      "geometry": {
        "type": "LineString",
        "coordinates": [
          [
            73.8408255,
            18.5034845
          ],
          [
            73.8404688,
            18.5030553
          ]
        ]
      },
      "id": "way/1118554658"
    },
    {
      "type": "Feature",
      "properties": {
        "@id": "way/1118554659",
        "highway": "residential"
      },
      "geometry": {
        "type": "LineString",
        "coordinates": [
          [
            73.8399449,
            18.5024098
          ],
          [
            73.8399522,
            18.5028044
          ]
        ]
      },
      "id": "way/1118554659"
    },
    {
      "type": "Feature",
      "properties": {
        "@id": "way/1118555573",
        "highway": "residential"
      },
      "geometry": {
        "type": "LineString",
        "coordinates": [
          [
            73.8398113,
            18.5009866
          ],
          [
            73.8398095,
            18.5006194
          ]
        ]
      },
      "id": "way/1118555573"
    },
    {
      "type": "Feature",
      "properties": {
        "@id": "way/1118555574",
        "highway": "residential"
      },
      "geometry": {
        "type": "LineString",
        "coordinates": [
          [
            73.8502316,
            18.502116
          ],
          [
            73.8500716,
            18.5022404
          ],
          [
            73.8496443,
            18.5022431
          ]
        ]
      },
      "id": "way/1118555574"
    },
    {
      "type": "Feature",
      "properties": {
        "@id": "way/1118557102",
        "highway": "service"
      },
      "geometry": {
        "type": "LineString",
        "coordinates": [
          [
            73.8318277,
            18.5088381
          ],
          [
            73.831873,
            18.5087764
          ],
          [
            73.8324018,
            18.5080562
          ],
          [
            73.8319877,
            18.507804
          ],
          [
            73.8319338,
            18.5077712
          ]
        ]
      },
      "id": "way/1118557102"
    },
    {
      "type": "Feature",
      "properties": {
        "@id": "way/1118557103",
        "highway": "service"
      },
      "geometry": {
        "type": "LineString",
        "coordinates": [
          [
            73.8329954,
            18.5096183
          ],
          [
            73.8329709,
            18.5096631
          ],
          [
            73.8328362,
            18.5099092
          ]
        ]
      },
      "id": "way/1118557103"
    },
    {
      "type": "Feature",
      "properties": {
        "@id": "way/1118557104",
        "access": "private",
        "highway": "residential"
      },
      "geometry": {
        "type": "LineString",
        "coordinates": [
          [
            73.8308818,
            18.5082713
          ],
          [
            73.8308858,
            18.5082636
          ],
          [
            73.8309336,
            18.5081721
          ]
        ]
      },
      "id": "way/1118557104"
    },
    {
      "type": "Feature",
      "properties": {
        "@id": "way/1118557105",
        "highway": "residential"
      },
      "geometry": {
        "type": "LineString",
        "coordinates": [
          [
            73.8308062,
            18.516089
          ],
          [
            73.8313822,
            18.5159214
          ]
        ]
      },
      "id": "way/1118557105"
    },
    {
      "type": "Feature",
      "properties": {
        "@id": "way/1118557106",
        "highway": "service"
      },
      "geometry": {
        "type": "LineString",
        "coordinates": [
          [
            73.8314277,
            18.508811
          ],
          [
            73.8314029,
            18.5088418
          ],
          [
            73.8311439,
            18.5091633
          ]
        ]
      },
      "id": "way/1118557106"
    },
    {
      "type": "Feature",
      "properties": {
        "@id": "way/1118557477",
        "highway": "residential"
      },
      "geometry": {
        "type": "LineString",
        "coordinates": [
          [
            73.8317223,
            18.5140396
          ],
          [
            73.8312592,
            18.514138
          ]
        ]
      },
      "id": "way/1118557477"
    },
    {
      "type": "Feature",
      "properties": {
        "@id": "way/1118558262",
        "highway": "residential"
      },
      "geometry": {
        "type": "LineString",
        "coordinates": [
          [
            73.833863,
            18.5149198
          ],
          [
            73.8342731,
            18.514847
          ]
        ]
      },
      "id": "way/1118558262"
    },
    {
      "type": "Feature",
      "properties": {
        "@id": "way/1118558265",
        "highway": "residential"
      },
      "geometry": {
        "type": "LineString",
        "coordinates": [
          [
            73.8318803,
            18.5147286
          ],
          [
            73.8319753,
            18.5153122
          ]
        ]
      },
      "id": "way/1118558265"
    },
    {
      "type": "Feature",
      "properties": {
        "@id": "way/1118558653",
        "highway": "service"
      },
      "geometry": {
        "type": "LineString",
        "coordinates": [
          [
            73.8333969,
            18.508933
          ],
          [
            73.8336031,
            18.508619
          ]
        ]
      },
      "id": "way/1118558653"
    },
    {
      "type": "Feature",
      "properties": {
        "@id": "way/1118558654",
        "highway": "residential"
      },
      "geometry": {
        "type": "LineString",
        "coordinates": [
          [
            73.8346865,
            18.5088345
          ],
          [
            73.8349264,
            18.509013
          ]
        ]
      },
      "id": "way/1118558654"
    },
    {
      "type": "Feature",
      "properties": {
        "@id": "way/1118558656",
        "highway": "service"
      },
      "geometry": {
        "type": "LineString",
        "coordinates": [
          [
            73.8303842,
            18.509236
          ],
          [
            73.8303385,
            18.5092135
          ],
          [
            73.8300975,
            18.509095
          ]
        ]
      },
      "id": "way/1118558656"
    },
    {
      "type": "Feature",
      "properties": {
        "@id": "way/1118558657",
        "highway": "service"
      },
      "geometry": {
        "type": "LineString",
        "coordinates": [
          [
            73.8304303,
            18.5091534
          ],
          [
            73.8304752,
            18.5091775
          ],
          [
            73.8307403,
            18.5093198
          ]
        ]
      },
      "id": "way/1118558657"
    },
    {
      "type": "Feature",
      "properties": {
        "@id": "way/1118558779",
        "access": "private",
        "highway": "service"
      },
      "geometry": {
        "type": "LineString",
        "coordinates": [
          [
            73.8338887,
            18.5151941
          ],
          [
            73.8339087,
            18.5151911
          ],
          [
            73.8343177,
            18.5151301
          ]
        ]
      },
      "id": "way/1118558779"
    },
    {
      "type": "Feature",
      "properties": {
        "@id": "way/1118558780",
        "access": "private",
        "highway": "service"
      },
      "geometry": {
        "type": "LineString",
        "coordinates": [
          [
            73.8343177,
            18.5151301
          ],
          [
            73.8343731,
            18.5155728
          ],
          [
            73.8343758,
            18.5155945
          ]
        ]
      },
      "id": "way/1118558780"
    },
    {
      "type": "Feature",
      "properties": {
        "@id": "way/1118558781",
        "highway": "service"
      },
      "geometry": {
        "type": "LineString",
        "coordinates": [
          [
            73.8336694,
            18.5098248
          ],
          [
            73.833698,
            18.5097764
          ],
          [
            73.833824,
            18.5095632
          ]
        ]
      },
      "id": "way/1118558781"
    },
    {
      "type": "Feature",
      "properties": {
        "@id": "way/1118559137",
        "highway": "service"
      },
      "geometry": {
        "type": "LineString",
        "coordinates": [
          [
            73.8319898,
            18.5076635
          ],
          [
            73.8321242,
            18.5077444
          ],
          [
            73.8327937,
            18.5081471
          ]
        ]
      },
      "id": "way/1118559137"
    },
    {
      "type": "Feature",
      "properties": {
        "@id": "way/1118559481",
        "highway": "residential"
      },
      "geometry": {
        "type": "LineString",
        "coordinates": [
          [
            73.8320548,
            18.5102507
          ],
          [
            73.8324074,
            18.510362
          ]
        ]
      },
      "id": "way/1118559481"
    },
    {
      "type": "Feature",
      "properties": {
        "@id": "way/1118560090",
        "access": "private",
        "highway": "residential"
      },
      "geometry": {
        "type": "LineString",
        "coordinates": [
          [
            73.8338089,
            18.5147892
          ],
          [
            73.8336331,
            18.5148188
          ],
          [
            73.833545,
            18.5148336
          ]
        ]
      },
      "id": "way/1118560090"
    },
    {
      "type": "Feature",
      "properties": {
        "@id": "way/1118560091",
        "highway": "service"
      },
      "geometry": {
        "type": "LineString",
        "coordinates": [
          [
            73.8304998,
            18.5139079
          ],
          [
            73.8304245,
            18.5136149
          ]
        ]
      },
      "id": "way/1118560091"
    },
    {
      "type": "Feature",
      "properties": {
        "@id": "way/1118560149",
        "highway": "service"
      },
      "geometry": {
        "type": "LineString",
        "coordinates": [
          [
            73.8329596,
            18.5094209
          ],
          [
            73.8330734,
            18.5092175
          ]
        ]
      },
      "id": "way/1118560149"
    },
    {
      "type": "Feature",
      "properties": {
        "@id": "way/1118560150",
        "highway": "residential"
      },
      "geometry": {
        "type": "LineString",
        "coordinates": [
          [
            73.8323585,
            18.5145503
          ],
          [
            73.8323002,
            18.5142584
          ]
        ]
      },
      "id": "way/1118560150"
    },
    {
      "type": "Feature",
      "properties": {
        "@id": "way/1118560151",
        "highway": "residential"
      },
      "geometry": {
        "type": "LineString",
        "coordinates": [
          [
            73.832725,
            18.5144722
          ],
          [
            73.8326692,
            18.5141856
          ]
        ]
      },
      "id": "way/1118560151"
    },
    {
      "type": "Feature",
      "properties": {
        "@id": "way/1118560637",
        "highway": "residential"
      },
      "geometry": {
        "type": "LineString",
        "coordinates": [
          [
            73.8341323,
            18.5145759
          ],
          [
            73.8341093,
            18.5142002
          ]
        ]
      },
      "id": "way/1118560637"
    },
    {
      "type": "Feature",
      "properties": {
        "@id": "way/1118560638",
        "access": "private",
        "highway": "residential"
      },
      "geometry": {
        "type": "LineString",
        "coordinates": [
          [
            73.8306462,
            18.5155211
          ],
          [
            73.8306067,
            18.5155327
          ],
          [
            73.8305894,
            18.5155375
          ],
          [
            73.8305024,
            18.5155617
          ],
          [
            73.8303133,
            18.5156143
          ]
        ]
      },
      "id": "way/1118560638"
    },
    {
      "type": "Feature",
      "properties": {
        "@id": "way/1118560640",
        "highway": "service"
      },
      "geometry": {
        "type": "LineString",
        "coordinates": [
          [
            73.833369,
            18.5096318
          ],
          [
            73.8335287,
            18.5093396
          ]
        ]
      },
      "id": "way/1118560640"
    },
    {
      "type": "Feature",
      "properties": {
        "@id": "way/1118561222",
        "highway": "service"
      },
      "geometry": {
        "type": "LineString",
        "coordinates": [
          [
            73.8321165,
            18.5091656
          ],
          [
            73.8318701,
            18.5095363
          ]
        ]
      },
      "id": "way/1118561222"
    },
    {
      "type": "Feature",
      "properties": {
        "@id": "way/1118561225",
        "access": "private",
        "highway": "service"
      },
      "geometry": {
        "type": "LineString",
        "coordinates": [
          [
            73.8328983,
            18.5141602
          ],
          [
            73.8329749,
            18.5144388
          ],
          [
            73.8329891,
            18.5144904
          ]
        ]
      },
      "id": "way/1118561225"
    },
    {
      "type": "Feature",
      "properties": {
        "@id": "way/1118561766",
        "highway": "footway"
      },
      "geometry": {
        "type": "LineString",
        "coordinates": [
          [
            73.8297036,
            18.5001791
          ],
          [
            73.8297017,
            18.5000452
          ],
          [
            73.8297038,
            18.500042
          ],
          [
            73.8297973,
            18.4998964
          ],
          [
            73.8299093,
            18.4998159
          ],
          [
            73.8300379,
            18.4998707
          ],
          [
            73.8301465,
            18.49994
          ],
          [
            73.83017,
            18.5000184
          ],
          [
            73.8301488,
            18.5001772
          ],
          [
            73.8300116,
            18.5003352
          ],
          [
            73.829917,
            18.5003285
          ]
        ]
      },
      "id": "way/1118561766"
    },
    {
      "type": "Feature",
      "properties": {
        "@id": "way/1118561926",
        "highway": "service"
      },
      "geometry": {
        "type": "LineString",
        "coordinates": [
          [
            73.8325729,
            18.5065243
          ],
          [
            73.8329267,
            18.5066741
          ]
        ]
      },
      "id": "way/1118561926"
    },
    {
      "type": "Feature",
      "properties": {
        "@id": "way/1118563391",
        "access": "private",
        "highway": "residential"
      },
      "geometry": {
        "type": "LineString",
        "coordinates": [
          [
            73.8326439,
            18.5041165
          ],
          [
            73.8327717,
            18.5039463
          ]
        ]
      },
      "id": "way/1118563391"
    },
    {
      "type": "Feature",
      "properties": {
        "@id": "way/1118563692",
        "highway": "service"
      },
      "geometry": {
        "type": "LineString",
        "coordinates": [
          [
            73.8311749,
            18.5015457
          ],
          [
            73.8315561,
            18.501501
          ]
        ]
      },
      "id": "way/1118563692"
    },
    {
      "type": "Feature",
      "properties": {
        "@id": "way/1118563693",
        "highway": "residential"
      },
      "geometry": {
        "type": "LineString",
        "coordinates": [
          [
            73.8311052,
            18.501138
          ],
          [
            73.831486,
            18.5010795
          ]
        ]
      },
      "id": "way/1118563693"
    },
    {
      "type": "Feature",
      "properties": {
        "@id": "way/1118564787",
        "access": "private",
        "highway": "service"
      },
      "geometry": {
        "type": "LineString",
        "coordinates": [
          [
            73.8322041,
            18.5002372
          ],
          [
            73.8322093,
            18.500473
          ]
        ]
      },
      "id": "way/1118564787"
    },
    {
      "type": "Feature",
      "properties": {
        "@id": "way/1118564788",
        "access": "private",
        "highway": "residential"
      },
      "geometry": {
        "type": "LineString",
        "coordinates": [
          [
            73.8341488,
            18.4999662
          ],
          [
            73.83406,
            18.500031
          ],
          [
            73.8338558,
            18.5001836
          ],
          [
            73.8338495,
            18.5001954
          ],
          [
            73.8338534,
            18.5002066
          ],
          [
            73.834184,
            18.5005294
          ]
        ]
      },
      "id": "way/1118564788"
    },
    {
      "type": "Feature",
      "properties": {
        "@id": "way/1118564789",
        "access": "private",
        "highway": "residential"
      },
      "geometry": {
        "type": "LineString",
        "coordinates": [
          [
            73.8339391,
            18.4996657
          ],
          [
            73.8338258,
            18.4997391
          ],
          [
            73.8335612,
            18.4999105
          ],
          [
            73.8335525,
            18.4999322
          ],
          [
            73.8335544,
            18.4999507
          ],
          [
            73.8337158,
            18.500117
          ],
          [
            73.8337609,
            18.5001635
          ]
        ]
      },
      "id": "way/1118564789"
    },
    {
      "type": "Feature",
      "properties": {
        "@id": "way/1118565079",
        "access": "private",
        "highway": "service"
      },
      "geometry": {
        "type": "LineString",
        "coordinates": [
          [
            73.8346021,
            18.5006088
          ],
          [
            73.8345121,
            18.5006664
          ],
          [
            73.8342006,
            18.5008658
          ]
        ]
      },
      "id": "way/1118565079"
    },
    {
      "type": "Feature",
      "properties": {
        "@id": "way/1118565594",
        "highway": "footway"
      },
      "geometry": {
        "type": "LineString",
        "coordinates": [
          [
            73.8327256,
            18.5061833
          ],
          [
            73.8328847,
            18.5062497
          ],
          [
            73.8329532,
            18.5062777
          ],
          [
            73.8330534,
            18.5063448
          ],
          [
            73.8331584,
            18.5063806
          ],
          [
            73.8332339,
            18.5064309
          ],
          [
            73.8333342,
            18.5064768
          ],
          [
            73.8334274,
            18.5065238
          ],
          [
            73.8334781,
            18.5065439
          ],
          [
            73.8335206,
            18.5065171
          ],
          [
            73.8335678,
            18.5064746
          ],
          [
            73.8335831,
            18.506441
          ],
          [
            73.8335643,
            18.5063839
          ],
          [
            73.8335171,
            18.5063269
          ],
          [
            73.8334404,
            18.5062866
          ],
          [
            73.8333743,
            18.506234
          ],
          [
            73.8333531,
            18.5061792
          ],
          [
            73.8332811,
            18.506168
          ],
          [
            73.8332139,
            18.5061815
          ],
          [
            73.8331207,
            18.5061949
          ],
          [
            73.8330558,
            18.5061971
          ],
          [
            73.8329921,
            18.5061815
          ],
          [
            73.8329685,
            18.5061982
          ],
          [
            73.8329532,
            18.5062419
          ],
          [
            73.8329532,
            18.5062777
          ]
        ]
      },
      "id": "way/1118565594"
    },
    {
      "type": "Feature",
      "properties": {
        "@id": "way/1118565598",
        "highway": "residential"
      },
      "geometry": {
        "type": "LineString",
        "coordinates": [
          [
            73.8303628,
            18.5013547
          ],
          [
            73.8301319,
            18.5013683
          ]
        ]
      },
      "id": "way/1118565598"
    },
    {
      "type": "Feature",
      "properties": {
        "@id": "way/1118566243",
        "access": "private",
        "highway": "residential"
      },
      "geometry": {
        "type": "LineString",
        "coordinates": [
          [
            73.8339118,
            18.5032168
          ],
          [
            73.8338898,
            18.5032058
          ],
          [
            73.8339315,
            18.5028307
          ],
          [
            73.833935,
            18.5027995
          ],
          [
            73.8339562,
            18.5027745
          ],
          [
            73.8340839,
            18.5027528
          ],
          [
            73.8347361,
            18.5028364
          ]
        ]
      },
      "id": "way/1118566243"
    },
    {
      "type": "Feature",
      "properties": {
        "@id": "way/1118566997",
        "highway": "service"
      },
      "geometry": {
        "type": "LineString",
        "coordinates": [
          [
            73.8327999,
            18.5060071
          ],
          [
            73.8330925,
            18.5061302
          ],
          [
            73.8332682,
            18.5058104
          ]
        ]
      },
      "id": "way/1118566997"
    },
    {
      "type": "Feature",
      "properties": {
        "@id": "way/1118566999",
        "highway": "residential"
      },
      "geometry": {
        "type": "LineString",
        "coordinates": [
          [
            73.8332682,
            18.5058104
          ],
          [
            73.8333082,
            18.5057213
          ],
          [
            73.8340438,
            18.5057157
          ]
        ]
      },
      "id": "way/1118566999"
    },
    {
      "type": "Feature",
      "properties": {
        "@id": "way/1118567002",
        "access": "private",
        "highway": "service"
      },
      "geometry": {
        "type": "LineString",
        "coordinates": [
          [
            73.831486,
            18.5010795
          ],
          [
            73.831539,
            18.5010698
          ],
          [
            73.8316122,
            18.5010585
          ],
          [
            73.832539,
            18.5009152
          ]
        ]
      },
      "id": "way/1118567002"
    },
    {
      "type": "Feature",
      "properties": {
        "@id": "way/1118573833",
        "highway": "living_street"
      },
      "geometry": {
        "type": "LineString",
        "coordinates": [
          [
            73.8316685,
            18.5024152
          ],
          [
            73.8313096,
            18.5024503
          ]
        ]
      },
      "id": "way/1118573833"
    },
    {
      "type": "Feature",
      "properties": {
        "@id": "way/1118574833",
        "highway": "service"
      },
      "geometry": {
        "type": "LineString",
        "coordinates": [
          [
            73.833893,
            18.5062846
          ],
          [
            73.8336038,
            18.5066586
          ]
        ]
      },
      "id": "way/1118574833"
    },
    {
      "type": "Feature",
      "properties": {
        "@id": "way/1118575466",
        "access": "private",
        "highway": "service",
        "oneway": "yes"
      },
      "geometry": {
        "type": "LineString",
        "coordinates": [
          [
            73.8338089,
            18.5074674
          ],
          [
            73.833856,
            18.5074016
          ],
          [
            73.8338746,
            18.5073716
          ]
        ]
      },
      "id": "way/1118575466"
    },
    {
      "type": "Feature",
      "properties": {
        "@id": "way/1118576358",
        "highway": "residential"
      },
      "geometry": {
        "type": "LineString",
        "coordinates": [
          [
            73.8294829,
            18.5030262
          ],
          [
            73.8296981,
            18.5029865
          ],
          [
            73.8300897,
            18.5030052
          ],
          [
            73.8307227,
            18.5030018
          ]
        ]
      },
      "id": "way/1118576358"
    },
    {
      "type": "Feature",
      "properties": {
        "@id": "way/1118577346",
        "highway": "residential"
      },
      "geometry": {
        "type": "LineString",
        "coordinates": [
          [
            73.8311726,
            18.5037724
          ],
          [
            73.8314572,
            18.5040382
          ]
        ]
      },
      "id": "way/1118577346"
    },
    {
      "type": "Feature",
      "properties": {
        "@id": "way/1118577347",
        "highway": "residential"
      },
      "geometry": {
        "type": "LineString",
        "coordinates": [
          [
            73.8314572,
            18.5040382
          ],
          [
            73.8316295,
            18.5042054
          ],
          [
            73.8317074,
            18.5043116
          ],
          [
            73.8317685,
            18.504453
          ]
        ]
      },
      "id": "way/1118577347"
    },
    {
      "type": "Feature",
      "properties": {
        "@id": "way/1118577349",
        "highway": "residential"
      },
      "geometry": {
        "type": "LineString",
        "coordinates": [
          [
            73.8315988,
            18.5017906
          ],
          [
            73.8313054,
            18.5018303
          ]
        ]
      },
      "id": "way/1118577349"
    },
    {
      "type": "Feature",
      "properties": {
        "@id": "way/1118577350",
        "highway": "residential"
      },
      "geometry": {
        "type": "LineString",
        "coordinates": [
          [
            73.8316326,
            18.5020929
          ],
          [
            73.8313289,
            18.5021277
          ]
        ]
      },
      "id": "way/1118577350"
    },
    {
      "type": "Feature",
      "properties": {
        "@id": "way/1118578469",
        "access": "private",
        "highway": "service"
      },
      "geometry": {
        "type": "LineString",
        "coordinates": [
          [
            73.8308585,
            18.5040685
          ],
          [
            73.8308519,
            18.5040265
          ],
          [
            73.8307924,
            18.5036471
          ]
        ]
      },
      "id": "way/1118578469"
    },
    {
      "type": "Feature",
      "properties": {
        "@id": "way/1118578470",
        "access": "private",
        "highway": "service"
      },
      "geometry": {
        "type": "LineString",
        "coordinates": [
          [
            73.8326581,
            18.5014251
          ],
          [
            73.832539,
            18.5009152
          ],
          [
            73.8324243,
            18.50047
          ]
        ]
      },
      "id": "way/1118578470"
    },
    {
      "type": "Feature",
      "properties": {
        "@id": "way/1118578473",
        "access": "private",
        "highway": "service"
      },
      "geometry": {
        "type": "LineString",
        "coordinates": [
          [
            73.8332026,
            18.5001897
          ],
          [
            73.8332187,
            18.5004044
          ]
        ]
      },
      "id": "way/1118578473"
    },
    {
      "type": "Feature",
      "properties": {
        "@id": "way/1118580570",
        "highway": "service"
      },
      "geometry": {
        "type": "LineString",
        "coordinates": [
          [
            73.8389841,
            18.5125175
          ],
          [
            73.8388181,
            18.5128355
          ]
        ]
      },
      "id": "way/1118580570"
    },
    {
      "type": "Feature",
      "properties": {
        "@id": "way/1118580571",
        "access": "private",
        "highway": "service"
      },
      "geometry": {
        "type": "LineString",
        "coordinates": [
          [
            73.8364393,
            18.5158323
          ],
          [
            73.8363638,
            18.5158446
          ],
          [
            73.8360406,
            18.5158972
          ]
        ]
      },
      "id": "way/1118580571"
    },
    {
      "type": "Feature",
      "properties": {
        "@id": "way/1118580572",
        "highway": "residential"
      },
      "geometry": {
        "type": "LineString",
        "coordinates": [
          [
            73.8364932,
            18.5160722
          ],
          [
            73.8360827,
            18.5161451
          ]
        ]
      },
      "id": "way/1118580572"
    },
    {
      "type": "Feature",
      "properties": {
        "@id": "way/1118580573",
        "access": "private",
        "highway": "service"
      },
      "geometry": {
        "type": "LineString",
        "coordinates": [
          [
            73.8369499,
            18.5121611
          ],
          [
            73.8369065,
            18.5121365
          ],
          [
            73.8367007,
            18.5120197
          ],
          [
            73.8366954,
            18.5119847
          ],
          [
            73.8367185,
            18.511935
          ],
          [
            73.8367832,
            18.5118269
          ],
          [
            73.8368364,
            18.5118286
          ]
        ]
      },
      "id": "way/1118580573"
    },
    {
      "type": "Feature",
      "properties": {
        "@id": "way/1118580574",
        "access": "private",
        "highway": "service"
      },
      "geometry": {
        "type": "LineString",
        "coordinates": [
          [
            73.837068,
            18.5119739
          ],
          [
            73.8370417,
            18.5119575
          ],
          [
            73.8370292,
            18.5119496
          ],
          [
            73.8368364,
            18.5118286
          ]
        ]
      },
      "id": "way/1118580574"
    },
    {
      "type": "Feature",
      "properties": {
        "@id": "way/1118580575",
        "access": "private",
        "highway": "service"
      },
      "geometry": {
        "type": "LineString",
        "coordinates": [
          [
            73.8447393,
            18.5112019
          ],
          [
            73.8447072,
            18.5111378
          ],
          [
            73.8446996,
            18.5110672
          ],
          [
            73.844716,
            18.5110013
          ],
          [
            73.8447536,
            18.5109438
          ],
          [
            73.8448087,
            18.5109007
          ],
          [
            73.8448753,
            18.5108765
          ],
          [
            73.8449466,
            18.5108737
          ],
          [
            73.8450152,
            18.5108927
          ],
          [
            73.8450737,
            18.5109314
          ],
          [
            73.8451162,
            18.5109858
          ],
          [
            73.8451381,
            18.5110502
          ],
          [
            73.8451372,
            18.5111179
          ],
          [
            73.8451136,
            18.5111818
          ],
          [
            73.8450697,
            18.5112352
          ],
          [
            73.8450069,
            18.5112738
          ],
          [
            73.8449341,
            18.5112904
          ],
          [
            73.8448597,
            18.5112829
          ],
          [
            73.8447921,
            18.5112522
          ],
          [
            73.8447393,
            18.5112019
          ]
        ]
      },
      "id": "way/1118580575"
    },
    {
      "type": "Feature",
      "properties": {
        "@id": "way/1118580576",
        "access": "private",
        "highway": "service"
      },
      "geometry": {
        "type": "LineString",
        "coordinates": [
          [
            73.8446996,
            18.5110672
          ],
          [
            73.8446106,
            18.5111461
          ],
          [
            73.8444323,
            18.511192
          ],
          [
            73.8442429,
            18.511167
          ],
          [
            73.8440844,
            18.5111377
          ],
          [
            73.8439457,
            18.5109937
          ],
          [
            73.8437586,
            18.511096
          ],
          [
            73.8436485,
            18.5111523
          ],
          [
            73.8436138,
            18.5111884
          ]
        ]
      },
      "id": "way/1118580576"
    },
    {
      "type": "Feature",
      "properties": {
        "@id": "way/1118580577",
        "access": "private",
        "highway": "service"
      },
      "geometry": {
        "type": "LineString",
        "coordinates": [
          [
            73.8451068,
            18.5114324
          ],
          [
            73.8450984,
            18.5113949
          ],
          [
            73.8450697,
            18.5112352
          ]
        ]
      },
      "id": "way/1118580577"
    },
    {
      "type": "Feature",
      "properties": {
        "@id": "way/1118580618",
        "highway": "service"
      },
      "geometry": {
        "type": "LineString",
        "coordinates": [
          [
            73.843507,
            18.5118422
          ],
          [
            73.843425,
            18.5118821
          ],
          [
            73.843033,
            18.5120725
          ]
        ]
      },
      "id": "way/1118580618"
    },
    {
      "type": "Feature",
      "properties": {
        "@id": "way/1118580619",
        "highway": "service"
      },
      "geometry": {
        "type": "LineString",
        "coordinates": [
          [
            73.8435971,
            18.5119608
          ],
          [
            73.8435348,
            18.5119909
          ],
          [
            73.8430979,
            18.5122022
          ]
        ]
      },
      "id": "way/1118580619"
    },
    {
      "type": "Feature",
      "properties": {
        "@id": "way/1118581203",
        "highway": "service"
      },
      "geometry": {
        "type": "LineString",
        "coordinates": [
          [
            73.8443998,
            18.5117648
          ],
          [
            73.8444169,
            18.5118007
          ],
          [
            73.8445217,
            18.5120212
          ]
        ]
      },
      "id": "way/1118581203"
    },
    {
      "type": "Feature",
      "properties": {
        "@id": "way/1118581204",
        "highway": "service"
      },
      "geometry": {
        "type": "LineString",
        "coordinates": [
          [
            73.8370833,
            18.5097677
          ],
          [
            73.8366757,
            18.5101903
          ]
        ]
      },
      "id": "way/1118581204"
    },
    {
      "type": "Feature",
      "properties": {
        "@id": "way/1118581205",
        "highway": "service"
      },
      "geometry": {
        "type": "LineString",
        "coordinates": [
          [
            73.8375653,
            18.5102468
          ],
          [
            73.837394,
            18.5103867
          ],
          [
            73.837197,
            18.5104348
          ],
          [
            73.8370201,
            18.510512
          ]
        ]
      },
      "id": "way/1118581205"
    },
    {
      "type": "Feature",
      "properties": {
        "@id": "way/1118581206",
        "highway": "track"
      },
      "geometry": {
        "type": "LineString",
        "coordinates": [
          [
            73.8423599,
            18.5138048
          ],
          [
            73.8425412,
            18.5135429
          ]
        ]
      },
      "id": "way/1118581206"
    },
    {
      "type": "Feature",
      "properties": {
        "@id": "way/1118581207",
        "highway": "service"
      },
      "geometry": {
        "type": "LineString",
        "coordinates": [
          [
            73.8409033,
            18.5158361
          ],
          [
            73.8407933,
            18.5157334
          ],
          [
            73.8405331,
            18.5156049
          ],
          [
            73.8403949,
            18.5154429
          ],
          [
            73.8403272,
            18.5151988
          ],
          [
            73.8403583,
            18.5150338
          ],
          [
            73.8403996,
            18.5148161
          ],
          [
            73.8404685,
            18.5146194
          ],
          [
            73.8405811,
            18.5144905
          ],
          [
            73.8406929,
            18.5143404
          ]
        ]
      },
      "id": "way/1118581207"
    },
    {
      "type": "Feature",
      "properties": {
        "@id": "way/1118581208",
        "access": "private",
        "highway": "residential"
      },
      "geometry": {
        "type": "LineString",
        "coordinates": [
          [
            73.8365596,
            18.5138812
          ],
          [
            73.8365689,
            18.5137521
          ],
          [
            73.8365778,
            18.5136291
          ]
        ]
      },
      "id": "way/1118581208"
    },
    {
      "type": "Feature",
      "properties": {
        "@id": "way/1118581209",
        "access": "private",
        "highway": "residential"
      },
      "geometry": {
        "type": "LineString",
        "coordinates": [
          [
            73.8367429,
            18.5138849
          ],
          [
            73.836772,
            18.5135818
          ]
        ]
      },
      "id": "way/1118581209"
    },
    {
      "type": "Feature",
      "properties": {
        "@id": "way/1118581573",
        "access": "private",
        "highway": "service"
      },
      "geometry": {
        "type": "LineString",
        "coordinates": [
          [
            73.8367184,
            18.5125172
          ],
          [
            73.8367391,
            18.5125287
          ],
          [
            73.8369809,
            18.5126626
          ],
          [
            73.8369952,
            18.5126566
          ],
          [
            73.8370491,
            18.5125748
          ],
          [
            73.8370416,
            18.5125496
          ]
        ]
      },
      "id": "way/1118581573"
    },
    {
      "type": "Feature",
      "properties": {
        "@id": "way/1118581574",
        "access": "private",
        "highway": "service"
      },
      "geometry": {
        "type": "LineString",
        "coordinates": [
          [
            73.8367854,
            18.5124136
          ],
          [
            73.836809,
            18.5124261
          ],
          [
            73.8370416,
            18.5125496
          ]
        ]
      },
      "id": "way/1118581574"
    },
    {
      "type": "Feature",
      "properties": {
        "@id": "way/1118581575",
        "access": "private",
        "highway": "service"
      },
      "geometry": {
        "type": "LineString",
        "coordinates": [
          [
            73.8448889,
            18.5126818
          ],
          [
            73.8448213,
            18.5126755
          ],
          [
            73.8441883,
            18.5126169
          ]
        ]
      },
      "id": "way/1118581575"
    },
    {
      "type": "Feature",
      "properties": {
        "@id": "way/1118581576",
        "highway": "service"
      },
      "geometry": {
        "type": "LineString",
        "coordinates": [
          [
            73.8374999,
            18.5114257
          ],
          [
            73.8374623,
            18.5113883
          ],
          [
            73.8373807,
            18.511307
          ]
        ]
      },
      "id": "way/1118581576"
    },
    {
      "type": "Feature",
      "properties": {
        "@id": "way/1118581577",
        "highway": "service"
      },
      "geometry": {
        "type": "LineString",
        "coordinates": [
          [
            73.8370964,
            18.5114881
          ],
          [
            73.8371237,
            18.511462
          ],
          [
            73.8372119,
            18.5113777
          ]
        ]
      },
      "id": "way/1118581577"
    },
    {
      "type": "Feature",
      "properties": {
        "@id": "way/1118581655",
        "highway": "service"
      },
      "geometry": {
        "type": "LineString",
        "coordinates": [
          [
            73.843243,
            18.5115061
          ],
          [
            73.8431634,
            18.5115454
          ],
          [
            73.8428183,
            18.5117159
          ]
        ]
      },
      "id": "way/1118581655"
    },
    {
      "type": "Feature",
      "properties": {
        "@id": "way/1118581656",
        "access": "private",
        "highway": "service"
      },
      "geometry": {
        "type": "LineString",
        "coordinates": [
          [
            73.8437795,
            18.5123575
          ],
          [
            73.8436977,
            18.5123638
          ],
          [
            73.8436819,
            18.512365
          ],
          [
            73.8434984,
            18.5123827
          ],
          [
            73.8432173,
            18.5124078
          ]
        ]
      },
      "id": "way/1118581656"
    },
    {
      "type": "Feature",
      "properties": {
        "@id": "way/1118582143",
        "access": "private",
        "highway": "service"
      },
      "geometry": {
        "type": "LineString",
        "coordinates": [
          [
            73.8376175,
            18.5120238
          ],
          [
            73.8375146,
            18.5122086
          ]
        ]
      },
      "id": "way/1118582143"
    },
    {
      "type": "Feature",
      "properties": {
        "@id": "way/1118582144",
        "access": "private",
        "highway": "service"
      },
      "geometry": {
        "type": "LineString",
        "coordinates": [
          [
            73.8362406,
            18.5145309
          ],
          [
            73.8363095,
            18.5145246
          ],
          [
            73.8364803,
            18.5145089
          ]
        ]
      },
      "id": "way/1118582144"
    },
    {
      "type": "Feature",
      "properties": {
        "@id": "way/1118582146",
        "highway": "service"
      },
      "geometry": {
        "type": "LineString",
        "coordinates": [
          [
            73.8432695,
            18.5109104
          ],
          [
            73.843322,
            18.5109119
          ],
          [
            73.8435322,
            18.5109177
          ]
        ]
      },
      "id": "way/1118582146"
    },
    {
      "type": "Feature",
      "properties": {
        "@id": "way/1118582147",
        "highway": "service"
      },
      "geometry": {
        "type": "LineString",
        "coordinates": [
          [
            73.8432957,
            18.5105583
          ],
          [
            73.8435513,
            18.5106109
          ]
        ]
      },
      "id": "way/1118582147"
    },
    {
      "type": "Feature",
      "properties": {
        "@id": "way/1118582148",
        "highway": "service"
      },
      "geometry": {
        "type": "LineString",
        "coordinates": [
          [
            73.8402424,
            18.5129587
          ],
          [
            73.8402717,
            18.5128948
          ],
          [
            73.8403264,
            18.5127757
          ],
          [
            73.8403746,
            18.5126621
          ],
          [
            73.8403174,
            18.5125027
          ]
        ]
      },
      "id": "way/1118582148"
    },
    {
      "type": "Feature",
      "properties": {
        "@id": "way/1118582866",
        "access": "private",
        "highway": "service"
      },
      "geometry": {
        "type": "LineString",
        "coordinates": [
          [
            73.8395503,
            18.5127781
          ],
          [
            73.8395003,
            18.5128902
          ],
          [
            73.8394503,
            18.5130022
          ],
          [
            73.8394501,
            18.513004
          ],
          [
            73.8394509,
            18.5130057
          ],
          [
            73.8394527,
            18.5130073
          ],
          [
            73.8396422,
            18.5130915
          ]
        ]
      },
      "id": "way/1118582866"
    },
    {
      "type": "Feature",
      "properties": {
        "@id": "way/1118582869",
        "highway": "residential"
      },
      "geometry": {
        "type": "LineString",
        "coordinates": [
          [
            73.8441555,
            18.5019959
          ],
          [
            73.8441161,
            18.5020279
          ],
          [
            73.8440351,
            18.5019954
          ],
          [
            73.8438359,
            18.5018781
          ],
          [
            73.8437721,
            18.501834
          ]
        ]
      },
      "id": "way/1118582869"
    },
    {
      "type": "Feature",
      "properties": {
        "@id": "way/1118583005",
        "highway": "residential"
      },
      "geometry": {
        "type": "LineString",
        "coordinates": [
          [
            73.8408255,
            18.5034845
          ],
          [
            73.8406054,
            18.503923
          ]
        ]
      },
      "id": "way/1118583005"
    },
    {
      "type": "Feature",
      "properties": {
        "@id": "way/1118583006",
        "highway": "service"
      },
      "geometry": {
        "type": "LineString",
        "coordinates": [
          [
            73.8443425,
            18.5072677
          ],
          [
            73.8443892,
            18.5072723
          ],
          [
            73.8447072,
            18.5073033
          ]
        ]
      },
      "id": "way/1118583006"
    },
    {
      "type": "Feature",
      "properties": {
        "@id": "way/1118583007",
        "highway": "service"
      },
      "geometry": {
        "type": "LineString",
        "coordinates": [
          [
            73.8443904,
            18.5070864
          ],
          [
            73.8447455,
            18.5071306
          ]
        ]
      },
      "id": "way/1118583007"
    },
    {
      "type": "Feature",
      "properties": {
        "@id": "way/1118583284",
        "access": "private",
        "highway": "service"
      },
      "geometry": {
        "type": "LineString",
        "coordinates": [
          [
            73.8444451,
            18.5068793
          ],
          [
            73.8445612,
            18.5068935
          ],
          [
            73.844885,
            18.5069332
          ]
        ]
      },
      "id": "way/1118583284"
    },
    {
      "type": "Feature",
      "properties": {
        "@id": "way/1118583285",
        "highway": "service"
      },
      "geometry": {
        "type": "LineString",
        "coordinates": [
          [
            73.8457982,
            18.5055943
          ],
          [
            73.8456873,
            18.5059838
          ]
        ]
      },
      "id": "way/1118583285"
    },
    {
      "type": "Feature",
      "properties": {
        "@id": "way/1118583286",
        "highway": "footway"
      },
      "geometry": {
        "type": "LineString",
        "coordinates": [
          [
            73.8457982,
            18.5055943
          ],
          [
            73.8459205,
            18.5055113
          ],
          [
            73.8460031,
            18.5055583
          ],
          [
            73.8461258,
            18.5055997
          ],
          [
            73.8462674,
            18.5056198
          ],
          [
            73.8463417,
            18.5056221
          ],
          [
            73.8464184,
            18.5055661
          ],
          [
            73.8464514,
            18.5054308
          ],
          [
            73.8464962,
            18.505216
          ],
          [
            73.8465379,
            18.5050139
          ],
          [
            73.8460151,
            18.5049023
          ],
          [
            73.8459541,
            18.5051268
          ],
          [
            73.8458829,
            18.5052783
          ],
          [
            73.84588,
            18.5054133
          ],
          [
            73.8459205,
            18.5055113
          ]
        ]
      },
      "id": "way/1118583286"
    },
    {
      "type": "Feature",
      "properties": {
        "@id": "way/1118583287",
        "highway": "residential"
      },
      "geometry": {
        "type": "LineString",
        "coordinates": [
          [
            73.841654,
            18.5059523
          ],
          [
            73.8414061,
            18.5059535
          ],
          [
            73.8411251,
            18.505955
          ]
        ]
      },
      "id": "way/1118583287"
    },
    {
      "type": "Feature",
      "properties": {
        "@id": "way/1118583288",
        "highway": "residential"
      },
      "geometry": {
        "type": "LineString",
        "coordinates": [
          [
            73.8414061,
            18.5059535
          ],
          [
            73.8414144,
            18.5049256
          ]
        ]
      },
      "id": "way/1118583288"
    },
    {
      "type": "Feature",
      "properties": {
        "@id": "way/1118583289",
        "highway": "service"
      },
      "geometry": {
        "type": "LineString",
        "coordinates": [
          [
            73.8486879,
            18.5007038
          ],
          [
            73.848614,
            18.5005427
          ],
          [
            73.848555,
            18.5004487
          ],
          [
            73.8484429,
            18.5004207
          ],
          [
            73.8482895,
            18.5003838
          ],
          [
            73.8481893,
            18.5003614
          ]
        ]
      },
      "id": "way/1118583289"
    },
    {
      "type": "Feature",
      "properties": {
        "@id": "way/1118583732",
        "access": "private",
        "highway": "residential",
        "name": "Shivaprasad Housing Society Road"
      },
      "geometry": {
        "type": "LineString",
        "coordinates": [
          [
            73.8435553,
            18.500121
          ],
          [
            73.843857,
            18.5001599
          ]
        ]
      },
      "id": "way/1118583732"
    },
    {
      "type": "Feature",
      "properties": {
        "@id": "way/1118584384",
        "access": "private",
        "highway": "residential"
      },
      "geometry": {
        "type": "LineString",
        "coordinates": [
          [
            73.8441262,
            18.5031987
          ],
          [
            73.8441272,
            18.5031665
          ],
          [
            73.8441367,
            18.5028578
          ],
          [
            73.84425,
            18.502851
          ],
          [
            73.8445249,
            18.5028689
          ]
        ]
      },
      "id": "way/1118584384"
    },
    {
      "type": "Feature",
      "properties": {
        "@id": "way/1118584385",
        "access": "private",
        "highway": "residential"
      },
      "geometry": {
        "type": "LineString",
        "coordinates": [
          [
            73.8445049,
            18.5032144
          ],
          [
            73.8445066,
            18.5031855
          ],
          [
            73.8445249,
            18.5028689
          ]
        ]
      },
      "id": "way/1118584385"
    },
    {
      "type": "Feature",
      "properties": {
        "@id": "way/1118584846",
        "highway": "service"
      },
      "geometry": {
        "type": "LineString",
        "coordinates": [
          [
            73.8462138,
            18.5012496
          ],
          [
            73.8462057,
            18.5013118
          ],
          [
            73.846152,
            18.5017267
          ]
        ]
      },
      "id": "way/1118584846"
    },
    {
      "type": "Feature",
      "properties": {
        "@id": "way/1118584847",
        "access": "private",
        "highway": "service"
      },
      "geometry": {
        "type": "LineString",
        "coordinates": [
          [
            73.8475912,
            18.5011077
          ],
          [
            73.8475998,
            18.501305
          ],
          [
            73.8476198,
            18.5017658
          ],
          [
            73.8475679,
            18.5017685
          ]
        ]
      },
      "id": "way/1118584847"
    },
    {
      "type": "Feature",
      "properties": {
        "@id": "way/1118584849",
        "access": "private",
        "highway": "service"
      },
      "geometry": {
        "type": "LineString",
        "coordinates": [
          [
            73.8346636,
            18.5005163
          ],
          [
            73.834731,
            18.5004726
          ],
          [
            73.8350531,
            18.5002636
          ]
        ]
      },
      "id": "way/1118584849"
    },
    {
      "type": "Feature",
      "properties": {
        "@id": "way/1118584850",
        "access": "private",
        "highway": "residential"
      },
      "geometry": {
        "type": "LineString",
        "coordinates": [
          [
            73.8468029,
            18.5011707
          ],
          [
            73.846801,
            18.501074
          ],
          [
            73.8468006,
            18.5010556
          ],
          [
            73.8467909,
            18.5005613
          ]
        ]
      },
      "id": "way/1118584850"
    },
    {
      "type": "Feature",
      "properties": {
        "@id": "way/1118585549",
        "highway": "service"
      },
      "geometry": {
        "type": "LineString",
        "coordinates": [
          [
            73.8395117,
            18.5126677
          ],
          [
            73.8399686,
            18.5121128
          ]
        ]
      },
      "id": "way/1118585549"
    },
    {
      "type": "Feature",
      "properties": {
        "@id": "way/1118585550",
        "highway": "service"
      },
      "geometry": {
        "type": "LineString",
        "coordinates": [
          [
            73.8397044,
            18.5127507
          ],
          [
            73.8398801,
            18.512539
          ]
        ]
      },
      "id": "way/1118585550"
    },
    {
      "type": "Feature",
      "properties": {
        "@id": "way/1118585819",
        "access": "private",
        "highway": "residential"
      },
      "geometry": {
        "type": "LineString",
        "coordinates": [
          [
            73.8361213,
            18.5111676
          ],
          [
            73.8360737,
            18.51125
          ]
        ]
      },
      "id": "way/1118585819"
    },
    {
      "type": "Feature",
      "properties": {
        "@id": "way/1118585820",
        "access": "private",
        "highway": "service"
      },
      "geometry": {
        "type": "LineString",
        "coordinates": [
          [
            73.8362448,
            18.514564
          ],
          [
            73.8362045,
            18.5145689
          ],
          [
            73.8358735,
            18.5146088
          ]
        ]
      },
      "id": "way/1118585820"
    },
    {
      "type": "Feature",
      "properties": {
        "@id": "way/1118585821",
        "access": "private",
        "highway": "service"
      },
      "geometry": {
        "type": "LineString",
        "coordinates": [
          [
            73.8362627,
            18.5147063
          ],
          [
            73.8362071,
            18.5147134
          ],
          [
            73.8358853,
            18.5147543
          ]
        ]
      },
      "id": "way/1118585821"
    },
    {
      "type": "Feature",
      "properties": {
        "@id": "way/1118585822",
        "highway": "track"
      },
      "geometry": {
        "type": "LineString",
        "coordinates": [
          [
            73.8370833,
            18.5097677
          ],
          [
            73.837736,
            18.5091833
          ]
        ]
      },
      "id": "way/1118585822"
    },
    {
      "type": "Feature",
      "properties": {
        "@id": "way/1118585824",
        "highway": "residential"
      },
      "geometry": {
        "type": "LineString",
        "coordinates": [
          [
            73.8386418,
            18.5161518
          ],
          [
            73.8385808,
            18.5157467
          ]
        ]
      },
      "id": "way/1118585824"
    },
    {
      "type": "Feature",
      "properties": {
        "@id": "way/1118585825",
        "highway": "residential"
      },
      "geometry": {
        "type": "LineString",
        "coordinates": [
          [
            73.8388105,
            18.5161211
          ],
          [
            73.8387512,
            18.5157148
          ]
        ]
      },
      "id": "way/1118585825"
    },
    {
      "type": "Feature",
      "properties": {
        "@id": "way/1118586424",
        "access": "private",
        "highway": "service"
      },
      "geometry": {
        "type": "LineString",
        "coordinates": [
          [
            73.8363619,
            18.5130936
          ],
          [
            73.8363189,
            18.513076
          ],
          [
            73.8360942,
            18.5129843
          ],
          [
            73.8363091,
            18.5125739
          ]
        ]
      },
      "id": "way/1118586424"
    },
    {
      "type": "Feature",
      "properties": {
        "@id": "way/1118586425",
        "access": "private",
        "highway": "service"
      },
      "geometry": {
        "type": "LineString",
        "coordinates": [
          [
            73.8363091,
            18.5125739
          ],
          [
            73.8365337,
            18.5126897
          ],
          [
            73.8365884,
            18.5127179
          ]
        ]
      },
      "id": "way/1118586425"
    },
    {
      "type": "Feature",
      "properties": {
        "@id": "way/1118586427",
        "highway": "service"
      },
      "geometry": {
        "type": "LineString",
        "coordinates": [
          [
            73.8406333,
            18.5142164
          ],
          [
            73.8412468,
            18.514087
          ]
        ]
      },
      "id": "way/1118586427"
    },
    {
      "type": "Feature",
      "properties": {
        "@id": "way/1118586428",
        "highway": "service"
      },
      "geometry": {
        "type": "LineString",
        "coordinates": [
          [
            73.8352092,
            18.5105732
          ],
          [
            73.8353215,
            18.5103507
          ]
        ]
      },
      "id": "way/1118586428"
    },
    {
      "type": "Feature",
      "properties": {
        "@id": "way/1118587032",
        "access": "private",
        "highway": "service"
      },
      "geometry": {
        "type": "LineString",
        "coordinates": [
          [
            73.8453857,
            18.5075904
          ],
          [
            73.845388,
            18.5075648
          ],
          [
            73.8454133,
            18.5072889
          ]
        ]
      },
      "id": "way/1118587032"
    },
    {
      "type": "Feature",
      "properties": {
        "@id": "way/1118587033",
        "highway": "residential"
      },
      "geometry": {
        "type": "LineString",
        "coordinates": [
          [
            73.8456671,
            18.507617
          ],
          [
            73.8456966,
            18.5072911
          ]
        ]
      },
      "id": "way/1118587033"
    },
    {
      "type": "Feature",
      "properties": {
        "@id": "way/1118587034",
        "access": "private",
        "highway": "service"
      },
      "geometry": {
        "type": "LineString",
        "coordinates": [
          [
            73.8450744,
            18.5079493
          ],
          [
            73.8449166,
            18.5079355
          ],
          [
            73.8449458,
            18.5075849
          ],
          [
            73.8449523,
            18.507506
          ]
        ]
      },
      "id": "way/1118587034"
    },
    {
      "type": "Feature",
      "properties": {
        "@id": "way/1118587035",
        "highway": "service"
      },
      "geometry": {
        "type": "LineString",
        "coordinates": [
          [
            73.8474087,
            18.5096158
          ],
          [
            73.8474975,
            18.5097152
          ],
          [
            73.8475018,
            18.5098819
          ],
          [
            73.8474684,
            18.510083
          ]
        ]
      },
      "id": "way/1118587035"
    },
    {
      "type": "Feature",
      "properties": {
        "@id": "way/1118587036",
        "highway": "residential"
      },
      "geometry": {
        "type": "LineString",
        "coordinates": [
          [
            73.8466,
            18.5080512
          ],
          [
            73.8463442,
            18.5080121
          ]
        ]
      },
      "id": "way/1118587036"
    },
    {
      "type": "Feature",
      "properties": {
        "@id": "way/1118587477",
        "highway": "service"
      },
      "geometry": {
        "type": "LineString",
        "coordinates": [
          [
            73.8463906,
            18.5156485
          ],
          [
            73.8464748,
            18.5155035
          ],
          [
            73.8464995,
            18.5153077
          ],
          [
            73.8465128,
            18.5151919
          ]
        ]
      },
      "id": "way/1118587477"
    },
    {
      "type": "Feature",
      "properties": {
        "@id": "way/1118587478",
        "access": "private",
        "highway": "residential"
      },
      "geometry": {
        "type": "LineString",
        "coordinates": [
          [
            73.8345234,
            18.5141155
          ],
          [
            73.8345113,
            18.5140716
          ],
          [
            73.8344452,
            18.5138319
          ]
        ]
      },
      "id": "way/1118587478"
    },
    {
      "type": "Feature",
      "properties": {
        "@id": "way/1118587479",
        "access": "private",
        "highway": "residential"
      },
      "geometry": {
        "type": "LineString",
        "coordinates": [
          [
            73.8348069,
            18.5140666
          ],
          [
            73.8347964,
            18.5140218
          ],
          [
            73.8347389,
            18.513776
          ]
        ]
      },
      "id": "way/1118587479"
    },
    {
      "type": "Feature",
      "properties": {
        "@id": "way/1118587480",
        "access": "private",
        "highway": "service"
      },
      "geometry": {
        "type": "LineString",
        "coordinates": [
          [
            73.8350467,
            18.5140303
          ],
          [
            73.8350355,
            18.5139844
          ],
          [
            73.8349702,
            18.5137178
          ]
        ]
      },
      "id": "way/1118587480"
    },
    {
      "type": "Feature",
      "properties": {
        "@id": "way/1118587481",
        "access": "private",
        "highway": "service"
      },
      "geometry": {
        "type": "LineString",
        "coordinates": [
          [
            73.8447559,
            18.5080173
          ],
          [
            73.8442438,
            18.5079519
          ],
          [
            73.8442106,
            18.5079477
          ],
          [
            73.8441661,
            18.507942
          ]
        ]
      },
      "id": "way/1118587481"
    },
    {
      "type": "Feature",
      "properties": {
        "@id": "way/1118587482",
        "access": "private",
        "highway": "service"
      },
      "geometry": {
        "type": "LineString",
        "coordinates": [
          [
            73.8362212,
            18.5142378
          ],
          [
            73.8361849,
            18.5142406
          ],
          [
            73.8359881,
            18.5142561
          ]
        ]
      },
      "id": "way/1118587482"
    },
    {
      "type": "Feature",
      "properties": {
        "@id": "way/1118587483",
        "highway": "service"
      },
      "geometry": {
        "type": "LineString",
        "coordinates": [
          [
            73.8385008,
            18.5141501
          ],
          [
            73.8384635,
            18.5138185
          ]
        ]
      },
      "id": "way/1118587483"
    },
    {
      "type": "Feature",
      "properties": {
        "@id": "way/1118587484",
        "highway": "service"
      },
      "geometry": {
        "type": "LineString",
        "coordinates": [
          [
            73.8386575,
            18.5141621
          ],
          [
            73.8386161,
            18.5138045
          ]
        ]
      },
      "id": "way/1118587484"
    },
    {
      "type": "Feature",
      "properties": {
        "@id": "way/1118588276",
        "access": "private",
        "highway": "service"
      },
      "geometry": {
        "type": "LineString",
        "coordinates": [
          [
            73.8451173,
            18.508394
          ],
          [
            73.8451223,
            18.5083515
          ],
          [
            73.8451259,
            18.5083204
          ],
          [
            73.8451559,
            18.5080636
          ]
        ]
      },
      "id": "way/1118588276"
    },
    {
      "type": "Feature",
      "properties": {
        "@id": "way/1118588277",
        "access": "private",
        "highway": "service"
      },
      "geometry": {
        "type": "LineString",
        "coordinates": [
          [
            73.845277,
            18.5084262
          ],
          [
            73.8452872,
            18.5083631
          ],
          [
            73.8453341,
            18.5080726
          ]
        ]
      },
      "id": "way/1118588277"
    },
    {
      "type": "Feature",
      "properties": {
        "@id": "way/1118588279",
        "highway": "service"
      },
      "geometry": {
        "type": "LineString",
        "coordinates": [
          [
            73.8356257,
            18.508603
          ],
          [
            73.8353962,
            18.5088787
          ]
        ]
      },
      "id": "way/1118588279"
    },
    {
      "type": "Feature",
      "properties": {
        "@id": "way/1118588280",
        "highway": "service"
      },
      "geometry": {
        "type": "LineString",
        "coordinates": [
          [
            73.8420689,
            18.5086519
          ],
          [
            73.841291,
            18.5086383
          ]
        ]
      },
      "id": "way/1118588280"
    },
    {
      "type": "Feature",
      "properties": {
        "@id": "way/1118588281",
        "access": "private",
        "highway": "service"
      },
      "geometry": {
        "type": "LineString",
        "coordinates": [
          [
            73.8447665,
            18.5083649
          ],
          [
            73.8447618,
            18.5084068
          ],
          [
            73.8447553,
            18.5084581
          ],
          [
            73.8447185,
            18.5087148
          ]
        ]
      },
      "id": "way/1118588281"
    },
    {
      "type": "Feature",
      "properties": {
        "@id": "way/1118588282",
        "highway": "service"
      },
      "geometry": {
        "type": "LineString",
        "coordinates": [
          [
            73.8375322,
            18.5102127
          ],
          [
            73.8377401,
            18.5100098
          ],
          [
            73.8379548,
            18.5102157
          ]
        ]
      },
      "id": "way/1118588282"
    },
    {
      "type": "Feature",
      "properties": {
        "@id": "way/1118589213",
        "highway": "residential"
      },
      "geometry": {
        "type": "LineString",
        "coordinates": [
          [
            73.8394209,
            18.5141123
          ],
          [
            73.8393913,
            18.5138618
          ]
        ]
      },
      "id": "way/1118589213"
    },
    {
      "type": "Feature",
      "properties": {
        "@id": "way/1118589214",
        "highway": "residential"
      },
      "geometry": {
        "type": "LineString",
        "coordinates": [
          [
            73.8394209,
            18.5141123
          ],
          [
            73.8394521,
            18.5144358
          ]
        ]
      },
      "id": "way/1118589214"
    },
    {
      "type": "Feature",
      "properties": {
        "@id": "way/1118589215",
        "highway": "service"
      },
      "geometry": {
        "type": "LineString",
        "coordinates": [
          [
            73.8383718,
            18.5141261
          ],
          [
            73.8383257,
            18.5138907
          ]
        ]
      },
      "id": "way/1118589215"
    },
    {
      "type": "Feature",
      "properties": {
        "@id": "way/1118589217",
        "highway": "service"
      },
      "geometry": {
        "type": "LineString",
        "coordinates": [
          [
            73.8365576,
            18.5112193
          ],
          [
            73.8366956,
            18.5109499
          ],
          [
            73.8368089,
            18.5107653
          ],
          [
            73.8370861,
            18.5106992
          ]
        ]
      },
      "id": "way/1118589217"
    },
    {
      "type": "Feature",
      "properties": {
        "@id": "way/1118589218",
        "highway": "residential"
      },
      "geometry": {
        "type": "LineString",
        "coordinates": [
          [
            73.8440763,
            18.5113254
          ],
          [
            73.8443077,
            18.5117291
          ],
          [
            73.8443421,
            18.5117891
          ]
        ]
      },
      "id": "way/1118589218"
    },
    {
      "type": "Feature",
      "properties": {
        "@id": "way/1118589219",
        "highway": "service"
      },
      "geometry": {
        "type": "LineString",
        "coordinates": [
          [
            73.8384649,
            18.512264
          ],
          [
            73.838236,
            18.5127188
          ]
        ]
      },
      "id": "way/1118589219"
    },
    {
      "type": "Feature",
      "properties": {
        "@id": "way/1118592265",
        "access": "private",
        "highway": "service"
      },
      "geometry": {
        "type": "LineString",
        "coordinates": [
          [
            73.8488306,
            18.5140322
          ],
          [
            73.8488378,
            18.5139693
          ],
          [
            73.8488656,
            18.5137281
          ]
        ]
      },
      "id": "way/1118592265"
    },
    {
      "type": "Feature",
      "properties": {
        "@id": "way/1118592266",
        "highway": "service"
      },
      "geometry": {
        "type": "LineString",
        "coordinates": [
          [
            73.835635,
            18.5107712
          ],
          [
            73.8358801,
            18.5102805
          ]
        ]
      },
      "id": "way/1118592266"
    },
    {
      "type": "Feature",
      "properties": {
        "@id": "way/1118592268",
        "highway": "residential"
      },
      "geometry": {
        "type": "LineString",
        "coordinates": [
          [
            73.8426034,
            18.5094702
          ],
          [
            73.842608,
            18.5094277
          ],
          [
            73.8426449,
            18.5090879
          ]
        ]
      },
      "id": "way/1118592268"
    },
    {
      "type": "Feature",
      "properties": {
        "@id": "way/1118592269",
        "highway": "service"
      },
      "geometry": {
        "type": "LineString",
        "coordinates": [
          [
            73.8496434,
            18.5000947
          ],
          [
            73.8494114,
            18.4997523
          ]
        ]
      },
      "id": "way/1118592269"
    },
    {
      "type": "Feature",
      "properties": {
        "@id": "way/1118592651",
        "highway": "residential"
      },
      "geometry": {
        "type": "LineString",
        "coordinates": [
          [
            73.838348,
            18.5046619
          ],
          [
            73.838348,
            18.5049056
          ]
        ]
      },
      "id": "way/1118592651"
    },
    {
      "type": "Feature",
      "properties": {
        "@id": "way/1118592652",
        "access": "private",
        "highway": "service"
      },
      "geometry": {
        "type": "LineString",
        "coordinates": [
          [
            73.8442048,
            18.5047211
          ],
          [
            73.8442371,
            18.5047299
          ],
          [
            73.8445141,
            18.5048059
          ]
        ]
      },
      "id": "way/1118592652"
    },
    {
      "type": "Feature",
      "properties": {
        "@id": "way/1118592653",
        "access": "private",
        "highway": "service"
      },
      "geometry": {
        "type": "LineString",
        "coordinates": [
          [
            73.844253,
            18.5045373
          ],
          [
            73.8443072,
            18.5045533
          ],
          [
            73.8445672,
            18.5046303
          ]
        ]
      },
      "id": "way/1118592653"
    },
    {
      "type": "Feature",
      "properties": {
        "@id": "way/1118592654",
        "highway": "residential"
      },
      "geometry": {
        "type": "LineString",
        "coordinates": [
          [
            73.8448864,
            18.5048859
          ],
          [
            73.8448365,
            18.5048695
          ],
          [
            73.8446156,
            18.504797
          ]
        ]
      },
      "id": "way/1118592654"
    },
    {
      "type": "Feature",
      "properties": {
        "@id": "way/1118592655",
        "access": "private",
        "highway": "residential"
      },
      "geometry": {
        "type": "LineString",
        "coordinates": [
          [
            73.8415889,
            18.5001313
          ],
          [
            73.8417429,
            18.5001275
          ],
          [
            73.8418879,
            18.5001168
          ],
          [
            73.8417338,
            18.4998786
          ],
          [
            73.8416889,
            18.4997607
          ]
        ]
      },
      "id": "way/1118592655"
    },
    {
      "type": "Feature",
      "properties": {
        "@id": "way/1118592656",
        "access": "private",
        "highway": "residential"
      },
      "geometry": {
        "type": "LineString",
        "coordinates": [
          [
            73.8417724,
            18.5003647
          ],
          [
            73.8417429,
            18.5001275
          ]
        ]
      },
      "id": "way/1118592656"
    },
    {
      "type": "Feature",
      "properties": {
        "@id": "way/1118592657",
        "access": "private",
        "highway": "residential"
      },
      "geometry": {
        "type": "LineString",
        "coordinates": [
          [
            73.8419669,
            18.500367
          ],
          [
            73.8418879,
            18.5001168
          ],
          [
            73.8420703,
            18.5001263
          ],
          [
            73.8421468,
            18.5001259
          ]
        ]
      },
      "id": "way/1118592657"
    },
    {
      "type": "Feature",
      "properties": {
        "@id": "way/1118592966",
        "access": "private",
        "highway": "service"
      },
      "geometry": {
        "type": "LineString",
        "coordinates": [
          [
            73.8477168,
            18.5040696
          ],
          [
            73.847721,
            18.5040059
          ],
          [
            73.8477486,
            18.5035846
          ]
        ]
      },
      "id": "way/1118592966"
    },
    {
      "type": "Feature",
      "properties": {
        "@id": "way/1118592967",
        "access": "private",
        "highway": "service"
      },
      "geometry": {
        "type": "LineString",
        "coordinates": [
          [
            73.8481413,
            18.5041384
          ],
          [
            73.8481488,
            18.504052
          ],
          [
            73.8481893,
            18.5035843
          ]
        ]
      },
      "id": "way/1118592967"
    },
    {
      "type": "Feature",
      "properties": {
        "@id": "way/1118592968",
        "access": "private",
        "highway": "service"
      },
      "geometry": {
        "type": "LineString",
        "coordinates": [
          [
            73.8454635,
            18.5041659
          ],
          [
            73.8453878,
            18.5044449
          ],
          [
            73.8453796,
            18.504475
          ]
        ]
      },
      "id": "way/1118592968"
    },
    {
      "type": "Feature",
      "properties": {
        "@id": "way/1118592969",
        "highway": "residential"
      },
      "geometry": {
        "type": "LineString",
        "coordinates": [
          [
            73.845287,
            18.5037458
          ],
          [
            73.8453554,
            18.5037576
          ],
          [
            73.8457704,
            18.5038293
          ]
        ]
      },
      "id": "way/1118592969"
    },
    {
      "type": "Feature",
      "properties": {
        "@id": "way/1118593489",
        "highway": "residential"
      },
      "geometry": {
        "type": "LineString",
        "coordinates": [
          [
            73.8474253,
            18.5018305
          ],
          [
            73.8475913,
            18.5018084
          ],
          [
            73.8476065,
            18.5021343
          ]
        ]
      },
      "id": "way/1118593489"
    },
    {
      "type": "Feature",
      "properties": {
        "@id": "way/1118593490",
        "access": "private",
        "highway": "service"
      },
      "geometry": {
        "type": "LineString",
        "coordinates": [
          [
            73.8444762,
            18.500218
          ],
          [
            73.8445197,
            18.5001615
          ],
          [
            73.8446682,
            18.4999688
          ],
          [
            73.8448784,
            18.4996797
          ],
          [
            73.8449135,
            18.4996233
          ],
          [
            73.8449168,
            18.4995883
          ],
          [
            73.8448888,
            18.4995422
          ],
          [
            73.8447709,
            18.4994442
          ]
        ]
      },
      "id": "way/1118593490"
    },
    {
      "type": "Feature",
      "properties": {
        "@id": "way/1118593492",
        "highway": "residential"
      },
      "geometry": {
        "type": "LineString",
        "coordinates": [
          [
            73.8384194,
            18.5009527
          ],
          [
            73.8384266,
            18.5006162
          ]
        ]
      },
      "id": "way/1118593492"
    },
    {
      "type": "Feature",
      "properties": {
        "@id": "way/1118593493",
        "access": "permissive",
        "highway": "service"
      },
      "geometry": {
        "type": "LineString",
        "coordinates": [
          [
            73.8496631,
            18.500198
          ],
          [
            73.8497305,
            18.500301
          ],
          [
            73.8498349,
            18.5004176
          ],
          [
            73.8499576,
            18.500498
          ],
          [
            73.8500364,
            18.5005093
          ],
          [
            73.8501402,
            18.5004881
          ],
          [
            73.8501545,
            18.5004739
          ],
          [
            73.8501518,
            18.5004561
          ],
          [
            73.8498646,
            18.5000578
          ]
        ]
      },
      "id": "way/1118593493"
    },
    {
      "type": "Feature",
      "properties": {
        "@id": "way/1118593959",
        "access": "private",
        "highway": "residential"
      },
      "geometry": {
        "type": "LineString",
        "coordinates": [
          [
            73.8405271,
            18.5005733
          ],
          [
            73.8405943,
            18.5005721
          ],
          [
            73.8408513,
            18.5005676
          ]
        ]
      },
      "id": "way/1118593959"
    },
    {
      "type": "Feature",
      "properties": {
        "@id": "way/1118593960",
        "highway": "residential"
      },
      "geometry": {
        "type": "LineString",
        "coordinates": [
          [
            73.8418715,
            18.5049085
          ],
          [
            73.8418656,
            18.5056019
          ]
        ]
      },
      "id": "way/1118593960"
    },
    {
      "type": "Feature",
      "properties": {
        "@id": "way/1118593961",
        "highway": "residential"
      },
      "geometry": {
        "type": "LineString",
        "coordinates": [
          [
            73.845014,
            18.5045181
          ],
          [
            73.8447222,
            18.504424
          ]
        ]
      },
      "id": "way/1118593961"
    },
    {
      "type": "Feature",
      "properties": {
        "@id": "way/1118593962",
        "highway": "residential"
      },
      "geometry": {
        "type": "LineString",
        "coordinates": [
          [
            73.8450704,
            18.5043275
          ],
          [
            73.844806,
            18.5042405
          ]
        ]
      },
      "id": "way/1118593962"
    },
    {
      "type": "Feature",
      "properties": {
        "@id": "way/1118593963",
        "access": "private",
        "highway": "service"
      },
      "geometry": {
        "type": "LineString",
        "coordinates": [
          [
            73.8467448,
            18.5038579
          ],
          [
            73.8467579,
            18.5038204
          ],
          [
            73.8468334,
            18.5036045
          ]
        ]
      },
      "id": "way/1118593963"
    },
    {
      "type": "Feature",
      "properties": {
        "@id": "way/1118593964",
        "highway": "residential"
      },
      "geometry": {
        "type": "LineString",
        "coordinates": [
          [
            73.8459067,
            18.5033663
          ],
          [
            73.8459483,
            18.5033097
          ],
          [
            73.8461242,
            18.5030699
          ]
        ]
      },
      "id": "way/1118593964"
    },
    {
      "type": "Feature",
      "properties": {
        "@id": "way/1118594747",
        "access": "private",
        "highway": "residential"
      },
      "geometry": {
        "type": "LineString",
        "coordinates": [
          [
            73.8421472,
            18.5047057
          ],
          [
            73.8420829,
            18.5047048
          ],
          [
            73.8419464,
            18.5047029
          ]
        ]
      },
      "id": "way/1118594747"
    },
    {
      "type": "Feature",
      "properties": {
        "@id": "way/1118594748",
        "highway": "residential"
      },
      "geometry": {
        "type": "LineString",
        "coordinates": [
          [
            73.8442266,
            18.5046378
          ],
          [
            73.8438582,
            18.5045632
          ]
        ]
      },
      "id": "way/1118594748"
    },
    {
      "type": "Feature",
      "properties": {
        "@id": "way/1118594749",
        "access": "private",
        "highway": "service"
      },
      "geometry": {
        "type": "LineString",
        "coordinates": [
          [
            73.8467334,
            18.5073288
          ],
          [
            73.8466374,
            18.5073193
          ],
          [
            73.8463545,
            18.5072914
          ]
        ]
      },
      "id": "way/1118594749"
    },
    {
      "type": "Feature",
      "properties": {
        "@id": "way/1118594751",
        "highway": "residential"
      },
      "geometry": {
        "type": "LineString",
        "coordinates": [
          [
            73.8422088,
            18.5035234
          ],
          [
            73.8427034,
            18.5035398
          ]
        ]
      },
      "id": "way/1118594751"
    },
    {
      "type": "Feature",
      "properties": {
        "@id": "way/1118594752",
        "highway": "service"
      },
      "geometry": {
        "type": "LineString",
        "coordinates": [
          [
            73.8454815,
            18.5010181
          ],
          [
            73.8455099,
            18.5009412
          ],
          [
            73.8457211,
            18.5003686
          ]
        ]
      },
      "id": "way/1118594752"
    },
    {
      "type": "Feature",
      "properties": {
        "@id": "way/1118594753",
        "highway": "residential"
      },
      "geometry": {
        "type": "LineString",
        "coordinates": [
          [
            73.8443484,
            18.5041889
          ],
          [
            73.8446895,
            18.5042786
          ]
        ]
      },
      "id": "way/1118594753"
    },
    {
      "type": "Feature",
      "properties": {
        "@id": "way/1118594754",
        "highway": "residential"
      },
      "geometry": {
        "type": "LineString",
        "coordinates": [
          [
            73.8444672,
            18.5006514
          ],
          [
            73.844224,
            18.5006308
          ],
          [
            73.8441721,
            18.5006409
          ],
          [
            73.8440863,
            18.5006715
          ],
          [
            73.8439719,
            18.5006409
          ]
        ]
      },
      "id": "way/1118594754"
    },
    {
      "type": "Feature",
      "properties": {
        "@id": "way/1118594755",
        "highway": "residential"
      },
      "geometry": {
        "type": "LineString",
        "coordinates": [
          [
            73.8498555,
            18.5030321
          ],
          [
            73.8496464,
            18.5030296
          ]
        ]
      },
      "id": "way/1118594755"
    },
    {
      "type": "Feature",
      "properties": {
        "@id": "way/1118595059",
        "access": "private",
        "highway": "service"
      },
      "geometry": {
        "type": "LineString",
        "coordinates": [
          [
            73.8451901,
            18.5037253
          ],
          [
            73.8451389,
            18.5037185
          ],
          [
            73.8451136,
            18.5037152
          ],
          [
            73.8448405,
            18.5036791
          ]
        ]
      },
      "id": "way/1118595059"
    },
    {
      "type": "Feature",
      "properties": {
        "@id": "way/1118595060",
        "highway": "residential"
      },
      "geometry": {
        "type": "LineString",
        "coordinates": [
          [
            73.834784,
            18.5052261
          ],
          [
            73.834913,
            18.5049692
          ]
        ]
      },
      "id": "way/1118595060"
    },
    {
      "type": "Feature",
      "properties": {
        "@id": "way/1118595061",
        "highway": "residential"
      },
      "geometry": {
        "type": "LineString",
        "coordinates": [
          [
            73.8350103,
            18.5053174
          ],
          [
            73.8351222,
            18.5050904
          ]
        ]
      },
      "id": "way/1118595061"
    },
    {
      "type": "Feature",
      "properties": {
        "@id": "way/1118597087",
        "highway": "residential"
      },
      "geometry": {
        "type": "LineString",
        "coordinates": [
          [
            73.8471472,
            18.5051636
          ],
          [
            73.8468928,
            18.5050732
          ]
        ]
      },
      "id": "way/1118597087"
    },
    {
      "type": "Feature",
      "properties": {
        "@id": "way/1118597088",
        "highway": "residential"
      },
      "geometry": {
        "type": "LineString",
        "coordinates": [
          [
            73.8427396,
            18.503151
          ],
          [
            73.8427396,
            18.5028656
          ]
        ]
      },
      "id": "way/1118597088"
    },
    {
      "type": "Feature",
      "properties": {
        "@id": "way/1118597089",
        "highway": "residential"
      },
      "geometry": {
        "type": "LineString",
        "coordinates": [
          [
            73.8487643,
            18.5037616
          ],
          [
            73.8486105,
            18.5037575
          ],
          [
            73.8485044,
            18.5037478
          ],
          [
            73.8484376,
            18.5036734
          ],
          [
            73.8483098,
            18.5036624
          ]
        ]
      },
      "id": "way/1118597089"
    },
    {
      "type": "Feature",
      "properties": {
        "@id": "way/1118597090",
        "highway": "track"
      },
      "geometry": {
        "type": "LineString",
        "coordinates": [
          [
            73.843921,
            18.5027579
          ],
          [
            73.8443672,
            18.5024884
          ],
          [
            73.844605,
            18.5023663
          ],
          [
            73.8452364,
            18.502407
          ]
        ]
      },
      "id": "way/1118597090"
    },
    {
      "type": "Feature",
      "properties": {
        "@id": "way/1118597091",
        "access": "private",
        "highway": "service"
      },
      "geometry": {
        "type": "LineString",
        "coordinates": [
          [
            73.8445303,
            18.5027872
          ],
          [
            73.8445449,
            18.5027065
          ],
          [
            73.8445823,
            18.5024997
          ],
          [
            73.8451148,
            18.5025317
          ]
        ]
      },
      "id": "way/1118597091"
    },
    {
      "type": "Feature",
      "properties": {
        "@id": "way/1118597093",
        "highway": "residential"
      },
      "geometry": {
        "type": "LineString",
        "coordinates": [
          [
            73.8407782,
            18.50164
          ],
          [
            73.8411004,
            18.5016485
          ],
          [
            73.8410933,
            18.5020962
          ]
        ]
      },
      "id": "way/1118597093"
    },
    {
      "type": "Feature",
      "properties": {
        "@id": "way/1118597094",
        "highway": "residential"
      },
      "geometry": {
        "type": "LineString",
        "coordinates": [
          [
            73.8388454,
            18.5028927
          ],
          [
            73.8392063,
            18.5029073
          ]
        ]
      },
      "id": "way/1118597094"
    },
    {
      "type": "Feature",
      "properties": {
        "@id": "way/1119754876",
        "highway": "service"
      },
      "geometry": {
        "type": "LineString",
        "coordinates": [
          [
            73.8313573,
            18.5201926
          ],
          [
            73.8313938,
            18.5200891
          ],
          [
            73.8314122,
            18.5200043
          ],
          [
            73.8314174,
            18.5198361
          ]
        ]
      },
      "id": "way/1119754876"
    },
    {
      "type": "Feature",
      "properties": {
        "@id": "way/1119756169",
        "access": "private",
        "highway": "service"
      },
      "geometry": {
        "type": "LineString",
        "coordinates": [
          [
            73.8290984,
            18.518794
          ],
          [
            73.8297067,
            18.5188479
          ],
          [
            73.830166,
            18.518845
          ],
          [
            73.8302454,
            18.5188336
          ],
          [
            73.8302583,
            18.5188317
          ]
        ]
      },
      "id": "way/1119756169"
    },
    {
      "type": "Feature",
      "properties": {
        "@id": "way/1119756170",
        "access": "private",
        "highway": "service"
      },
      "geometry": {
        "type": "LineString",
        "coordinates": [
          [
            73.8303282,
            18.5187987
          ],
          [
            73.83041,
            18.518782
          ],
          [
            73.8306864,
            18.5187255
          ]
        ]
      },
      "id": "way/1119756170"
    },
    {
      "type": "Feature",
      "properties": {
        "@id": "way/1119756171",
        "access": "private",
        "highway": "service"
      },
      "geometry": {
        "type": "LineString",
        "coordinates": [
          [
            73.8311814,
            18.5186181
          ],
          [
            73.8312463,
            18.5186134
          ],
          [
            73.8314605,
            18.5185977
          ]
        ]
      },
      "id": "way/1119756171"
    },
    {
      "type": "Feature",
      "properties": {
        "@id": "way/1119756172",
        "access": "private",
        "highway": "service"
      },
      "geometry": {
        "type": "LineString",
        "coordinates": [
          [
            73.8311814,
            18.5186181
          ],
          [
            73.8311311,
            18.5186219
          ],
          [
            73.8308368,
            18.5186444
          ]
        ]
      },
      "id": "way/1119756172"
    },
    {
      "type": "Feature",
      "properties": {
        "@id": "way/1119756173",
        "access": "private",
        "highway": "service"
      },
      "geometry": {
        "type": "LineString",
        "coordinates": [
          [
            73.8308827,
            18.5183307
          ],
          [
            73.8308998,
            18.5184055
          ],
          [
            73.8309121,
            18.5184302
          ],
          [
            73.8309351,
            18.5184463
          ],
          [
            73.83114,
            18.5184497
          ],
          [
            73.8312125,
            18.518451
          ]
        ]
      },
      "id": "way/1119756173"
    },
    {
      "type": "Feature",
      "properties": {
        "@id": "way/1119756174",
        "highway": "service"
      },
      "geometry": {
        "type": "LineString",
        "coordinates": [
          [
            73.830511,
            18.5179346
          ],
          [
            73.8307032,
            18.5184011
          ]
        ]
      },
      "id": "way/1119756174"
    },
    {
      "type": "Feature",
      "properties": {
        "@id": "way/1119756175",
        "access": "private",
        "highway": "service"
      },
      "geometry": {
        "type": "LineString",
        "coordinates": [
          [
            73.8306932,
            18.5191449
          ],
          [
            73.8307023,
            18.519363
          ]
        ]
      },
      "id": "way/1119756175"
    },
    {
      "type": "Feature",
      "properties": {
        "@id": "way/1119756176",
        "access": "private",
        "highway": "service"
      },
      "geometry": {
        "type": "LineString",
        "coordinates": [
          [
            73.831731,
            18.519703
          ],
          [
            73.8317072,
            18.5197028
          ],
          [
            73.8315938,
            18.5197016
          ],
          [
            73.8315006,
            18.5197006
          ]
        ]
      },
      "id": "way/1119756176"
    },
    {
      "type": "Feature",
      "properties": {
        "@id": "way/1119756177",
        "access": "private",
        "highway": "service"
      },
      "geometry": {
        "type": "LineString",
        "coordinates": [
          [
            73.8321409,
            18.5189854
          ],
          [
            73.832158,
            18.5192289
          ]
        ]
      },
      "id": "way/1119756177"
    },
    {
      "type": "Feature",
      "properties": {
        "@id": "way/1119756178",
        "access": "private",
        "highway": "service"
      },
      "geometry": {
        "type": "LineString",
        "coordinates": [
          [
            73.8323296,
            18.5189449
          ],
          [
            73.8323264,
            18.5190151
          ],
          [
            73.8323457,
            18.5191857
          ]
        ]
      },
      "id": "way/1119756178"
    },
    {
      "type": "Feature",
      "properties": {
        "@id": "way/1119756179",
        "access": "private",
        "highway": "service"
      },
      "geometry": {
        "type": "LineString",
        "coordinates": [
          [
            73.8323327,
            18.5188746
          ],
          [
            73.8323245,
            18.5188267
          ],
          [
            73.8322812,
            18.5185757
          ]
        ]
      },
      "id": "way/1119756179"
    },
    {
      "type": "Feature",
      "properties": {
        "@id": "way/1119756180",
        "highway": "residential"
      },
      "geometry": {
        "type": "LineString",
        "coordinates": [
          [
            73.833201,
            18.519224
          ],
          [
            73.8332264,
            18.5191921
          ],
          [
            73.8332587,
            18.519179
          ],
          [
            73.8333585,
            18.5191717
          ],
          [
            73.8335106,
            18.5191717
          ]
        ]
      },
      "id": "way/1119756180"
    },
    {
      "type": "Feature",
      "properties": {
        "@id": "way/1119756181",
        "highway": "residential"
      },
      "geometry": {
        "type": "LineString",
        "coordinates": [
          [
            73.8335003,
            18.5201099
          ],
          [
            73.833495,
            18.5199011
          ]
        ]
      },
      "id": "way/1119756181"
    },
    {
      "type": "Feature",
      "properties": {
        "@id": "way/1119756182",
        "highway": "residential"
      },
      "geometry": {
        "type": "LineString",
        "coordinates": [
          [
            73.8313168,
            18.5178425
          ],
          [
            73.8319514,
            18.5176459
          ]
        ]
      },
      "id": "way/1119756182"
    },
    {
      "type": "Feature",
      "properties": {
        "@id": "way/1119756183",
        "access": "private",
        "highway": "service"
      },
      "geometry": {
        "type": "LineString",
        "coordinates": [
          [
            73.8313179,
            18.5177823
          ],
          [
            73.8312539,
            18.5177957
          ],
          [
            73.8308919,
            18.5178713
          ]
        ]
      },
      "id": "way/1119756183"
    },
    {
      "type": "Feature",
      "properties": {
        "@id": "way/1119756184",
        "access": "private",
        "highway": "service"
      },
      "geometry": {
        "type": "LineString",
        "coordinates": [
          [
            73.8313054,
            18.5176307
          ],
          [
            73.8313838,
            18.517611
          ],
          [
            73.8316355,
            18.5175479
          ]
        ]
      },
      "id": "way/1119756184"
    },
    {
      "type": "Feature",
      "properties": {
        "@id": "way/1119756185",
        "access": "private",
        "highway": "residential"
      },
      "geometry": {
        "type": "LineString",
        "coordinates": [
          [
            73.8312594,
            18.5174598
          ],
          [
            73.8313388,
            18.5174377
          ],
          [
            73.8313592,
            18.5174319
          ],
          [
            73.8315194,
            18.5173864
          ]
        ]
      },
      "id": "way/1119756185"
    },
    {
      "type": "Feature",
      "properties": {
        "@id": "way/1119756186",
        "access": "private",
        "highway": "service"
      },
      "geometry": {
        "type": "LineString",
        "coordinates": [
          [
            73.8307636,
            18.5174732
          ],
          [
            73.8307462,
            18.5174187
          ],
          [
            73.8305628,
            18.516846
          ]
        ]
      },
      "id": "way/1119756186"
    },
    {
      "type": "Feature",
      "properties": {
        "@id": "way/1119756187",
        "highway": "residential"
      },
      "geometry": {
        "type": "LineString",
        "coordinates": [
          [
            73.8310553,
            18.5168302
          ],
          [
            73.8308797,
            18.5168802
          ]
        ]
      },
      "id": "way/1119756187"
    },
    {
      "type": "Feature",
      "properties": {
        "@id": "way/1119756188",
        "highway": "residential"
      },
      "geometry": {
        "type": "LineString",
        "coordinates": [
          [
            73.8306129,
            18.5164307
          ],
          [
            73.8308905,
            18.5163398
          ],
          [
            73.8311509,
            18.5162637
          ]
        ]
      },
      "id": "way/1119756188"
    },
    {
      "type": "Feature",
      "properties": {
        "@id": "way/1119756191",
        "highway": "residential"
      },
      "geometry": {
        "type": "LineString",
        "coordinates": [
          [
            73.8295553,
            18.5170929
          ],
          [
            73.8300299,
            18.516942
          ]
        ]
      },
      "id": "way/1119756191"
    },
    {
      "type": "Feature",
      "properties": {
        "@id": "way/1119756192",
        "access": "private",
        "highway": "service"
      },
      "geometry": {
        "type": "LineString",
        "coordinates": [
          [
            73.8332639,
            18.5165847
          ],
          [
            73.833253,
            18.5165416
          ],
          [
            73.8331914,
            18.5162993
          ]
        ]
      },
      "id": "way/1119756192"
    },
    {
      "type": "Feature",
      "properties": {
        "@id": "way/1119756193",
        "highway": "residential"
      },
      "geometry": {
        "type": "LineString",
        "coordinates": [
          [
            73.8327642,
            18.5166898
          ],
          [
            73.8326603,
            18.5162252
          ]
        ]
      },
      "id": "way/1119756193"
    },
    {
      "type": "Feature",
      "properties": {
        "@id": "way/1119756194",
        "highway": "residential"
      },
      "geometry": {
        "type": "LineString",
        "coordinates": [
          [
            73.8335517,
            18.5166678
          ],
          [
            73.8337888,
            18.5166054
          ],
          [
            73.8340042,
            18.5165719
          ]
        ]
      },
      "id": "way/1119756194"
    },
    {
      "type": "Feature",
      "properties": {
        "@id": "way/1119756195",
        "highway": "residential"
      },
      "geometry": {
        "type": "LineString",
        "coordinates": [
          [
            73.833581,
            18.5169199
          ],
          [
            73.8340359,
            18.5168587
          ]
        ]
      },
      "id": "way/1119756195"
    },
    {
      "type": "Feature",
      "properties": {
        "@id": "way/1119756196",
        "highway": "residential"
      },
      "geometry": {
        "type": "LineString",
        "coordinates": [
          [
            73.8328155,
            18.517514
          ],
          [
            73.833138,
            18.5173452
          ]
        ]
      },
      "id": "way/1119756196"
    },
    {
      "type": "Feature",
      "properties": {
        "@id": "way/1119756197",
        "access": "private",
        "highway": "service"
      },
      "geometry": {
        "type": "LineString",
        "coordinates": [
          [
            73.8340908,
            18.5173934
          ],
          [
            73.8340275,
            18.5173967
          ],
          [
            73.8339092,
            18.517403
          ],
          [
            73.8338545,
            18.5174059
          ],
          [
            73.8338223,
            18.5174117
          ],
          [
            73.8337962,
            18.5174248
          ],
          [
            73.83379,
            18.5174612
          ],
          [
            73.8338056,
            18.5176337
          ],
          [
            73.8338175,
            18.517684
          ]
        ]
      },
      "id": "way/1119756197"
    },
    {
      "type": "Feature",
      "properties": {
        "@id": "way/1119756198",
        "highway": "service"
      },
      "geometry": {
        "type": "LineString",
        "coordinates": [
          [
            73.8330912,
            18.518617
          ],
          [
            73.8329809,
            18.5183745
          ]
        ]
      },
      "id": "way/1119756198"
    },
    {
      "type": "Feature",
      "properties": {
        "@id": "way/1119756199",
        "access": "private",
        "highway": "service"
      },
      "geometry": {
        "type": "LineString",
        "coordinates": [
          [
            73.8332761,
            18.5185444
          ],
          [
            73.8332649,
            18.5185204
          ],
          [
            73.8331698,
            18.5183177
          ]
        ]
      },
      "id": "way/1119756199"
    },
    {
      "type": "Feature",
      "properties": {
        "@id": "way/1119756200",
        "access": "private",
        "highway": "service"
      },
      "geometry": {
        "type": "LineString",
        "coordinates": [
          [
            73.8336247,
            18.5183967
          ],
          [
            73.8336115,
            18.5183581
          ],
          [
            73.8335462,
            18.5181677
          ]
        ]
      },
      "id": "way/1119756200"
    },
    {
      "type": "Feature",
      "properties": {
        "@id": "way/1119756201",
        "access": "private",
        "highway": "service"
      },
      "geometry": {
        "type": "LineString",
        "coordinates": [
          [
            73.8338173,
            18.5183399
          ],
          [
            73.8338,
            18.5182931
          ],
          [
            73.833732,
            18.5181094
          ]
        ]
      },
      "id": "way/1119756201"
    },
    {
      "type": "Feature",
      "properties": {
        "@id": "way/1119756202",
        "access": "private",
        "highway": "service"
      },
      "geometry": {
        "type": "LineString",
        "coordinates": [
          [
            73.8336247,
            18.5183967
          ],
          [
            73.8336571,
            18.5184477
          ],
          [
            73.8337551,
            18.5186017
          ]
        ]
      },
      "id": "way/1119756202"
    },
    {
      "type": "Feature",
      "properties": {
        "@id": "way/1119756203",
        "highway": "service"
      },
      "geometry": {
        "type": "LineString",
        "coordinates": [
          [
            73.8339707,
            18.5161368
          ],
          [
            73.8348021,
            18.5160398
          ]
        ]
      },
      "id": "way/1119756203"
    },
    {
      "type": "Feature",
      "properties": {
        "@id": "way/1119823399",
        "highway": "service"
      },
      "geometry": {
        "type": "LineString",
        "coordinates": [
          [
            73.8321242,
            18.5077444
          ],
          [
            73.8322197,
            18.5076519
          ],
          [
            73.8323646,
            18.5075476
          ],
          [
            73.8324759,
            18.5075069
          ],
          [
            73.8325818,
            18.5074865
          ],
          [
            73.8328474,
            18.507456
          ],
          [
            73.8330539,
            18.5074382
          ]
        ]
      },
      "id": "way/1119823399"
    },
    {
      "type": "Feature",
      "properties": {
        "@id": "way/1125309920",
        "access": "private",
        "highway": "residential"
      },
      "geometry": {
        "type": "LineString",
        "coordinates": [
          [
            73.8322541,
            18.504363
          ],
          [
            73.8322208,
            18.5044281
          ],
          [
            73.8322114,
            18.5044465
          ],
          [
            73.8321182,
            18.5044525
          ],
          [
            73.8318129,
            18.5046969
          ]
        ]
      },
      "id": "way/1125309920"
    },
    {
      "type": "Feature",
      "properties": {
        "@id": "way/1125309921",
        "highway": "residential",
        "layer": "1",
        "motor_vehicle": "no"
      },
      "geometry": {
        "type": "LineString",
        "coordinates": [
          [
            73.8313714,
            18.503594
          ],
          [
            73.8315918,
            18.5038117
          ],
          [
            73.8316259,
            18.5038457
          ],
          [
            73.8316402,
            18.5038593
          ],
          [
            73.8316074,
            18.5038965
          ]
        ]
      },
      "id": "way/1125309921"
    },
    {
      "type": "Feature",
      "properties": {
        "@id": "way/1125443419",
        "highway": "residential"
      },
      "geometry": {
        "type": "LineString",
        "coordinates": [
          [
            73.8418111,
            18.5186841
          ],
          [
            73.8419265,
            18.5187952
          ]
        ]
      },
      "id": "way/1125443419"
    },
    {
      "type": "Feature",
      "properties": {
        "@id": "way/1131074259",
        "highway": "footway"
      },
      "geometry": {
        "type": "LineString",
        "coordinates": [
          [
            73.8301488,
            18.5001772
          ],
          [
            73.8303053,
            18.5002712
          ]
        ]
      },
      "id": "way/1131074259"
    },
    {
      "type": "Feature",
      "properties": {
        "@id": "way/1133453042",
        "highway": "residential"
      },
      "geometry": {
        "type": "LineString",
        "coordinates": [
          [
            73.8484521,
            18.50265
          ],
          [
            73.8486854,
            18.5022634
          ],
          [
            73.8487712,
            18.50221
          ],
          [
            73.8489018,
            18.5021546
          ]
        ]
      },
      "id": "way/1133453042"
    },
    {
      "type": "Feature",
      "properties": {
        "@id": "way/1144431594",
        "access": "private",
        "highway": "service",
        "oneway": "yes",
        "surface": "asphalt"
      },
      "geometry": {
        "type": "LineString",
        "coordinates": [
          [
            73.8324982,
            18.5016402
          ],
          [
            73.8324289,
            18.5015851
          ],
          [
            73.8324027,
            18.5015794
          ],
          [
            73.8323665,
            18.5015816
          ],
          [
            73.8319618,
            18.5016478
          ],
          [
            73.8319099,
            18.5016675
          ],
          [
            73.8318458,
            18.5017145
          ],
          [
            73.8317793,
            18.5017853
          ],
          [
            73.8317687,
            18.5018274
          ],
          [
            73.8318378,
            18.5023507
          ]
        ]
      },
      "id": "way/1144431594"
    },
    {
      "type": "Feature",
      "properties": {
        "@id": "way/1145004355",
        "access": "private",
        "highway": "service",
        "oneway": "yes",
        "surface": "asphalt"
      },
      "geometry": {
        "type": "LineString",
        "coordinates": [
          [
            73.8318378,
            18.5023507
          ],
          [
            73.8317074,
            18.5023713
          ],
          [
            73.8316642,
            18.5023761
          ]
        ]
      },
      "id": "way/1145004355"
    },
    {
      "type": "Feature",
      "properties": {
        "@id": "way/1145004356",
        "highway": "tertiary",
        "lanes": "2",
        "name": "Imambhai Shekh Path",
        "name:mr": "इमामभाई शेख पथ",
        "oneway": "yes"
      },
      "geometry": {
        "type": "LineString",
        "coordinates": [
          [
            73.8308219,
            18.5041283
          ],
          [
            73.8308585,
            18.5040685
          ],
          [
            73.8309546,
            18.5039587
          ],
          [
            73.8310553,
            18.5038643
          ],
          [
            73.8311726,
            18.5037724
          ],
          [
            73.8312335,
            18.5037247
          ],
          [
            73.8313714,
            18.503594
          ],
          [
            73.8314803,
            18.5034907
          ],
          [
            73.8317485,
            18.5031957
          ],
          [
            73.8318086,
            18.5031348
          ]
        ]
      },
      "id": "way/1145004356"
    },
    {
      "type": "Feature",
      "properties": {
        "@id": "way/1147340080",
        "access": "private",
        "highway": "service",
        "oneway": "yes",
        "surface": "asphalt"
      },
      "geometry": {
        "type": "LineString",
        "coordinates": [
          [
            73.8331417,
            18.5021967
          ],
          [
            73.833133,
            18.5021436
          ],
          [
            73.8333662,
            18.502112
          ],
          [
            73.8333955,
            18.5020956
          ]
        ]
      },
      "id": "way/1147340080"
    },
    {
      "type": "Feature",
      "properties": {
        "@id": "way/1147340081",
        "access": "private",
        "highway": "service",
        "incline": "up",
        "oneway": "yes"
      },
      "geometry": {
        "type": "LineString",
        "coordinates": [
          [
            73.832764,
            18.5016616
          ],
          [
            73.8326673,
            18.5017231
          ]
        ]
      },
      "id": "way/1147340081"
    },
    {
      "type": "Feature",
      "properties": {
        "@id": "way/1147340082",
        "access": "private",
        "highway": "service",
        "incline": "down",
        "oneway": "yes",
        "surface": "asphalt",
        "tunnel": "yes"
      },
      "geometry": {
        "type": "LineString",
        "coordinates": [
          [
            73.8333955,
            18.5020956
          ],
          [
            73.8333111,
            18.5015962
          ],
          [
            73.83311,
            18.5016307
          ]
        ]
      },
      "id": "way/1147340082"
    },
    {
      "type": "Feature",
      "properties": {
        "@id": "way/1147340083",
        "access": "private",
        "highway": "service",
        "oneway": "yes",
        "surface": "asphalt",
        "tunnel": "yes"
      },
      "geometry": {
        "type": "LineString",
        "coordinates": [
          [
            73.83311,
            18.5016307
          ],
          [
            73.8331625,
            18.5019902
          ],
          [
            73.8330238,
            18.5020138
          ],
          [
            73.8329769,
            18.5016301
          ],
          [
            73.832764,
            18.5016616
          ]
        ]
      },
      "id": "way/1147340083"
    },
    {
      "type": "Feature",
      "properties": {
        "@id": "way/1147507806",
        "access": "private",
        "highway": "service",
        "ref": "OUT"
      },
      "geometry": {
        "type": "LineString",
        "coordinates": [
          [
            73.8315656,
            18.5015623
          ],
          [
            73.8316182,
            18.5015545
          ],
          [
            73.8316707,
            18.5015468
          ],
          [
            73.8316122,
            18.5010585
          ],
          [
            73.8315471,
            18.5006322
          ],
          [
            73.8314731,
            18.5006459
          ],
          [
            73.8313533,
            18.5006657
          ]
        ]
      },
      "id": "way/1147507806"
    },
    {
      "type": "Feature",
      "properties": {
        "@id": "way/1147910704",
        "highway": "primary",
        "lanes": "2",
        "maxspeed": "65",
        "name": "Karve Road",
        "name:etymology:wikidata": "Q3518496",
        "name:mr": "कर्वे रस्ता",
        "oneway": "yes",
        "ref": "SH60",
        "surface": "asphalt"
      },
      "geometry": {
        "type": "LineString",
        "coordinates": [
          [
            73.8371095,
            18.5115919
          ],
          [
            73.8372264,
            18.5116521
          ],
          [
            73.8372619,
            18.5116703
          ]
        ]
      },
      "id": "way/1147910704"
    },
    {
      "type": "Feature",
      "properties": {
        "@id": "way/1147910705",
        "highway": "primary",
        "lanes": "2",
        "maxspeed": "65",
        "name": "Karve Road",
        "name:etymology:wikidata": "Q3518496",
        "name:mr": "कर्वे रस्ता",
        "oneway": "yes",
        "ref": "SH60"
      },
      "geometry": {
        "type": "LineString",
        "coordinates": [
          [
            73.8373048,
            18.5115953
          ],
          [
            73.8372746,
            18.5115798
          ],
          [
            73.8371543,
            18.5115179
          ]
        ]
      },
      "id": "way/1147910705"
    },
    {
      "type": "Feature",
      "properties": {
        "@id": "way/1147910706",
        "highway": "primary",
        "lanes": "2",
        "maxspeed": "65",
        "name": "Karve Road",
        "name:etymology:wikidata": "Q3518496",
        "name:mr": "कर्वे रस्ता",
        "oneway": "yes",
        "ref": "SH60",
        "surface": "asphalt"
      },
      "geometry": {
        "type": "LineString",
        "coordinates": [
          [
            73.8372619,
            18.5116703
          ],
          [
            73.8373278,
            18.511703
          ],
          [
            73.8373718,
            18.5117248
          ],
          [
            73.8374021,
            18.5117398
          ]
        ]
      },
      "id": "way/1147910706"
    },
    {
      "type": "Feature",
      "properties": {
        "@id": "way/1147910707",
        "highway": "primary",
        "lanes": "2",
        "maxspeed": "65",
        "name": "Karve Road",
        "name:etymology:wikidata": "Q3518496",
        "name:mr": "कर्वे रस्ता",
        "oneway": "yes",
        "ref": "SH60"
      },
      "geometry": {
        "type": "LineString",
        "coordinates": [
          [
            73.8374298,
            18.5116572
          ],
          [
            73.8374197,
            18.5116522
          ],
          [
            73.8373048,
            18.5115953
          ]
        ]
      },
      "id": "way/1147910707"
    },
    {
      "type": "Feature",
      "properties": {
        "@id": "way/1147910708",
        "highway": "primary",
        "lanes": "2",
        "maxspeed": "65",
        "name": "Karve Road",
        "name:etymology:wikidata": "Q3518496",
        "name:mr": "कर्वे रस्ता",
        "oneway": "yes",
        "ref": "SH60"
      },
      "geometry": {
        "type": "LineString",
        "coordinates": [
          [
            73.8370964,
            18.5114881
          ],
          [
            73.8369341,
            18.5114046
          ],
          [
            73.8365576,
            18.5112193
          ],
          [
            73.8363988,
            18.5111411
          ],
          [
            73.8361362,
            18.5110121
          ],
          [
            73.8358398,
            18.5108666
          ],
          [
            73.835635,
            18.5107712
          ],
          [
            73.8354112,
            18.510667
          ],
          [
            73.8352092,
            18.5105732
          ],
          [
            73.8350321,
            18.5104965
          ],
          [
            73.8347217,
            18.5103621
          ],
          [
            73.8345817,
            18.5103015
          ],
          [
            73.8342986,
            18.5101596
          ]
        ]
      },
      "id": "way/1147910708"
    },
    {
      "type": "Feature",
      "properties": {
        "@id": "way/1147910709",
        "highway": "secondary"
      },
      "geometry": {
        "type": "LineString",
        "coordinates": [
          [
            73.8374999,
            18.5114257
          ],
          [
            73.8373905,
            18.5115203
          ]
        ]
      },
      "id": "way/1147910709"
    },
    {
      "type": "Feature",
      "properties": {
        "@id": "way/1147910710",
        "highway": "tertiary",
        "maxspeed": "40",
        "name": "8th Lane"
      },
      "geometry": {
        "type": "LineString",
        "coordinates": [
          [
            73.837068,
            18.5119739
          ],
          [
            73.8369499,
            18.5121611
          ],
          [
            73.8368888,
            18.512254
          ],
          [
            73.8367854,
            18.5124136
          ],
          [
            73.8367184,
            18.5125172
          ],
          [
            73.8365884,
            18.5127179
          ],
          [
            73.836554,
            18.512771
          ],
          [
            73.8363619,
            18.5130936
          ],
          [
            73.8363364,
            18.5131722
          ],
          [
            73.8362756,
            18.51336
          ],
          [
            73.8362536,
            18.5135396
          ],
          [
            73.8362069,
            18.5139216
          ]
        ]
      },
      "id": "way/1147910710"
    },
    {
      "type": "Feature",
      "properties": {
        "@id": "way/1149332905",
        "access": "private",
        "highway": "residential"
      },
      "geometry": {
        "type": "LineString",
        "coordinates": [
          [
            73.8320937,
            18.503257
          ],
          [
            73.8320669,
            18.5032763
          ]
        ]
      },
      "id": "way/1149332905"
    },
    {
      "type": "Feature",
      "properties": {
        "@id": "way/1151920241",
        "highway": "primary",
        "lanes": "2",
        "maxspeed": "65",
        "name": "Karve Road",
        "name:etymology:wikidata": "Q3518496",
        "name:mr": "कर्वे रस्ता",
        "oneway": "yes",
        "ref": "SH60",
        "surface": "asphalt"
      },
      "geometry": {
        "type": "LineString",
        "coordinates": [
          [
            73.8340207,
            18.5101168
          ],
          [
            73.8340887,
            18.5101509
          ],
          [
            73.8342614,
            18.5102375
          ]
        ]
      },
      "id": "way/1151920241"
    },
    {
      "type": "Feature",
      "properties": {
        "@id": "way/1151920242",
        "highway": "primary",
        "lanes": "2",
        "maxspeed": "65",
        "name": "Karve Road",
        "name:etymology:wikidata": "Q3518496",
        "name:mr": "कर्वे रस्ता",
        "oneway": "yes",
        "ref": "SH60"
      },
      "geometry": {
        "type": "LineString",
        "coordinates": [
          [
            73.8342986,
            18.5101596
          ],
          [
            73.8341311,
            18.5100756
          ],
          [
            73.8340633,
            18.5100416
          ]
        ]
      },
      "id": "way/1151920242"
    },
    {
      "type": "Feature",
      "properties": {
        "@id": "way/1151920243",
        "highway": "primary",
        "lanes": "2",
        "name": "Karve Road",
        "name:etymology:wikidata": "Q3518496",
        "name:mr": "कर्वे रस्ता",
        "oneway": "yes",
        "ref": "SH60",
        "surface": "asphalt"
      },
      "geometry": {
        "type": "LineString",
        "coordinates": [
          [
            73.8338081,
            18.5100105
          ],
          [
            73.8339652,
            18.5100891
          ],
          [
            73.8339729,
            18.5100929
          ]
        ]
      },
      "id": "way/1151920243"
    },
    {
      "type": "Feature",
      "properties": {
        "@id": "way/1151920244",
        "highway": "primary",
        "lanes": "2",
        "name": "Karve Road",
        "name:etymology:wikidata": "Q3518496",
        "name:mr": "कर्वे रस्ता",
        "oneway": "yes",
        "ref": "SH60",
        "surface": "asphalt"
      },
      "geometry": {
        "type": "LineString",
        "coordinates": [
          [
            73.833847,
            18.5099225
          ],
          [
            73.8336694,
            18.5098248
          ],
          [
            73.8336343,
            18.5098055
          ]
        ]
      },
      "id": "way/1151920244"
    },
    {
      "type": "Feature",
      "properties": {
        "@id": "way/1151920245",
        "highway": "tertiary",
        "name": "Dr. Ketkar Path",
        "name:mr": "डॉ. केतकर पथ"
      },
      "geometry": {
        "type": "LineString",
        "coordinates": [
          [
            73.8338911,
            18.5103722
          ],
          [
            73.8337464,
            18.5106573
          ],
          [
            73.8335978,
            18.5110322
          ],
          [
            73.8335474,
            18.5113465
          ],
          [
            73.8334916,
            18.511777
          ],
          [
            73.8334705,
            18.5120177
          ],
          [
            73.8334756,
            18.5122577
          ],
          [
            73.833514,
            18.5124655
          ],
          [
            73.8335529,
            18.5127725
          ],
          [
            73.8335924,
            18.5130127
          ],
          [
            73.8336531,
            18.5133237
          ],
          [
            73.8337127,
            18.5136049
          ],
          [
            73.8337676,
            18.5139353
          ],
          [
            73.8338015,
            18.5142631
          ],
          [
            73.8338338,
            18.5146083
          ],
          [
            73.8338501,
            18.5147822
          ],
          [
            73.833863,
            18.5149198
          ],
          [
            73.8338887,
            18.5151941
          ],
          [
            73.8339309,
            18.5156447
          ],
          [
            73.8339688,
            18.5161063
          ],
          [
            73.8339707,
            18.5161368
          ],
          [
            73.8339892,
            18.516435
          ],
          [
            73.8339924,
            18.5164651
          ],
          [
            73.8340042,
            18.5165719
          ],
          [
            73.8340359,
            18.5168587
          ],
          [
            73.8340418,
            18.5169119
          ],
          [
            73.8340908,
            18.5173934
          ],
          [
            73.8341118,
            18.5176001
          ],
          [
            73.83412,
            18.5176884
          ],
          [
            73.8341958,
            18.5182402
          ]
        ]
      },
      "id": "way/1151920245"
    },
    {
      "type": "Feature",
      "properties": {
        "@id": "way/1151930757",
        "alt_name": "JM Road",
        "highway": "primary",
        "lanes": "3",
        "lit": "yes",
        "name": "Jangli Maharaj Path",
        "name:etymology:wikidata": "Q6153993",
        "name:mr": "जंगली महाराज पथ",
        "oneway": "yes",
        "ref": "SH60",
        "surface": "asphalt"
      },
      "geometry": {
        "type": "LineString",
        "coordinates": [
          [
            73.842416,
            18.5145937
          ],
          [
            73.842441,
            18.5145156
          ]
        ]
      },
      "id": "way/1151930757"
    },
    {
      "type": "Feature",
      "properties": {
        "@id": "way/1152839858",
        "access": "private",
        "highway": "service"
      },
      "geometry": {
        "type": "LineString",
        "coordinates": [
          [
            73.8420893,
            18.5094158
          ],
          [
            73.8420887,
            18.5094465
          ],
          [
            73.8420885,
            18.5094547
          ],
          [
            73.8420738,
            18.5101879
          ]
        ]
      },
      "id": "way/1152839858"
    },
    {
      "type": "Feature",
      "properties": {
        "@id": "way/1152839859",
        "highway": "footway"
      },
      "geometry": {
        "type": "LineString",
        "coordinates": [
          [
            73.8406781,
            18.5094697
          ],
          [
            73.8406816,
            18.509467
          ],
          [
            73.8407663,
            18.5094318
          ],
          [
            73.8408051,
            18.5094306
          ],
          [
            73.8420463,
            18.5094458
          ],
          [
            73.8420887,
            18.5094465
          ],
          [
            73.8421255,
            18.5094471
          ],
          [
            73.8424399,
            18.5094795
          ],
          [
            73.8426974,
            18.5094975
          ],
          [
            73.8431105,
            18.5095329
          ],
          [
            73.8434002,
            18.5095603
          ],
          [
            73.8434053,
            18.5095695
          ],
          [
            73.8434096,
            18.5095775
          ],
          [
            73.8434102,
            18.5096003
          ],
          [
            73.8433968,
            18.5096382
          ],
          [
            73.8431534,
            18.510329
          ],
          [
            73.8431281,
            18.5105847
          ]
        ]
      },
      "id": "way/1152839859"
    },
    {
      "type": "Feature",
      "properties": {
        "@id": "way/1152839860",
        "bridge": "yes",
        "highway": "footway",
        "layer": "1"
      },
      "geometry": {
        "type": "LineString",
        "coordinates": [
          [
            73.8394493,
            18.5107525
          ],
          [
            73.8399133,
            18.5102883
          ],
          [
            73.8404551,
            18.5097135
          ],
          [
            73.8406556,
            18.509505
          ],
          [
            73.840674,
            18.509477
          ],
          [
            73.8406781,
            18.5094697
          ]
        ]
      },
      "id": "way/1152839860"
    },
    {
      "type": "Feature",
      "properties": {
        "@id": "way/1152839861",
        "highway": "steps"
      },
      "geometry": {
        "type": "LineString",
        "coordinates": [
          [
            73.8406556,
            18.509505
          ],
          [
            73.8407142,
            18.5095809
          ]
        ]
      },
      "id": "way/1152839861"
    },
    {
      "type": "Feature",
      "properties": {
        "@id": "way/1152858271",
        "highway": "track"
      },
      "geometry": {
        "type": "LineString",
        "coordinates": [
          [
            73.8448452,
            18.5151792
          ],
          [
            73.8444113,
            18.5145844
          ],
          [
            73.843692,
            18.5135977
          ],
          [
            73.8429763,
            18.5128748
          ],
          [
            73.8417798,
            18.5117471
          ],
          [
            73.8415939,
            18.5115103
          ],
          [
            73.8402627,
            18.5096062
          ],
          [
            73.8402246,
            18.5094954
          ],
          [
            73.8400665,
            18.5093538
          ],
          [
            73.8399304,
            18.5092294
          ],
          [
            73.8397723,
            18.5090873
          ],
          [
            73.8397346,
            18.5090018
          ],
          [
            73.8396452,
            18.508891
          ],
          [
            73.8395003,
            18.5087416
          ],
          [
            73.8393801,
            18.5086323
          ],
          [
            73.8391681,
            18.5084106
          ],
          [
            73.8390272,
            18.508211
          ]
        ]
      },
      "id": "way/1152858271"
    },
    {
      "type": "Feature",
      "properties": {
        "@id": "way/1157870053",
        "alt_name": "Shastri Road",
        "alt_name:mr": "शास्त्री रस्ता",
        "highway": "primary",
        "lanes": "2",
        "name": "Lalbahadur Shashtri Marg",
        "name:etymology:wikidata": "Q244689",
        "name:mr": "लालबहादूर शास्त्री मार्ग",
        "oneway": "yes"
      },
      "geometry": {
        "type": "LineString",
        "coordinates": [
          [
            73.843528,
            18.5095426
          ],
          [
            73.8434891,
            18.5096487
          ],
          [
            73.8434251,
            18.509823
          ],
          [
            73.8433247,
            18.5100893
          ],
          [
            73.8432445,
            18.5103392
          ],
          [
            73.843192,
            18.5105559
          ],
          [
            73.8431679,
            18.5107888
          ],
          [
            73.8431653,
            18.5108856
          ]
        ]
      },
      "id": "way/1157870053"
    },
    {
      "type": "Feature",
      "properties": {
        "@id": "way/1157870054",
        "highway": "secondary",
        "lit": "yes",
        "name": "Lalbahadur Shashtri Marg",
        "name:etymology:wikidata": "Q244689",
        "name:mr": "लालबहादूर शास्त्री मार्ग",
        "surface": "asphalt"
      },
      "geometry": {
        "type": "LineString",
        "coordinates": [
          [
            73.843528,
            18.5095426
          ],
          [
            73.8436096,
            18.5095523
          ]
        ]
      },
      "id": "way/1157870054"
    },
    {
      "type": "Feature",
      "properties": {
        "@id": "way/1160395242",
        "alt_name": "Shastri Road",
        "alt_name:mr": "शास्त्री रस्ता",
        "highway": "primary",
        "lanes": "2",
        "name": "Lalbahadur Shashtri Marg",
        "name:etymology:wikidata": "Q244689",
        "name:mr": "लालबहादूर शास्त्री मार्ग",
        "oneway": "yes"
      },
      "geometry": {
        "type": "LineString",
        "coordinates": [
          [
            73.8431556,
            18.5112421
          ],
          [
            73.8431714,
            18.51133
          ],
          [
            73.843178,
            18.5113666
          ],
          [
            73.8432189,
            18.5114612
          ],
          [
            73.843243,
            18.5115061
          ]
        ]
      },
      "id": "way/1160395242"
    },
    {
      "type": "Feature",
      "properties": {
        "@id": "way/1160395243",
        "highway": "tertiary",
        "name": "Shivram Mhatre Path",
        "name:mr": "शिवराम म्हात्रे पथ"
      },
      "geometry": {
        "type": "LineString",
        "coordinates": [
          [
            73.8432571,
            18.5112473
          ],
          [
            73.8431556,
            18.5112421
          ]
        ]
      },
      "id": "way/1160395243"
    },
    {
      "type": "Feature",
      "properties": {
        "@id": "way/1160395244",
        "alt_name": "Shastri Road",
        "alt_name:mr": "शास्त्री रस्ता",
        "highway": "primary",
        "lanes": "2",
        "name": "Lalbahadur Shashtri Marg",
        "name:etymology:wikidata": "Q244689",
        "name:mr": "लालबहादूर शास्त्री मार्ग",
        "oneway": "yes"
      },
      "geometry": {
        "type": "LineString",
        "coordinates": [
          [
            73.8431653,
            18.5108856
          ],
          [
            73.8431581,
            18.51115
          ],
          [
            73.8431556,
            18.5112421
          ]
        ]
      },
      "id": "way/1160395244"
    },
    {
      "type": "Feature",
      "properties": {
        "@id": "way/1160395245",
        "alt_name": "Shastri Road",
        "alt_name:mr": "शास्त्री रस्ता",
        "highway": "primary",
        "lanes": "2",
        "name": "Lalbahadur Shashtri Marg",
        "name:etymology:wikidata": "Q244689",
        "name:mr": "लालबहादूर शास्त्री मार्ग",
        "oneway": "yes"
      },
      "geometry": {
        "type": "LineString",
        "coordinates": [
          [
            73.8432571,
            18.5112473
          ],
          [
            73.8432605,
            18.5111542
          ],
          [
            73.8432695,
            18.5109104
          ]
        ]
      },
      "id": "way/1160395245"
    },
    {
      "type": "Feature",
      "properties": {
        "@id": "way/1160395246",
        "alt_name": "Shastri Road",
        "alt_name:mr": "शास्त्री रस्ता",
        "highway": "primary",
        "lanes": "2",
        "name": "Lalbahadur Shashtri Marg",
        "name:etymology:wikidata": "Q244689",
        "name:mr": "लालबहादूर शास्त्री मार्ग",
        "oneway": "yes"
      },
      "geometry": {
        "type": "LineString",
        "coordinates": [
          [
            73.8432695,
            18.5109104
          ],
          [
            73.8432753,
            18.510751
          ],
          [
            73.8432957,
            18.5105583
          ],
          [
            73.8432983,
            18.5105341
          ],
          [
            73.8433351,
            18.5103518
          ],
          [
            73.8434046,
            18.5101426
          ],
          [
            73.8434954,
            18.5098794
          ],
          [
            73.8435606,
            18.5096778
          ],
          [
            73.8435685,
            18.5096577
          ],
          [
            73.8436096,
            18.5095523
          ]
        ]
      },
      "id": "way/1160395246"
    },
    {
      "type": "Feature",
      "properties": {
        "@id": "way/1160395247",
        "alt_name": "Shastri Road",
        "alt_name:mr": "शास्त्री रस्ता",
        "highway": "primary",
        "lanes": "2",
        "name": "Lalbahadur Shashtri Marg",
        "name:etymology:wikidata": "Q244689",
        "name:mr": "लालबहादूर शास्त्री मार्ग",
        "oneway": "yes"
      },
      "geometry": {
        "type": "LineString",
        "coordinates": [
          [
            73.843243,
            18.5115061
          ],
          [
            73.8432708,
            18.5115578
          ],
          [
            73.8433629,
            18.5116782
          ],
          [
            73.843507,
            18.5118422
          ],
          [
            73.8435971,
            18.5119608
          ],
          [
            73.8436826,
            18.5121101
          ],
          [
            73.8437186,
            18.5121822
          ],
          [
            73.8437222,
            18.5121897
          ],
          [
            73.843735,
            18.5122168
          ],
          [
            73.8437641,
            18.512278
          ],
          [
            73.8437795,
            18.5123575
          ],
          [
            73.8437796,
            18.5123852
          ],
          [
            73.8437801,
            18.5124867
          ],
          [
            73.8437797,
            18.5126016
          ],
          [
            73.8437729,
            18.5126329
          ],
          [
            73.8437669,
            18.5126604
          ],
          [
            73.8437398,
            18.5127202
          ]
        ]
      },
      "id": "way/1160395247"
    },
    {
      "type": "Feature",
      "properties": {
        "@id": "way/1160401289",
        "alt_name": "Shastri Road",
        "alt_name:mr": "शास्त्री रस्ता",
        "highway": "primary",
        "lanes": "2",
        "name": "Lalbahadur Shashtri Marg",
        "name:etymology:wikidata": "Q244689",
        "name:mr": "लालबहादूर शास्त्री मार्ग",
        "oneway": "yes"
      },
      "geometry": {
        "type": "LineString",
        "coordinates": [
          [
            73.8435704,
            18.5093475
          ],
          [
            73.8435437,
            18.5094703
          ],
          [
            73.843528,
            18.5095426
          ]
        ]
      },
      "id": "way/1160401289"
    },
    {
      "type": "Feature",
      "properties": {
        "@id": "way/1160401290",
        "alt_name": "Shastri Road",
        "alt_name:mr": "शास्त्री रस्ता",
        "highway": "primary",
        "lanes": "2",
        "name": "Lalbahadur Shashtri Marg",
        "name:etymology:wikidata": "Q244689",
        "name:mr": "लालबहादूर शास्त्री मार्ग",
        "oneway": "yes"
      },
      "geometry": {
        "type": "LineString",
        "coordinates": [
          [
            73.8436096,
            18.5095523
          ],
          [
            73.8436316,
            18.5094794
          ],
          [
            73.843668,
            18.5093591
          ],
          [
            73.8438461,
            18.5088496
          ],
          [
            73.8440378,
            18.5083983
          ],
          [
            73.844055,
            18.5083477
          ],
          [
            73.8440779,
            18.5082802
          ],
          [
            73.8440951,
            18.5082141
          ],
          [
            73.8441661,
            18.507942
          ],
          [
            73.8442697,
            18.5075445
          ],
          [
            73.8442971,
            18.5074393
          ],
          [
            73.8443152,
            18.5073708
          ],
          [
            73.8443425,
            18.5072677
          ],
          [
            73.8443904,
            18.5070864
          ],
          [
            73.8444451,
            18.5068793
          ],
          [
            73.8446104,
            18.5062542
          ],
          [
            73.8448135,
            18.5054859
          ],
          [
            73.8448829,
            18.5052234
          ],
          [
            73.8449008,
            18.5051559
          ],
          [
            73.8449446,
            18.5050295
          ],
          [
            73.8451336,
            18.5044844
          ],
          [
            73.8451481,
            18.504431
          ],
          [
            73.845207,
            18.5042151
          ],
          [
            73.8452336,
            18.5040671
          ],
          [
            73.845287,
            18.5037458
          ],
          [
            73.8453134,
            18.5035907
          ],
          [
            73.845349,
            18.5034027
          ],
          [
            73.8453639,
            18.5033242
          ],
          [
            73.8453945,
            18.5032719
          ]
        ]
      },
      "id": "way/1160401290"
    },
    {
      "type": "Feature",
      "properties": {
        "@id": "way/1160407187",
        "highway": "tertiary",
        "name": "Bhandarkar Path",
        "name:etymology:wikidata": "Q2623927",
        "oneway": "yes"
      },
      "geometry": {
        "type": "LineString",
        "coordinates": [
          [
            73.8416037,
            18.5174963
          ],
          [
            73.8415745,
            18.5175309
          ],
          [
            73.8415457,
            18.5175527
          ],
          [
            73.841496,
            18.5175812
          ]
        ]
      },
      "id": "way/1160407187"
    },
    {
      "type": "Feature",
      "properties": {
        "@id": "way/1160407188",
        "highway": "tertiary",
        "name": "Bhandarkar Path",
        "name:etymology:wikidata": "Q2623927",
        "name:mr": "भांडारकर पथ",
        "oneway": "yes"
      },
      "geometry": {
        "type": "LineString",
        "coordinates": [
          [
            73.841496,
            18.5175812
          ],
          [
            73.8415875,
            18.5175742
          ]
        ]
      },
      "id": "way/1160407188"
    },
    {
      "type": "Feature",
      "properties": {
        "@id": "way/1161236789",
        "highway": "tertiary",
        "name": "Jagannath Kaniram Kasat Path",
        "name:mr": "जगन्नाथ कनिराम कासट पथ"
      },
      "geometry": {
        "type": "LineString",
        "coordinates": [
          [
            73.8440607,
            18.5157084
          ],
          [
            73.8437704,
            18.5158693
          ]
        ]
      },
      "id": "way/1161236789"
    },
    {
      "type": "Feature",
      "properties": {
        "@id": "way/1161246301",
        "highway": "residential"
      },
      "geometry": {
        "type": "LineString",
        "coordinates": [
          [
            73.8443712,
            18.5175228
          ],
          [
            73.8443269,
            18.5174708
          ],
          [
            73.8441363,
            18.5171405
          ]
        ]
      },
      "id": "way/1161246301"
    },
    {
      "type": "Feature",
      "properties": {
        "@id": "way/1161246302",
        "highway": "tertiary"
      },
      "geometry": {
        "type": "LineString",
        "coordinates": [
          [
            73.8443712,
            18.5175228
          ],
          [
            73.8439968,
            18.5177441
          ],
          [
            73.8439365,
            18.5177797
          ]
        ]
      },
      "id": "way/1161246302"
    },
    {
      "type": "Feature",
      "properties": {
        "@id": "way/1161246303",
        "highway": "residential"
      },
      "geometry": {
        "type": "LineString",
        "coordinates": [
          [
            73.8447048,
            18.5174276
          ],
          [
            73.8448611,
            18.5173477
          ]
        ]
      },
      "id": "way/1161246303"
    },
    {
      "type": "Feature",
      "properties": {
        "@id": "way/1162006770",
        "highway": "service"
      },
      "geometry": {
        "type": "LineString",
        "coordinates": [
          [
            73.8445409,
            18.5061213
          ],
          [
            73.843559,
            18.505996
          ]
        ]
      },
      "id": "way/1162006770"
    },
    {
      "type": "Feature",
      "properties": {
        "@id": "way/1163339430",
        "name": "Ambil Odha",
        "name:mr": "आंबिल ओढा",
        "waterway": "stream"
      },
      "geometry": {
        "type": "LineString",
        "coordinates": [
          [
            73.8388156,
            18.5080106
          ],
          [
            73.8387385,
            18.5080323
          ],
          [
            73.8386607,
            18.5081111
          ],
          [
            73.8385588,
            18.508424
          ],
          [
            73.8385051,
            18.5085893
          ],
          [
            73.8385105,
            18.5086478
          ],
          [
            73.8385331,
            18.5087319
          ]
        ]
      },
      "id": "way/1163339430"
    },
    {
      "type": "Feature",
      "properties": {
        "@id": "way/1164045942",
        "highway": "tertiary",
        "name": "R. B. Kumthekar Marg",
        "name:mr": "रा. ब. कुमठेकर मार्ग",
        "oneway": "yes"
      },
      "geometry": {
        "type": "LineString",
        "coordinates": [
          [
            73.8484952,
            18.5132652
          ],
          [
            73.8497745,
            18.5134075
          ],
          [
            73.8502,
            18.5134548
          ]
        ]
      },
      "id": "way/1164045942"
    },
    {
      "type": "Feature",
      "properties": {
        "@id": "way/1164045943",
        "highway": "residential",
        "name": "Tatyasaheb Karandikar Path",
        "name:mr": "तात्यासाहेब करंदीकर पथ",
        "oneway": "yes"
      },
      "geometry": {
        "type": "LineString",
        "coordinates": [
          [
            73.8484591,
            18.5139879
          ],
          [
            73.8484952,
            18.5132652
          ]
        ]
      },
      "id": "way/1164045943"
    },
    {
      "type": "Feature",
      "properties": {
        "@id": "way/1164047457",
        "alt_name": "Law College Road",
        "alt_name:mr": "विधी महाविद्यालय रस्ता",
        "highway": "primary",
        "lanes": "2",
        "name": "Vishnushastri Chiplunkar Path",
        "name:etymology:wikidata": "Q3633358",
        "name:mr": "विष्णुशास्त्री चिपळूणकर पथ",
        "oneway": "yes",
        "surface": "asphalt"
      },
      "geometry": {
        "type": "LineString",
        "coordinates": [
          [
            73.8302583,
            18.5188317
          ],
          [
            73.8303029,
            18.5190212
          ]
        ]
      },
      "id": "way/1164047457"
    },
    {
      "type": "Feature",
      "properties": {
        "@id": "way/1164047458",
        "highway": "tertiary",
        "name": "Bhandarkar Path",
        "name:etymology:wikidata": "Q2623927",
        "name:mr": "भांडारकर पथ",
        "oneway": "no",
        "surface": "asphalt"
      },
      "geometry": {
        "type": "LineString",
        "coordinates": [
          [
            73.8306897,
            18.5190623
          ],
          [
            73.8305176,
            18.5190898
          ]
        ]
      },
      "id": "way/1164047458"
    },
    {
      "type": "Feature",
      "properties": {
        "@id": "way/1181058671",
        "highway": "steps"
      },
      "geometry": {
        "type": "LineString",
        "coordinates": [
          [
            73.839655,
            18.5044408
          ],
          [
            73.8396767,
            18.5044448
          ]
        ]
      },
      "id": "way/1181058671"
    },
    {
      "type": "Feature",
      "properties": {
        "@id": "way/1181058673",
        "bicycle": "yes",
        "covered": "no",
        "highway": "service",
        "motorcar": "no",
        "motorcycle": "yes",
        "service": "driveway",
        "surface": "paved"
      },
      "geometry": {
        "type": "LineString",
        "coordinates": [
          [
            73.8396913,
            18.5044474
          ],
          [
            73.8396741,
            18.5045675
          ],
          [
            73.8396617,
            18.5046258
          ],
          [
            73.839558,
            18.5047243
          ],
          [
            73.8395376,
            18.5047303
          ]
        ]
      },
      "id": "way/1181058673"
    },
    {
      "type": "Feature",
      "properties": {
        "@id": "way/1181058675",
        "bicycle": "yes",
        "covered": "no",
        "highway": "service",
        "motorcar": "no",
        "motorcycle": "yes",
        "service": "driveway",
        "surface": "paved"
      },
      "geometry": {
        "type": "LineString",
        "coordinates": [
          [
            73.8396767,
            18.5044448
          ],
          [
            73.8396913,
            18.5044474
          ],
          [
            73.8397091,
            18.5044507
          ],
          [
            73.8397785,
            18.5044812
          ]
        ]
      },
      "id": "way/1181058675"
    },
    {
      "type": "Feature",
      "properties": {
        "@id": "way/1181744397",
        "access": "private",
        "highway": "service",
        "oneway": "yes"
      },
      "geometry": {
        "type": "LineString",
        "coordinates": [
          [
            73.8349857,
            18.5020179
          ],
          [
            73.8349358,
            18.5020083
          ],
          [
            73.8345753,
            18.5019434
          ],
          [
            73.8345613,
            18.5019421
          ],
          [
            73.8345503,
            18.5019497
          ]
        ]
      },
      "id": "way/1181744397"
    },
    {
      "type": "Feature",
      "properties": {
        "@id": "way/1181744479",
        "access": "private",
        "highway": "service"
      },
      "geometry": {
        "type": "LineString",
        "coordinates": [
          [
            73.8351649,
            18.503524
          ],
          [
            73.8352392,
            18.5035421
          ],
          [
            73.8356318,
            18.5036376
          ]
        ]
      },
      "id": "way/1181744479"
    },
    {
      "type": "Feature",
      "properties": {
        "@id": "way/1181746119",
        "highway": "living_street"
      },
      "geometry": {
        "type": "LineString",
        "coordinates": [
          [
            73.8317193,
            18.5027361
          ],
          [
            73.8314513,
            18.5027471
          ]
        ]
      },
      "id": "way/1181746119"
    },
    {
      "type": "Feature",
      "properties": {
        "@id": "way/1182164315",
        "highway": "service"
      },
      "geometry": {
        "type": "LineString",
        "coordinates": [
          [
            73.8410231,
            18.5176278
          ],
          [
            73.8410416,
            18.5177145
          ],
          [
            73.8410977,
            18.5179775
          ],
          [
            73.8410955,
            18.5180681
          ]
        ]
      },
      "id": "way/1182164315"
    },
    {
      "type": "Feature",
      "properties": {
        "@id": "way/1182639694",
        "highway": "service",
        "oneway": "no"
      },
      "geometry": {
        "type": "LineString",
        "coordinates": [
          [
            73.840642,
            18.5094627
          ],
          [
            73.8405984,
            18.5094122
          ],
          [
            73.8402445,
            18.5089846
          ],
          [
            73.8402289,
            18.5088986
          ],
          [
            73.8405494,
            18.5082096
          ],
          [
            73.8407182,
            18.5079373
          ],
          [
            73.8411317,
            18.5079362
          ]
        ]
      },
      "id": "way/1182639694"
    },
    {
      "type": "Feature",
      "properties": {
        "@id": "way/1182648881",
        "access": "private",
        "highway": "service"
      },
      "geometry": {
        "type": "LineString",
        "coordinates": [
          [
            73.8490777,
            18.5083842
          ],
          [
            73.8490645,
            18.5083832
          ],
          [
            73.8490524,
            18.5083822
          ],
          [
            73.8487934,
            18.5083617
          ]
        ]
      },
      "id": "way/1182648881"
    },
    {
      "type": "Feature",
      "properties": {
        "@id": "way/1182656880",
        "highway": "residential"
      },
      "geometry": {
        "type": "LineString",
        "coordinates": [
          [
            73.849842,
            18.5140114
          ],
          [
            73.8498666,
            18.5137945
          ],
          [
            73.8498678,
            18.513766
          ],
          [
            73.8498539,
            18.5137461
          ],
          [
            73.8497469,
            18.5137251
          ],
          [
            73.8497413,
            18.5136585
          ],
          [
            73.8497745,
            18.5134075
          ]
        ]
      },
      "id": "way/1182656880"
    },
    {
      "type": "Feature",
      "properties": {
        "@id": "way/1183303726",
        "highway": "residential"
      },
      "geometry": {
        "type": "LineString",
        "coordinates": [
          [
            73.8413315,
            18.5035571
          ],
          [
            73.8413712,
            18.5031907
          ],
          [
            73.8413773,
            18.5031487
          ],
          [
            73.8413978,
            18.5031221
          ],
          [
            73.8416481,
            18.503113
          ]
        ]
      },
      "id": "way/1183303726"
    },
    {
      "type": "Feature",
      "properties": {
        "@id": "way/1183352639",
        "alt_name": "DP Road",
        "highway": "secondary",
        "name": "Raja Mantri Path",
        "name:mr": "राजा मंत्री पथ",
        "oneway": "yes",
        "source": "maxar"
      },
      "geometry": {
        "type": "LineString",
        "coordinates": [
          [
            73.8351756,
            18.5044958
          ],
          [
            73.8351649,
            18.503524
          ],
          [
            73.8351575,
            18.5028545
          ],
          [
            73.8351509,
            18.5022491
          ],
          [
            73.83514,
            18.5021891
          ]
        ]
      },
      "id": "way/1183352639"
    },
    {
      "type": "Feature",
      "properties": {
        "@id": "way/1183358662",
        "access": "private",
        "highway": "service"
      },
      "geometry": {
        "type": "LineString",
        "coordinates": [
          [
            73.8307362,
            18.5003864
          ],
          [
            73.8309963,
            18.5002491
          ],
          [
            73.8309794,
            18.5000742
          ]
        ]
      },
      "id": "way/1183358662"
    },
    {
      "type": "Feature",
      "properties": {
        "@id": "way/1183361447",
        "highway": "residential"
      },
      "geometry": {
        "type": "LineString",
        "coordinates": [
          [
            73.8301333,
            18.50354
          ],
          [
            73.8300917,
            18.503589
          ],
          [
            73.8301202,
            18.504636
          ],
          [
            73.8301372,
            18.5046798
          ]
        ]
      },
      "id": "way/1183361447"
    },
    {
      "type": "Feature",
      "properties": {
        "@id": "way/1183597854",
        "access": "private",
        "highway": "service"
      },
      "geometry": {
        "type": "LineString",
        "coordinates": [
          [
            73.8490524,
            18.5083822
          ],
          [
            73.8490811,
            18.508195
          ],
          [
            73.849094,
            18.5081968
          ],
          [
            73.849107,
            18.5081986
          ]
        ]
      },
      "id": "way/1183597854"
    },
    {
      "type": "Feature",
      "properties": {
        "@id": "way/1185666503",
        "access": "private",
        "highway": "service"
      },
      "geometry": {
        "type": "LineString",
        "coordinates": [
          [
            73.8458871,
            18.5161458
          ],
          [
            73.8460687,
            18.5160506
          ],
          [
            73.8461305,
            18.5160182
          ]
        ]
      },
      "id": "way/1185666503"
    },
    {
      "type": "Feature",
      "properties": {
        "@id": "way/1185672429",
        "access": "private",
        "highway": "service"
      },
      "geometry": {
        "type": "LineString",
        "coordinates": [
          [
            73.8432412,
            18.5158962
          ],
          [
            73.8435834,
            18.5157387
          ],
          [
            73.8436136,
            18.5157227
          ],
          [
            73.8436596,
            18.5156983
          ]
        ]
      },
      "id": "way/1185672429"
    },
    {
      "type": "Feature",
      "properties": {
        "@id": "way/1185873948",
        "access": "private",
        "highway": "service"
      },
      "geometry": {
        "type": "LineString",
        "coordinates": [
          [
            73.8445429,
            18.505409
          ],
          [
            73.8446615,
            18.5054372
          ]
        ]
      },
      "id": "way/1185873948"
    },
    {
      "type": "Feature",
      "properties": {
        "@id": "way/1185873949",
        "highway": "residential"
      },
      "geometry": {
        "type": "LineString",
        "coordinates": [
          [
            73.8440897,
            18.5053411
          ],
          [
            73.8440593,
            18.5055968
          ]
        ]
      },
      "id": "way/1185873949"
    },
    {
      "type": "Feature",
      "properties": {
        "@id": "way/1185875198",
        "access": "private",
        "highway": "service"
      },
      "geometry": {
        "type": "LineString",
        "coordinates": [
          [
            73.8452336,
            18.5040671
          ],
          [
            73.8452962,
            18.5040791
          ],
          [
            73.8454872,
            18.5041158
          ]
        ]
      },
      "id": "way/1185875198"
    },
    {
      "type": "Feature",
      "properties": {
        "@id": "way/1187541987",
        "highway": "service"
      },
      "geometry": {
        "type": "LineString",
        "coordinates": [
          [
            73.8430764,
            18.5085424
          ],
          [
            73.8430463,
            18.5088067
          ]
        ]
      },
      "id": "way/1187541987"
    },
    {
      "type": "Feature",
      "properties": {
        "@id": "way/1187541988",
        "highway": "service"
      },
      "geometry": {
        "type": "LineString",
        "coordinates": [
          [
            73.843087,
            18.5084994
          ],
          [
            73.8434528,
            18.5085535
          ]
        ]
      },
      "id": "way/1187541988"
    },
    {
      "type": "Feature",
      "properties": {
        "@id": "way/1187542547",
        "access": "private",
        "highway": "service"
      },
      "geometry": {
        "type": "LineString",
        "coordinates": [
          [
            73.8420228,
            18.5073784
          ],
          [
            73.8425599,
            18.5073816
          ],
          [
            73.8426277,
            18.507382
          ]
        ]
      },
      "id": "way/1187542547"
    },
    {
      "type": "Feature",
      "properties": {
        "@id": "way/1187542548",
        "highway": "residential",
        "name": "Bala Raut Path",
        "name:mr": "बाळा राउत पथ"
      },
      "geometry": {
        "type": "LineString",
        "coordinates": [
          [
            73.842089,
            18.5049014
          ],
          [
            73.842092,
            18.5051743
          ],
          [
            73.8420796,
            18.5058127
          ],
          [
            73.8420722,
            18.5059685
          ],
          [
            73.8420498,
            18.5064218
          ]
        ]
      },
      "id": "way/1187542548"
    },
    {
      "type": "Feature",
      "properties": {
        "@id": "way/1187542549",
        "highway": "residential",
        "name": "Bala Raut Path",
        "name:mr": "बाळा राउत पथ"
      },
      "geometry": {
        "type": "LineString",
        "coordinates": [
          [
            73.8420228,
            18.5073784
          ],
          [
            73.8420102,
            18.5079515
          ]
        ]
      },
      "id": "way/1187542549"
    },
    {
      "type": "Feature",
      "properties": {
        "@id": "way/1187542550",
        "highway": "residential",
        "name": "Dattatrey Malvadkar Path",
        "name:mr": "दत्तात्रेय माळवदकर पथ"
      },
      "geometry": {
        "type": "LineString",
        "coordinates": [
          [
            73.842626,
            18.5069774
          ],
          [
            73.8426277,
            18.5068386
          ],
          [
            73.8426273,
            18.5066857
          ],
          [
            73.8426246,
            18.5065226
          ],
          [
            73.8426308,
            18.506409
          ]
        ]
      },
      "id": "way/1187542550"
    },
    {
      "type": "Feature",
      "properties": {
        "@id": "way/1187562266",
        "alt_name": "Tilak Road",
        "alt_name:mr": "टिळक रस्ता",
        "highway": "secondary",
        "lanes": "2",
        "name": "Lokmanya Tilak Marg",
        "name:en": "Lokmanya Tilak Road",
        "name:etymology:wikidata": "Q312555",
        "name:mr": "लोकमान्य टिळक मार्ग",
        "oneway": "no",
        "surface": "asphalt"
      },
      "geometry": {
        "type": "LineString",
        "coordinates": [
          [
            73.8450707,
            18.5114645
          ],
          [
            73.8449961,
            18.5115105
          ],
          [
            73.8449108,
            18.511549
          ],
          [
            73.8443998,
            18.5117648
          ],
          [
            73.8443421,
            18.5117891
          ],
          [
            73.8442696,
            18.5118247
          ],
          [
            73.844174,
            18.5118844
          ],
          [
            73.8440936,
            18.5119463
          ],
          [
            73.8440337,
            18.5120002
          ]
        ]
      },
      "id": "way/1187562266"
    },
    {
      "type": "Feature",
      "properties": {
        "@id": "way/1203114454",
        "access": "private",
        "highway": "service"
      },
      "geometry": {
        "type": "LineString",
        "coordinates": [
          [
            73.8478655,
            18.5017358
          ],
          [
            73.847891,
            18.5021019
          ],
          [
            73.8479014,
            18.5023208
          ]
        ]
      },
      "id": "way/1203114454"
    },
    {
      "type": "Feature",
      "properties": {
        "@id": "way/1203114455",
        "access": "private",
        "highway": "service"
      },
      "geometry": {
        "type": "LineString",
        "coordinates": [
          [
            73.8474395,
            18.501151
          ],
          [
            73.8474465,
            18.5013166
          ],
          [
            73.8474656,
            18.5017744
          ],
          [
            73.8475679,
            18.5017685
          ]
        ]
      },
      "id": "way/1203114455"
    },
    {
      "type": "Feature",
      "properties": {
        "@id": "way/1205114971",
        "highway": "service"
      },
      "geometry": {
        "type": "LineString",
        "coordinates": [
          [
            73.8376948,
            18.5118848
          ],
          [
            73.8376658,
            18.511937
          ],
          [
            73.8376175,
            18.5120238
          ]
        ]
      },
      "id": "way/1205114971"
    },
    {
      "type": "Feature",
      "properties": {
        "@id": "way/1207425561",
        "highway": "residential"
      },
      "geometry": {
        "type": "LineString",
        "coordinates": [
          [
            73.8440897,
            18.5053411
          ],
          [
            73.8443351,
            18.5053913
          ]
        ]
      },
      "id": "way/1207425561"
    },
    {
      "type": "Feature",
      "properties": {
        "@id": "way/1207425562",
        "highway": "residential"
      },
      "geometry": {
        "type": "LineString",
        "coordinates": [
          [
            73.8446615,
            18.5054372
          ],
          [
            73.8446851,
            18.5054437
          ],
          [
            73.8447152,
            18.505452
          ],
          [
            73.8448135,
            18.5054859
          ]
        ]
      },
      "id": "way/1207425562"
    },
    {
      "type": "Feature",
      "properties": {
        "@id": "way/1207655375",
        "alt_name": "DP Road",
        "direction": "clockwise",
        "highway": "secondary",
        "lanes": "4",
        "name": "Raja Mantri Path",
        "name:mr": "राजा मंत्री पथ",
        "oneway": "yes"
      },
      "geometry": {
        "type": "LineString",
        "coordinates": [
          [
            73.8350646,
            18.5033486
          ],
          [
            73.8350406,
            18.5044926
          ]
        ]
      },
      "id": "way/1207655375"
    },
    {
      "type": "Feature",
      "properties": {
        "@id": "way/1207727791",
        "access": "private",
        "highway": "service"
      },
      "geometry": {
        "type": "LineString",
        "coordinates": [
          [
            73.8320666,
            18.5000744
          ],
          [
            73.8320879,
            18.5000745
          ],
          [
            73.832187,
            18.5000747
          ]
        ]
      },
      "id": "way/1207727791"
    },
    {
      "type": "Feature",
      "properties": {
        "@id": "way/1207737158",
        "highway": "tertiary",
        "name": "Panmla road",
        "oneway": "no"
      },
      "geometry": {
        "type": "LineString",
        "coordinates": [
          [
            73.8421468,
            18.5001259
          ],
          [
            73.8421532,
            18.4996924
          ],
          [
            73.8421555,
            18.4994875
          ],
          [
            73.8421625,
            18.4988696
          ],
          [
            73.8422274,
            18.4987703
          ]
        ]
      },
      "id": "way/1207737158"
    },
    {
      "type": "Feature",
      "properties": {
        "@id": "way/1207738670",
        "highway": "residential"
      },
      "geometry": {
        "type": "LineString",
        "coordinates": [
          [
            73.8413317,
            18.4992869
          ],
          [
            73.841206,
            18.4992913
          ],
          [
            73.8412166,
            18.5002629
          ],
          [
            73.8414907,
            18.5002482
          ],
          [
            73.8414733,
            18.49931
          ],
          [
            73.8413316,
            18.499313
          ]
        ]
      },
      "id": "way/1207738670"
    },
    {
      "type": "Feature",
      "properties": {
        "@id": "way/1207739110",
        "alt_name": "Veer Tanaji Malusare Path",
        "highway": "primary",
        "lanes": "2",
        "name": "Sinhagad Road",
        "name:en": "Narveer Tanaji Malusare Marg",
        "name:etymology:wikidata": "Q3078248",
        "name:mr": "नरवीर तानाजी मालुसरे मार्ग (सिंहगड रस्ता)",
        "oneway": "yes"
      },
      "geometry": {
        "type": "LineString",
        "coordinates": [
          [
            73.8444762,
            18.500218
          ],
          [
            73.8438016,
            18.4996784
          ]
        ]
      },
      "id": "way/1207739110"
    },
    {
      "type": "Feature",
      "properties": {
        "@id": "way/1212743722",
        "highway": "residential",
        "source": "maxar"
      },
      "geometry": {
        "type": "LineString",
        "coordinates": [
          [
            73.8453404,
            18.511509
          ],
          [
            73.8453074,
            18.5119958
          ],
          [
            73.8452794,
            18.5122104
          ]
        ]
      },
      "id": "way/1212743722"
    },
    {
      "type": "Feature",
      "properties": {
        "@id": "way/1212999242",
        "access": "private",
        "highway": "service",
        "source": "maxar"
      },
      "geometry": {
        "type": "LineString",
        "coordinates": [
          [
            73.830934,
            18.5080845
          ],
          [
            73.8310504,
            18.5078789
          ],
          [
            73.8310629,
            18.507857
          ],
          [
            73.8310753,
            18.5078351
          ]
        ]
      },
      "id": "way/1212999242"
    },
    {
      "type": "Feature",
      "properties": {
        "@id": "way/1213217675",
        "highway": "service",
        "source": "maxar"
      },
      "geometry": {
        "type": "LineString",
        "coordinates": [
          [
            73.8382358,
            18.5133429
          ],
          [
            73.8386448,
            18.513337
          ],
          [
            73.8390193,
            18.5132674
          ]
        ]
      },
      "id": "way/1213217675"
    },
    {
      "type": "Feature",
      "properties": {
        "@id": "way/1214244616",
        "highway": "residential",
        "source": "maxar"
      },
      "geometry": {
        "type": "LineString",
        "coordinates": [
          [
            73.8373094,
            18.5158579
          ],
          [
            73.8374744,
            18.5163831
          ]
        ]
      },
      "id": "way/1214244616"
    },
    {
      "type": "Feature",
      "properties": {
        "@id": "way/1215219792",
        "access": "private",
        "highway": "service",
        "source": "maxar"
      },
      "geometry": {
        "type": "LineString",
        "coordinates": [
          [
            73.8466813,
            18.5106091
          ],
          [
            73.8474396,
            18.5106497
          ]
        ]
      },
      "id": "way/1215219792"
    },
    {
      "type": "Feature",
      "properties": {
        "@id": "way/1216756660",
        "access": "private",
        "highway": "service"
      },
      "geometry": {
        "type": "LineString",
        "coordinates": [
          [
            73.8350952,
            18.5019405
          ],
          [
            73.8351475,
            18.5019371
          ],
          [
            73.8352952,
            18.5019274
          ],
          [
            73.8353267,
            18.5019224
          ],
          [
            73.8353681,
            18.5019127
          ],
          [
            73.8354012,
            18.501882
          ],
          [
            73.8354227,
            18.5018321
          ],
          [
            73.8354268,
            18.5017048
          ],
          [
            73.835433,
            18.5015968
          ]
        ]
      },
      "id": "way/1216756660"
    },
    {
      "type": "Feature",
      "properties": {
        "@id": "way/1218176793",
        "highway": "service"
      },
      "geometry": {
        "type": "LineString",
        "coordinates": [
          [
            73.8321348,
            18.5189026
          ],
          [
            73.8321409,
            18.5189854
          ]
        ]
      },
      "id": "way/1218176793"
    },
    {
      "type": "Feature",
      "properties": {
        "@id": "way/1218176794",
        "highway": "service"
      },
      "geometry": {
        "type": "LineString",
        "coordinates": [
          [
            73.8323327,
            18.5188746
          ],
          [
            73.8323296,
            18.5189449
          ]
        ]
      },
      "id": "way/1218176794"
    },
    {
      "type": "Feature",
      "properties": {
        "@id": "way/1218176870",
        "highway": "service"
      },
      "geometry": {
        "type": "LineString",
        "coordinates": [
          [
            73.8306897,
            18.5190623
          ],
          [
            73.8306932,
            18.5191449
          ]
        ]
      },
      "id": "way/1218176870"
    },
    {
      "type": "Feature",
      "properties": {
        "@id": "way/1222200109",
        "highway": "residential"
      },
      "geometry": {
        "type": "LineString",
        "coordinates": [
          [
            73.8478734,
            18.5156386
          ],
          [
            73.8481385,
            18.5156741
          ],
          [
            73.8482968,
            18.5157567
          ],
          [
            73.8483743,
            18.5157615
          ]
        ]
      },
      "id": "way/1222200109"
    },
    {
      "type": "Feature",
      "properties": {
        "@id": "way/1225887413",
        "highway": "residential",
        "source": "maxar"
      },
      "geometry": {
        "type": "LineString",
        "coordinates": [
          [
            73.8339688,
            18.5161063
          ],
          [
            73.833292,
            18.515957
          ],
          [
            73.8324875,
            18.5159621
          ],
          [
            73.8321281,
            18.516058
          ]
        ]
      },
      "id": "way/1225887413"
    },
    {
      "type": "Feature",
      "properties": {
        "@id": "way/1234792046",
        "footway": "sidewalk",
        "highway": "footway"
      },
      "geometry": {
        "type": "LineString",
        "coordinates": [
          [
            73.84799,
            18.5228004
          ],
          [
            73.8479586,
            18.5227539
          ],
          [
            73.8479337,
            18.5227186
          ],
          [
            73.8476047,
            18.5223311
          ],
          [
            73.8471714,
            18.5218479
          ],
          [
            73.8466816,
            18.521237
          ],
          [
            73.8461427,
            18.5205597
          ],
          [
            73.8458451,
            18.5201767
          ],
          [
            73.8454862,
            18.5197822
          ],
          [
            73.8449637,
            18.5191435
          ],
          [
            73.8447755,
            18.5189273
          ],
          [
            73.844048,
            18.5181167
          ],
          [
            73.8440443,
            18.5181126
          ],
          [
            73.8437114,
            18.517741
          ],
          [
            73.8436671,
            18.5176915
          ],
          [
            73.8433278,
            18.5173221
          ],
          [
            73.8432795,
            18.5173011
          ],
          [
            73.8432138,
            18.5172954
          ],
          [
            73.8429415,
            18.5173466
          ],
          [
            73.8424678,
            18.5174462
          ],
          [
            73.8418983,
            18.5175714
          ],
          [
            73.8417225,
            18.5176083
          ],
          [
            73.8416977,
            18.5176273
          ],
          [
            73.8416841,
            18.5176459
          ],
          [
            73.8416765,
            18.5176564
          ],
          [
            73.8416588,
            18.5177433
          ],
          [
            73.8416072,
            18.5179963
          ],
          [
            73.8415951,
            18.5180558
          ],
          [
            73.8415496,
            18.5183259
          ]
        ]
      },
      "id": "way/1234792046"
    },
    {
      "type": "Feature",
      "properties": {
        "@id": "way/1234793254",
        "footway": "sidewalk",
        "highway": "footway"
      },
      "geometry": {
        "type": "LineString",
        "coordinates": [
          [
            73.8434606,
            18.5171256
          ],
          [
            73.8433529,
            18.5169913
          ],
          [
            73.843271,
            18.5168892
          ],
          [
            73.8430947,
            18.5166508
          ]
        ]
      },
      "id": "way/1234793254"
    },
    {
      "type": "Feature",
      "properties": {
        "@id": "way/1234793255",
        "footway": "sidewalk",
        "highway": "footway"
      },
      "geometry": {
        "type": "LineString",
        "coordinates": [
          [
            73.8427392,
            18.5161979
          ],
          [
            73.8426587,
            18.5161071
          ],
          [
            73.8426491,
            18.5160943
          ],
          [
            73.8423918,
            18.5157491
          ]
        ]
      },
      "id": "way/1234793255"
    },
    {
      "type": "Feature",
      "properties": {
        "@id": "way/1234793256",
        "crossing": "marked",
        "crossing:markings": "yes",
        "footway": "crossing",
        "highway": "footway"
      },
      "geometry": {
        "type": "LineString",
        "coordinates": [
          [
            73.8428353,
            18.5163241
          ],
          [
            73.8427643,
            18.5162331
          ],
          [
            73.8427392,
            18.5161979
          ]
        ]
      },
      "id": "way/1234793256"
    },
    {
      "type": "Feature",
      "properties": {
        "@id": "way/1234793257",
        "footway": "sidewalk",
        "highway": "footway"
      },
      "geometry": {
        "type": "LineString",
        "coordinates": [
          [
            73.8439968,
            18.5177441
          ],
          [
            73.8439661,
            18.5177082
          ],
          [
            73.8439003,
            18.517634
          ],
          [
            73.843594,
            18.5172882
          ],
          [
            73.8434606,
            18.5171256
          ]
        ]
      },
      "id": "way/1234793257"
    },
    {
      "type": "Feature",
      "properties": {
        "@id": "way/1234793258",
        "highway": "service"
      },
      "geometry": {
        "type": "LineString",
        "coordinates": [
          [
            73.843389,
            18.5171739
          ],
          [
            73.8434606,
            18.5171256
          ]
        ]
      },
      "id": "way/1234793258"
    },
    {
      "type": "Feature",
      "properties": {
        "@id": "way/1234793259",
        "footway": "sidewalk",
        "highway": "footway"
      },
      "geometry": {
        "type": "LineString",
        "coordinates": [
          [
            73.8430297,
            18.5165666
          ],
          [
            73.8428353,
            18.5163241
          ]
        ]
      },
      "id": "way/1234793259"
    },
    {
      "type": "Feature",
      "properties": {
        "@id": "way/1234793260",
        "crossing": "marked",
        "crossing:markings": "yes",
        "footway": "crossing",
        "highway": "footway"
      },
      "geometry": {
        "type": "LineString",
        "coordinates": [
          [
            73.8430947,
            18.5166508
          ],
          [
            73.843065,
            18.5166106
          ],
          [
            73.8430297,
            18.5165666
          ]
        ]
      },
      "id": "way/1234793260"
    },
    {
      "type": "Feature",
      "properties": {
        "@id": "way/1234793261",
        "highway": "footway"
      },
      "geometry": {
        "type": "LineString",
        "coordinates": [
          [
            73.8430921,
            18.5170971
          ],
          [
            73.8431194,
            18.5170974
          ]
        ]
      },
      "id": "way/1234793261"
    },
    {
      "type": "Feature",
      "properties": {
        "@id": "way/1234793262",
        "crossing": "marked",
        "crossing:markings": "yes",
        "footway": "crossing",
        "highway": "footway"
      },
      "geometry": {
        "type": "LineString",
        "coordinates": [
          [
            73.8431194,
            18.5170974
          ],
          [
            73.8431467,
            18.5170978
          ],
          [
            73.8431929,
            18.5170977
          ]
        ]
      },
      "id": "way/1234793262"
    },
    {
      "type": "Feature",
      "properties": {
        "@id": "way/1234793263",
        "highway": "footway"
      },
      "geometry": {
        "type": "LineString",
        "coordinates": [
          [
            73.8431929,
            18.5170977
          ],
          [
            73.8432077,
            18.5170977
          ],
          [
            73.8432422,
            18.5170701
          ]
        ]
      },
      "id": "way/1234793263"
    },
    {
      "type": "Feature",
      "properties": {
        "@id": "way/1234793264",
        "highway": "footway"
      },
      "geometry": {
        "type": "LineString",
        "coordinates": [
          [
            73.8433288,
            18.5170074
          ],
          [
            73.8433529,
            18.5169913
          ]
        ]
      },
      "id": "way/1234793264"
    },
    {
      "type": "Feature",
      "properties": {
        "@id": "way/1234793265",
        "footway": "sidewalk",
        "highway": "footway"
      },
      "geometry": {
        "type": "LineString",
        "coordinates": [
          [
            73.8424488,
            18.5161511
          ],
          [
            73.8427299,
            18.5165634
          ],
          [
            73.8430489,
            18.5170193
          ],
          [
            73.8430856,
            18.5170845
          ],
          [
            73.8430921,
            18.5170971
          ],
          [
            73.8430923,
            18.5171171
          ],
          [
            73.8430743,
            18.5171653
          ],
          [
            73.8430605,
            18.5171975
          ],
          [
            73.8430399,
            18.5172184
          ],
          [
            73.8430245,
            18.5172272
          ],
          [
            73.842916,
            18.5172518
          ],
          [
            73.8423126,
            18.5173609
          ],
          [
            73.8419221,
            18.5174453
          ],
          [
            73.8418713,
            18.5174414
          ],
          [
            73.8418383,
            18.5174365
          ],
          [
            73.841825,
            18.5174312
          ],
          [
            73.8417997,
            18.5174122
          ],
          [
            73.8417676,
            18.5173836
          ],
          [
            73.8417348,
            18.5173437
          ],
          [
            73.8417177,
            18.5173098
          ],
          [
            73.8417097,
            18.5172626
          ],
          [
            73.8417351,
            18.5171714
          ],
          [
            73.8419153,
            18.5165039
          ],
          [
            73.8419367,
            18.5164285
          ],
          [
            73.8420043,
            18.5161899
          ]
        ]
      },
      "id": "way/1234793265"
    },
    {
      "type": "Feature",
      "properties": {
        "@id": "way/1234808360",
        "footway": "sidewalk",
        "highway": "footway"
      },
      "geometry": {
        "type": "LineString",
        "coordinates": [
          [
            73.8435696,
            18.5131382
          ],
          [
            73.8436279,
            18.5130701
          ],
          [
            73.8436496,
            18.5130521
          ],
          [
            73.8436943,
            18.5130392
          ],
          [
            73.8437742,
            18.5130341
          ],
          [
            73.8439246,
            18.5130611
          ],
          [
            73.8440046,
            18.5130919
          ],
          [
            73.8440146,
            18.5130994
          ],
          [
            73.8440968,
            18.5131613
          ],
          [
            73.8442865,
            18.5133836
          ],
          [
            73.8444342,
            18.5135545
          ],
          [
            73.84468,
            18.5138484
          ]
        ]
      },
      "id": "way/1234808360"
    },
    {
      "type": "Feature",
      "properties": {
        "@id": "way/1234808361",
        "footway": "sidewalk",
        "highway": "footway"
      },
      "geometry": {
        "type": "LineString",
        "coordinates": [
          [
            73.8407407,
            18.5130698
          ],
          [
            73.841139,
            18.5132449
          ],
          [
            73.8412132,
            18.5132883
          ],
          [
            73.8413609,
            18.5134001
          ],
          [
            73.8415278,
            18.5135753
          ],
          [
            73.841613,
            18.5136648
          ],
          [
            73.8417203,
            18.5137665
          ],
          [
            73.842132,
            18.514157
          ],
          [
            73.8422092,
            18.5142225
          ],
          [
            73.8422634,
            18.5142547
          ],
          [
            73.8422987,
            18.5142585
          ],
          [
            73.8423298,
            18.5142585
          ],
          [
            73.84238,
            18.5142457
          ],
          [
            73.8424505,
            18.5141776
          ],
          [
            73.8425244,
            18.514085
          ]
        ]
      },
      "id": "way/1234808361"
    },
    {
      "type": "Feature",
      "properties": {
        "@id": "way/1234808362",
        "bridge": "yes",
        "footway": "sidewalk",
        "highway": "footway",
        "layer": "1"
      },
      "geometry": {
        "type": "LineString",
        "coordinates": [
          [
            73.8425244,
            18.514085
          ],
          [
            73.8430494,
            18.5134271
          ],
          [
            73.8434533,
            18.5129195
          ]
        ]
      },
      "id": "way/1234808362"
    },
    {
      "type": "Feature",
      "properties": {
        "@id": "way/1234808363",
        "footway": "sidewalk",
        "highway": "footway"
      },
      "geometry": {
        "type": "LineString",
        "coordinates": [
          [
            73.8434533,
            18.5129195
          ],
          [
            73.8434871,
            18.5128758
          ],
          [
            73.8435712,
            18.5127936
          ],
          [
            73.8436335,
            18.5127345
          ],
          [
            73.8436425,
            18.5127215
          ],
          [
            73.8436972,
            18.512642
          ],
          [
            73.8437006,
            18.5126245
          ],
          [
            73.8437121,
            18.5125661
          ],
          [
            73.8437053,
            18.5124608
          ],
          [
            73.8437005,
            18.5123998
          ],
          [
            73.8436977,
            18.5123638
          ]
        ]
      },
      "id": "way/1234808363"
    },
    {
      "type": "Feature",
      "properties": {
        "@id": "way/1234808364",
        "footway": "sidewalk",
        "highway": "footway"
      },
      "geometry": {
        "type": "LineString",
        "coordinates": [
          [
            73.8424383,
            18.514956
          ],
          [
            73.8424845,
            18.5147626
          ],
          [
            73.8425226,
            18.5146032
          ],
          [
            73.8425606,
            18.5144965
          ],
          [
            73.8425956,
            18.5144273
          ],
          [
            73.8426568,
            18.5143064
          ],
          [
            73.8427179,
            18.5142306
          ]
        ]
      },
      "id": "way/1234808364"
    },
    {
      "type": "Feature",
      "properties": {
        "@id": "way/1234808365",
        "bridge": "yes",
        "footway": "sidewalk",
        "highway": "footway",
        "layer": "1"
      },
      "geometry": {
        "type": "LineString",
        "coordinates": [
          [
            73.8427179,
            18.5142306
          ],
          [
            73.8429264,
            18.5139724
          ],
          [
            73.8433541,
            18.5134299
          ],
          [
            73.8435696,
            18.5131382
          ]
        ]
      },
      "id": "way/1234808365"
    },
    {
      "type": "Feature",
      "properties": {
        "@id": "way/1234808366",
        "highway": "footway",
        "surface": "asphalt"
      },
      "geometry": {
        "type": "LineString",
        "coordinates": [
          [
            73.8420837,
            18.5156527
          ],
          [
            73.842104,
            18.5156732
          ]
        ]
      },
      "id": "way/1234808366"
    },
    {
      "type": "Feature",
      "properties": {
        "@id": "way/1234808367",
        "highway": "footway",
        "layer": "-1",
        "surface": "asphalt",
        "tunnel": "yes"
      },
      "geometry": {
        "type": "LineString",
        "coordinates": [
          [
            73.8420341,
            18.5156027
          ],
          [
            73.8420837,
            18.5156527
          ]
        ]
      },
      "id": "way/1234808367"
    },
    {
      "type": "Feature",
      "properties": {
        "@id": "way/1234808368",
        "footway": "sidewalk",
        "highway": "footway"
      },
      "geometry": {
        "type": "LineString",
        "coordinates": [
          [
            73.8402717,
            18.5128948
          ],
          [
            73.8405061,
            18.5129789
          ],
          [
            73.840517,
            18.5129831
          ]
        ]
      },
      "id": "way/1234808368"
    },
    {
      "type": "Feature",
      "properties": {
        "@id": "way/1234808369",
        "crossing": "marked",
        "crossing:markings": "yes",
        "footway": "crossing",
        "highway": "footway"
      },
      "geometry": {
        "type": "LineString",
        "coordinates": [
          [
            73.840517,
            18.5129831
          ],
          [
            73.8405966,
            18.5130149
          ],
          [
            73.8406438,
            18.5130323
          ],
          [
            73.8407052,
            18.513055
          ],
          [
            73.8407407,
            18.5130698
          ]
        ]
      },
      "id": "way/1234808369"
    },
    {
      "type": "Feature",
      "properties": {
        "@id": "way/1234809239",
        "crossing": "marked",
        "crossing:markings": "yes",
        "footway": "crossing",
        "highway": "footway"
      },
      "geometry": {
        "type": "LineString",
        "coordinates": [
          [
            73.841547,
            18.5139252
          ],
          [
            73.8415661,
            18.5139077
          ],
          [
            73.8416486,
            18.5138321
          ],
          [
            73.8416955,
            18.5137892
          ]
        ]
      },
      "id": "way/1234809239"
    },
    {
      "type": "Feature",
      "properties": {
        "@id": "way/1234809240",
        "footway": "sidewalk",
        "highway": "footway"
      },
      "geometry": {
        "type": "LineString",
        "coordinates": [
          [
            73.8397911,
            18.5129421
          ],
          [
            73.8403296,
            18.5131528
          ],
          [
            73.8404186,
            18.5131901
          ],
          [
            73.8406059,
            18.5132684
          ],
          [
            73.8407579,
            18.513332
          ],
          [
            73.8408185,
            18.513369
          ],
          [
            73.8409643,
            18.5134907
          ],
          [
            73.841219,
            18.5137088
          ],
          [
            73.8412591,
            18.5137575
          ],
          [
            73.8412703,
            18.513779
          ],
          [
            73.841257,
            18.5137965
          ],
          [
            73.8412149,
            18.5138189
          ],
          [
            73.8407815,
            18.5138939
          ],
          [
            73.8402346,
            18.5139553
          ]
        ]
      },
      "id": "way/1234809240"
    },
    {
      "type": "Feature",
      "properties": {
        "@id": "way/1234809241",
        "crossing": "marked",
        "crossing:markings": "yes",
        "footway": "crossing",
        "highway": "footway"
      },
      "geometry": {
        "type": "LineString",
        "coordinates": [
          [
            73.8412909,
            18.5138007
          ],
          [
            73.8413582,
            18.513872
          ],
          [
            73.84139,
            18.5139037
          ]
        ]
      },
      "id": "way/1234809241"
    },
    {
      "type": "Feature",
      "properties": {
        "@id": "way/1234809242",
        "crossing": "marked",
        "crossing:markings": "yes",
        "footway": "crossing",
        "highway": "footway"
      },
      "geometry": {
        "type": "LineString",
        "coordinates": [
          [
            73.8413046,
            18.5137519
          ],
          [
            73.8413136,
            18.5137447
          ],
          [
            73.8413569,
            18.5137105
          ],
          [
            73.8414452,
            18.5136406
          ],
          [
            73.8415012,
            18.5135964
          ]
        ]
      },
      "id": "way/1234809242"
    },
    {
      "type": "Feature",
      "properties": {
        "@id": "way/1234809243",
        "footway": "sidewalk",
        "highway": "footway"
      },
      "geometry": {
        "type": "LineString",
        "coordinates": [
          [
            73.8415012,
            18.5135964
          ],
          [
            73.8415278,
            18.5135753
          ]
        ]
      },
      "id": "way/1234809243"
    },
    {
      "type": "Feature",
      "properties": {
        "@id": "way/1234809244",
        "footway": "sidewalk",
        "highway": "footway"
      },
      "geometry": {
        "type": "LineString",
        "coordinates": [
          [
            73.8412703,
            18.513779
          ],
          [
            73.8413046,
            18.5137519
          ]
        ]
      },
      "id": "way/1234809244"
    },
    {
      "type": "Feature",
      "properties": {
        "@id": "way/1234809245",
        "footway": "sidewalk",
        "highway": "footway"
      },
      "geometry": {
        "type": "LineString",
        "coordinates": [
          [
            73.8412703,
            18.513779
          ],
          [
            73.8412909,
            18.5138007
          ]
        ]
      },
      "id": "way/1234809245"
    },
    {
      "type": "Feature",
      "properties": {
        "@id": "way/1234809246",
        "footway": "sidewalk",
        "highway": "footway"
      },
      "geometry": {
        "type": "LineString",
        "coordinates": [
          [
            73.84139,
            18.5139037
          ],
          [
            73.8414137,
            18.5139274
          ]
        ]
      },
      "id": "way/1234809246"
    },
    {
      "type": "Feature",
      "properties": {
        "@id": "way/1234809247",
        "footway": "sidewalk",
        "highway": "footway"
      },
      "geometry": {
        "type": "LineString",
        "coordinates": [
          [
            73.8415279,
            18.5139427
          ],
          [
            73.841547,
            18.5139252
          ]
        ]
      },
      "id": "way/1234809247"
    },
    {
      "type": "Feature",
      "properties": {
        "@id": "way/1234809248",
        "footway": "sidewalk",
        "highway": "footway"
      },
      "geometry": {
        "type": "LineString",
        "coordinates": [
          [
            73.8416955,
            18.5137892
          ],
          [
            73.8417203,
            18.5137665
          ]
        ]
      },
      "id": "way/1234809248"
    },
    {
      "type": "Feature",
      "properties": {
        "@id": "way/1234809775",
        "crossing": "marked",
        "crossing:markings": "yes",
        "footway": "crossing",
        "highway": "footway"
      },
      "geometry": {
        "type": "LineString",
        "coordinates": [
          [
            73.8422528,
            18.5146849
          ],
          [
            73.842282,
            18.5146947
          ],
          [
            73.8423015,
            18.5147012
          ],
          [
            73.8423882,
            18.5147303
          ],
          [
            73.8424594,
            18.5147542
          ]
        ]
      },
      "id": "way/1234809775"
    },
    {
      "type": "Feature",
      "properties": {
        "@id": "way/1234809776",
        "footway": "sidewalk",
        "highway": "footway"
      },
      "geometry": {
        "type": "LineString",
        "coordinates": [
          [
            73.8424594,
            18.5147542
          ],
          [
            73.8424845,
            18.5147626
          ]
        ]
      },
      "id": "way/1234809776"
    },
    {
      "type": "Feature",
      "properties": {
        "@id": "way/1234809777",
        "footway": "sidewalk",
        "highway": "footway"
      },
      "geometry": {
        "type": "LineString",
        "coordinates": [
          [
            73.8422163,
            18.5146726
          ],
          [
            73.8422528,
            18.5146849
          ]
        ]
      },
      "id": "way/1234809777"
    },
    {
      "type": "Feature",
      "properties": {
        "@id": "way/1234809778",
        "crossing": "marked",
        "crossing:markings": "yes",
        "footway": "crossing",
        "highway": "footway"
      },
      "geometry": {
        "type": "LineString",
        "coordinates": [
          [
            73.8425625,
            18.5144085
          ],
          [
            73.842509,
            18.5143781
          ],
          [
            73.842418,
            18.5143263
          ],
          [
            73.8423773,
            18.5143032
          ],
          [
            73.8423463,
            18.5142856
          ]
        ]
      },
      "id": "way/1234809778"
    },
    {
      "type": "Feature",
      "properties": {
        "@id": "way/1234809779",
        "footway": "sidewalk",
        "highway": "footway"
      },
      "geometry": {
        "type": "LineString",
        "coordinates": [
          [
            73.8425956,
            18.5144273
          ],
          [
            73.8425625,
            18.5144085
          ]
        ]
      },
      "id": "way/1234809779"
    },
    {
      "type": "Feature",
      "properties": {
        "@id": "way/1234809780",
        "footway": "sidewalk",
        "highway": "footway"
      },
      "geometry": {
        "type": "LineString",
        "coordinates": [
          [
            73.8423463,
            18.5142856
          ],
          [
            73.8422987,
            18.5142585
          ]
        ]
      },
      "id": "way/1234809780"
    },
    {
      "type": "Feature",
      "properties": {
        "@id": "way/1234809781",
        "crossing": "marked",
        "crossing:markings": "yes",
        "footway": "crossing",
        "highway": "footway"
      },
      "geometry": {
        "type": "LineString",
        "coordinates": [
          [
            73.8422802,
            18.5143037
          ],
          [
            73.8422646,
            18.5143419
          ],
          [
            73.8422491,
            18.5143797
          ],
          [
            73.8422077,
            18.514481
          ],
          [
            73.8421909,
            18.514522
          ],
          [
            73.8421757,
            18.5145593
          ]
        ]
      },
      "id": "way/1234809781"
    },
    {
      "type": "Feature",
      "properties": {
        "@id": "way/1234809782",
        "footway": "sidewalk",
        "highway": "footway"
      },
      "geometry": {
        "type": "LineString",
        "coordinates": [
          [
            73.8421757,
            18.5145593
          ],
          [
            73.8421577,
            18.5146033
          ]
        ]
      },
      "id": "way/1234809782"
    },
    {
      "type": "Feature",
      "properties": {
        "@id": "way/1234809783",
        "footway": "sidewalk",
        "highway": "footway"
      },
      "geometry": {
        "type": "LineString",
        "coordinates": [
          [
            73.8422987,
            18.5142585
          ],
          [
            73.8422802,
            18.5143037
          ]
        ]
      },
      "id": "way/1234809783"
    },
    {
      "type": "Feature",
      "properties": {
        "@id": "way/1234811636",
        "footway": "sidewalk",
        "highway": "footway"
      },
      "geometry": {
        "type": "LineString",
        "coordinates": [
          [
            73.8417795,
            18.5163724
          ],
          [
            73.8416818,
            18.5167992
          ],
          [
            73.8415721,
            18.5172412
          ],
          [
            73.8415416,
            18.517344
          ],
          [
            73.841526,
            18.5173633
          ],
          [
            73.8415077,
            18.5173659
          ],
          [
            73.841444,
            18.5173459
          ],
          [
            73.8413078,
            18.5172117
          ],
          [
            73.8411776,
            18.5170967
          ],
          [
            73.8411116,
            18.5170312
          ]
        ]
      },
      "id": "way/1234811636"
    },
    {
      "type": "Feature",
      "properties": {
        "@id": "way/1234811637",
        "footway": "sidewalk",
        "highway": "footway"
      },
      "geometry": {
        "type": "LineString",
        "coordinates": [
          [
            73.8410344,
            18.5170914
          ],
          [
            73.8412117,
            18.5172336
          ],
          [
            73.8414063,
            18.5173835
          ],
          [
            73.8414358,
            18.5174114
          ],
          [
            73.841467,
            18.5174396
          ],
          [
            73.8414844,
            18.517463
          ],
          [
            73.8414933,
            18.5174806
          ],
          [
            73.8414911,
            18.517503
          ],
          [
            73.8414767,
            18.5175281
          ],
          [
            73.8414674,
            18.5175337
          ],
          [
            73.8414382,
            18.5175513
          ],
          [
            73.8410967,
            18.5175887
          ]
        ]
      },
      "id": "way/1234811637"
    },
    {
      "type": "Feature",
      "properties": {
        "@id": "way/1234811638",
        "footway": "sidewalk",
        "highway": "footway"
      },
      "geometry": {
        "type": "LineString",
        "coordinates": [
          [
            73.8407439,
            18.5177731
          ],
          [
            73.8409451,
            18.5177325
          ],
          [
            73.8410416,
            18.5177145
          ],
          [
            73.8412282,
            18.5176796
          ],
          [
            73.8412447,
            18.5176766
          ],
          [
            73.8413556,
            18.5176698
          ],
          [
            73.8414217,
            18.5176922
          ],
          [
            73.8414393,
            18.5177096
          ],
          [
            73.8414512,
            18.5177213
          ],
          [
            73.8414724,
            18.517766
          ],
          [
            73.8414547,
            18.5178511
          ],
          [
            73.8413554,
            18.5183549
          ]
        ]
      },
      "id": "way/1234811638"
    },
    {
      "type": "Feature",
      "properties": {
        "@id": "way/1234811640",
        "crossing": "marked",
        "crossing:markings": "yes",
        "footway": "crossing",
        "highway": "footway"
      },
      "geometry": {
        "type": "LineString",
        "coordinates": [
          [
            73.8416864,
            18.5176129
          ],
          [
            73.8416945,
            18.5175535
          ],
          [
            73.8417008,
            18.517507
          ]
        ]
      },
      "id": "way/1234811640"
    },
    {
      "type": "Feature",
      "properties": {
        "@id": "way/1234811641",
        "crossing": "marked",
        "crossing:markings": "yes",
        "footway": "crossing",
        "highway": "footway"
      },
      "geometry": {
        "type": "LineString",
        "coordinates": [
          [
            73.8417138,
            18.5174344
          ],
          [
            73.8417267,
            18.5174222
          ],
          [
            73.8417541,
            18.5173964
          ]
        ]
      },
      "id": "way/1234811641"
    },
    {
      "type": "Feature",
      "properties": {
        "@id": "way/1234811642",
        "footway": "sidewalk",
        "highway": "footway"
      },
      "geometry": {
        "type": "LineString",
        "coordinates": [
          [
            73.8417008,
            18.517507
          ],
          [
            73.8417101,
            18.5174525
          ]
        ]
      },
      "id": "way/1234811642"
    },
    {
      "type": "Feature",
      "properties": {
        "@id": "way/1234811643",
        "footway": "sidewalk",
        "highway": "footway"
      },
      "geometry": {
        "type": "LineString",
        "coordinates": [
          [
            73.8417101,
            18.5174525
          ],
          [
            73.8417138,
            18.5174344
          ]
        ]
      },
      "id": "way/1234811643"
    },
    {
      "type": "Feature",
      "properties": {
        "@id": "way/1234811644",
        "footway": "sidewalk",
        "highway": "footway"
      },
      "geometry": {
        "type": "LineString",
        "coordinates": [
          [
            73.8417541,
            18.5173964
          ],
          [
            73.8417676,
            18.5173836
          ]
        ]
      },
      "id": "way/1234811644"
    },
    {
      "type": "Feature",
      "properties": {
        "@id": "way/1234811645",
        "footway": "sidewalk",
        "highway": "footway"
      },
      "geometry": {
        "type": "LineString",
        "coordinates": [
          [
            73.8416841,
            18.5176459
          ],
          [
            73.8416864,
            18.5176129
          ]
        ]
      },
      "id": "way/1234811645"
    },
    {
      "type": "Feature",
      "properties": {
        "@id": "way/1234811646",
        "crossing": "marked",
        "crossing:markings": "yes",
        "footway": "crossing",
        "highway": "footway"
      },
      "geometry": {
        "type": "LineString",
        "coordinates": [
          [
            73.8414743,
            18.517715
          ],
          [
            73.8415617,
            18.5177284
          ],
          [
            73.8416349,
            18.5177397
          ]
        ]
      },
      "id": "way/1234811646"
    },
    {
      "type": "Feature",
      "properties": {
        "@id": "way/1234811647",
        "footway": "sidewalk",
        "highway": "footway"
      },
      "geometry": {
        "type": "LineString",
        "coordinates": [
          [
            73.8414393,
            18.5177096
          ],
          [
            73.8414743,
            18.517715
          ]
        ]
      },
      "id": "way/1234811647"
    },
    {
      "type": "Feature",
      "properties": {
        "@id": "way/1234811648",
        "footway": "sidewalk",
        "highway": "footway"
      },
      "geometry": {
        "type": "LineString",
        "coordinates": [
          [
            73.8416349,
            18.5177397
          ],
          [
            73.8416588,
            18.5177433
          ]
        ]
      },
      "id": "way/1234811648"
    },
    {
      "type": "Feature",
      "properties": {
        "@id": "way/1234811649",
        "crossing": "marked",
        "crossing:markings": "yes",
        "footway": "crossing",
        "highway": "footway"
      },
      "geometry": {
        "type": "LineString",
        "coordinates": [
          [
            73.8414448,
            18.5176753
          ],
          [
            73.8414594,
            18.517584
          ],
          [
            73.8414633,
            18.5175595
          ]
        ]
      },
      "id": "way/1234811649"
    },
    {
      "type": "Feature",
      "properties": {
        "@id": "way/1234811650",
        "footway": "sidewalk",
        "highway": "footway"
      },
      "geometry": {
        "type": "LineString",
        "coordinates": [
          [
            73.8414633,
            18.5175595
          ],
          [
            73.8414674,
            18.5175337
          ]
        ]
      },
      "id": "way/1234811650"
    },
    {
      "type": "Feature",
      "properties": {
        "@id": "way/1234811651",
        "footway": "sidewalk",
        "highway": "footway"
      },
      "geometry": {
        "type": "LineString",
        "coordinates": [
          [
            73.8414393,
            18.5177096
          ],
          [
            73.8414448,
            18.5176753
          ]
        ]
      },
      "id": "way/1234811651"
    },
    {
      "type": "Feature",
      "properties": {
        "@id": "way/1234811652",
        "crossing": "marked",
        "crossing:markings": "yes",
        "footway": "crossing",
        "highway": "footway"
      },
      "geometry": {
        "type": "LineString",
        "coordinates": [
          [
            73.8415652,
            18.5173492
          ],
          [
            73.8416331,
            18.5173639
          ],
          [
            73.8416722,
            18.5173723
          ]
        ]
      },
      "id": "way/1234811652"
    },
    {
      "type": "Feature",
      "properties": {
        "@id": "way/1234811653",
        "footway": "sidewalk",
        "highway": "footway"
      },
      "geometry": {
        "type": "LineString",
        "coordinates": [
          [
            73.8415416,
            18.517344
          ],
          [
            73.8415652,
            18.5173492
          ]
        ]
      },
      "id": "way/1234811653"
    },
    {
      "type": "Feature",
      "properties": {
        "@id": "way/1234851565",
        "crossing": "marked",
        "crossing:markings": "yes",
        "footway": "crossing",
        "highway": "footway"
      },
      "geometry": {
        "type": "LineString",
        "coordinates": [
          [
            73.840517,
            18.5129831
          ],
          [
            73.840485,
            18.5130505
          ],
          [
            73.840448,
            18.5131284
          ],
          [
            73.8404355,
            18.5131546
          ]
        ]
      },
      "id": "way/1234851565"
    },
    {
      "type": "Feature",
      "properties": {
        "@id": "way/1234851566",
        "footway": "sidewalk",
        "highway": "footway"
      },
      "geometry": {
        "type": "LineString",
        "coordinates": [
          [
            73.8404355,
            18.5131546
          ],
          [
            73.8404186,
            18.5131901
          ]
        ]
      },
      "id": "way/1234851566"
    },
    {
      "type": "Feature",
      "properties": {
        "@id": "way/1234851567",
        "crossing": "marked",
        "crossing:markings": "yes",
        "footway": "crossing",
        "highway": "footway"
      },
      "geometry": {
        "type": "LineString",
        "coordinates": [
          [
            73.8407052,
            18.513055
          ],
          [
            73.8406731,
            18.5131241
          ],
          [
            73.8406368,
            18.5132022
          ],
          [
            73.8406268,
            18.5132236
          ]
        ]
      },
      "id": "way/1234851567"
    },
    {
      "type": "Feature",
      "properties": {
        "@id": "way/1234851568",
        "footway": "sidewalk",
        "highway": "footway"
      },
      "geometry": {
        "type": "LineString",
        "coordinates": [
          [
            73.8406268,
            18.5132236
          ],
          [
            73.8406059,
            18.5132684
          ]
        ]
      },
      "id": "way/1234851568"
    },
    {
      "type": "Feature",
      "properties": {
        "@id": "way/1234852904",
        "footway": "sidewalk",
        "highway": "footway"
      },
      "geometry": {
        "type": "LineString",
        "coordinates": [
          [
            73.8371237,
            18.511462
          ],
          [
            73.8372421,
            18.5115238
          ],
          [
            73.8372715,
            18.5115365
          ],
          [
            73.8373034,
            18.5115365
          ],
          [
            73.8373381,
            18.5115049
          ],
          [
            73.8373485,
            18.5114951
          ],
          [
            73.8374623,
            18.5113883
          ]
        ]
      },
      "id": "way/1234852904"
    },
    {
      "type": "Feature",
      "properties": {
        "@id": "way/1234852905",
        "footway": "sidewalk",
        "highway": "footway"
      },
      "geometry": {
        "type": "LineString",
        "coordinates": [
          [
            73.8370417,
            18.5119575
          ],
          [
            73.8371564,
            18.5117705
          ],
          [
            73.8371862,
            18.5117124
          ],
          [
            73.8371862,
            18.5116957
          ],
          [
            73.8371831,
            18.5116827
          ],
          [
            73.8371655,
            18.5116645
          ],
          [
            73.8366334,
            18.5114047
          ]
        ]
      },
      "id": "way/1234852905"
    },
    {
      "type": "Feature",
      "properties": {
        "@id": "way/1234852906",
        "footway": "sidewalk",
        "highway": "footway"
      },
      "geometry": {
        "type": "LineString",
        "coordinates": [
          [
            73.836938,
            18.5122795
          ],
          [
            73.8372315,
            18.5118117
          ],
          [
            73.8372536,
            18.5117832
          ],
          [
            73.8372782,
            18.5117582
          ],
          [
            73.8373178,
            18.511754
          ],
          [
            73.8373459,
            18.5117639
          ],
          [
            73.8373582,
            18.5117682
          ],
          [
            73.8376658,
            18.511937
          ]
        ]
      },
      "id": "way/1234852906"
    },
    {
      "type": "Feature",
      "properties": {
        "@id": "way/1234852907",
        "crossing": "marked",
        "crossing:markings": "yes",
        "footway": "crossing",
        "highway": "footway"
      },
      "geometry": {
        "type": "LineString",
        "coordinates": [
          [
            73.8372078,
            18.5116799
          ],
          [
            73.8372264,
            18.5116521
          ],
          [
            73.8372746,
            18.5115798
          ],
          [
            73.8372891,
            18.5115579
          ]
        ]
      },
      "id": "way/1234852907"
    },
    {
      "type": "Feature",
      "properties": {
        "@id": "way/1234852908",
        "footway": "sidewalk",
        "highway": "footway"
      },
      "geometry": {
        "type": "LineString",
        "coordinates": [
          [
            73.8372891,
            18.5115579
          ],
          [
            73.8373034,
            18.5115365
          ]
        ]
      },
      "id": "way/1234852908"
    },
    {
      "type": "Feature",
      "properties": {
        "@id": "way/1234852909",
        "footway": "sidewalk",
        "highway": "footway"
      },
      "geometry": {
        "type": "LineString",
        "coordinates": [
          [
            73.8371862,
            18.5117124
          ],
          [
            73.8372078,
            18.5116799
          ]
        ]
      },
      "id": "way/1234852909"
    },
    {
      "type": "Feature",
      "properties": {
        "@id": "way/1234852910",
        "crossing": "marked",
        "crossing:markings": "yes",
        "footway": "crossing",
        "highway": "footway"
      },
      "geometry": {
        "type": "LineString",
        "coordinates": [
          [
            73.8373485,
            18.5114951
          ],
          [
            73.8373905,
            18.5115203
          ],
          [
            73.837477,
            18.5115714
          ],
          [
            73.8374197,
            18.5116522
          ],
          [
            73.8373718,
            18.5117248
          ],
          [
            73.8373459,
            18.5117639
          ]
        ]
      },
      "id": "way/1234852910"
    },
    {
      "type": "Feature",
      "properties": {
        "@id": "way/1234852911",
        "crossing": "marked",
        "crossing:markings": "yes",
        "footway": "crossing",
        "highway": "footway"
      },
      "geometry": {
        "type": "LineString",
        "coordinates": [
          [
            73.8371862,
            18.5117124
          ],
          [
            73.8372232,
            18.5117308
          ],
          [
            73.8372782,
            18.5117582
          ]
        ]
      },
      "id": "way/1234852911"
    },
    {
      "type": "Feature",
      "properties": {
        "@id": "way/1234853513",
        "footway": "sidewalk",
        "highway": "footway"
      },
      "geometry": {
        "type": "LineString",
        "coordinates": [
          [
            73.835116,
            18.5107136
          ],
          [
            73.8340563,
            18.5102082
          ]
        ]
      },
      "id": "way/1234853513"
    },
    {
      "type": "Feature",
      "properties": {
        "@id": "way/1234853514",
        "footway": "sidewalk",
        "highway": "footway"
      },
      "geometry": {
        "type": "LineString",
        "coordinates": [
          [
            73.8341675,
            18.5100112
          ],
          [
            73.8347538,
            18.5103034
          ]
        ]
      },
      "id": "way/1234853514"
    },
    {
      "type": "Feature",
      "properties": {
        "@id": "way/1234853515",
        "footway": "sidewalk",
        "highway": "footway"
      },
      "geometry": {
        "type": "LineString",
        "coordinates": [
          [
            73.833698,
            18.5097764
          ],
          [
            73.834049,
            18.5099502
          ]
        ]
      },
      "id": "way/1234853515"
    },
    {
      "type": "Feature",
      "properties": {
        "@id": "way/1234853516",
        "crossing": "marked",
        "crossing:markings": "yes",
        "footway": "crossing",
        "highway": "footway"
      },
      "geometry": {
        "type": "LineString",
        "coordinates": [
          [
            73.834049,
            18.5099502
          ],
          [
            73.8341078,
            18.5099805
          ],
          [
            73.8341675,
            18.5100112
          ]
        ]
      },
      "id": "way/1234853516"
    },
    {
      "type": "Feature",
      "properties": {
        "@id": "way/1234853517",
        "footway": "sidewalk",
        "highway": "footway"
      },
      "geometry": {
        "type": "LineString",
        "coordinates": [
          [
            73.8339295,
            18.5101482
          ],
          [
            73.8336921,
            18.5100265
          ],
          [
            73.8336728,
            18.5100168
          ],
          [
            73.8335009,
            18.5099301
          ],
          [
            73.8332934,
            18.5098256
          ],
          [
            73.833057,
            18.5097065
          ],
          [
            73.8329709,
            18.5096631
          ]
        ]
      },
      "id": "way/1234853517"
    },
    {
      "type": "Feature",
      "properties": {
        "@id": "way/1234853518",
        "crossing": "marked",
        "crossing:markings": "yes",
        "footway": "crossing",
        "highway": "footway"
      },
      "geometry": {
        "type": "LineString",
        "coordinates": [
          [
            73.8340563,
            18.5102082
          ],
          [
            73.8339902,
            18.5101769
          ],
          [
            73.8339295,
            18.5101482
          ]
        ]
      },
      "id": "way/1234853518"
    },
    {
      "type": "Feature",
      "properties": {
        "@id": "way/1234853519",
        "crossing": "marked",
        "crossing:markings": "yes",
        "footway": "crossing",
        "highway": "footway"
      },
      "geometry": {
        "type": "LineString",
        "coordinates": [
          [
            73.8340563,
            18.5102082
          ],
          [
            73.8340887,
            18.5101509
          ],
          [
            73.8341311,
            18.5100756
          ],
          [
            73.8341675,
            18.5100112
          ]
        ]
      },
      "id": "way/1234853519"
    },
    {
      "type": "Feature",
      "properties": {
        "@id": "way/1234853520",
        "crossing": "marked",
        "crossing:markings": "yes",
        "footway": "crossing",
        "highway": "footway"
      },
      "geometry": {
        "type": "LineString",
        "coordinates": [
          [
            73.8339295,
            18.5101482
          ],
          [
            73.8339652,
            18.5100891
          ],
          [
            73.8340112,
            18.5100129
          ],
          [
            73.834049,
            18.5099502
          ]
        ]
      },
      "id": "way/1234853520"
    },
    {
      "type": "Feature",
      "properties": {
        "@id": "way/1234854282",
        "footway": "sidewalk",
        "highway": "footway"
      },
      "geometry": {
        "type": "LineString",
        "coordinates": [
          [
            73.831873,
            18.5087764
          ],
          [
            73.8316813,
            18.5086808
          ],
          [
            73.8315978,
            18.5086258
          ],
          [
            73.8315749,
            18.5085991
          ],
          [
            73.8315609,
            18.5085616
          ],
          [
            73.8315653,
            18.5085141
          ],
          [
            73.8315978,
            18.5084465
          ],
          [
            73.8319877,
            18.507804
          ]
        ]
      },
      "id": "way/1234854282"
    },
    {
      "type": "Feature",
      "properties": {
        "@id": "way/1234854283",
        "footway": "sidewalk",
        "highway": "footway"
      },
      "geometry": {
        "type": "LineString",
        "coordinates": [
          [
            73.8308788,
            18.5082774
          ],
          [
            73.8310138,
            18.5083479
          ],
          [
            73.8311565,
            18.5084224
          ],
          [
            73.8312558,
            18.5084624
          ],
          [
            73.8312936,
            18.5084682
          ],
          [
            73.8313256,
            18.508467
          ],
          [
            73.8313456,
            18.508458
          ],
          [
            73.8313727,
            18.5084149
          ],
          [
            73.8315716,
            18.5080768
          ]
        ]
      },
      "id": "way/1234854283"
    },
    {
      "type": "Feature",
      "properties": {
        "@id": "way/1234854284",
        "footway": "sidewalk",
        "highway": "footway"
      },
      "geometry": {
        "type": "LineString",
        "coordinates": [
          [
            73.8304752,
            18.5091775
          ],
          [
            73.8307607,
            18.5086974
          ],
          [
            73.8308184,
            18.5086254
          ],
          [
            73.8308657,
            18.5086096
          ],
          [
            73.8309183,
            18.5086102
          ],
          [
            73.8309956,
            18.508638
          ],
          [
            73.8312025,
            18.5087415
          ],
          [
            73.8314029,
            18.5088418
          ],
          [
            73.8314307,
            18.5088559
          ],
          [
            73.8318674,
            18.5090775
          ]
        ]
      },
      "id": "way/1234854284"
    },
    {
      "type": "Feature",
      "properties": {
        "@id": "way/1234854285",
        "crossing": "marked",
        "crossing:markings": "yes",
        "footway": "crossing",
        "highway": "footway"
      },
      "geometry": {
        "type": "LineString",
        "coordinates": [
          [
            73.8315673,
            18.5086127
          ],
          [
            73.8315275,
            18.5086835
          ],
          [
            73.8314496,
            18.5088223
          ],
          [
            73.8314307,
            18.5088559
          ]
        ]
      },
      "id": "way/1234854285"
    },
    {
      "type": "Feature",
      "properties": {
        "@id": "way/1234854286",
        "footway": "sidewalk",
        "highway": "footway"
      },
      "geometry": {
        "type": "LineString",
        "coordinates": [
          [
            73.8315749,
            18.5085991
          ],
          [
            73.8315673,
            18.5086127
          ]
        ]
      },
      "id": "way/1234854286"
    },
    {
      "type": "Feature",
      "properties": {
        "@id": "way/1234854287",
        "crossing": "marked",
        "crossing:markings": "yes",
        "footway": "crossing",
        "highway": "footway"
      },
      "geometry": {
        "type": "LineString",
        "coordinates": [
          [
            73.8312025,
            18.5087415
          ],
          [
            73.831221,
            18.5087046
          ],
          [
            73.8312923,
            18.5085624
          ],
          [
            73.8313275,
            18.5084921
          ]
        ]
      },
      "id": "way/1234854287"
    },
    {
      "type": "Feature",
      "properties": {
        "@id": "way/1234854288",
        "footway": "sidewalk",
        "highway": "footway"
      },
      "geometry": {
        "type": "LineString",
        "coordinates": [
          [
            73.8313275,
            18.5084921
          ],
          [
            73.8313456,
            18.508458
          ]
        ]
      },
      "id": "way/1234854288"
    },
    {
      "type": "Feature",
      "properties": {
        "@id": "way/1234854289",
        "crossing": "marked",
        "crossing:markings": "yes",
        "footway": "crossing",
        "highway": "footway"
      },
      "geometry": {
        "type": "LineString",
        "coordinates": [
          [
            73.8313275,
            18.5084921
          ],
          [
            73.8313393,
            18.508498
          ],
          [
            73.8314106,
            18.5085339
          ],
          [
            73.8314904,
            18.5085741
          ],
          [
            73.8315673,
            18.5086127
          ]
        ]
      },
      "id": "way/1234854289"
    },
    {
      "type": "Feature",
      "properties": {
        "@id": "way/1234855065",
        "footway": "sidewalk",
        "highway": "footway"
      },
      "geometry": {
        "type": "LineString",
        "coordinates": [
          [
            73.8301908,
            18.5082337
          ],
          [
            73.8304985,
            18.5083883
          ],
          [
            73.8306707,
            18.5084766
          ],
          [
            73.8306848,
            18.5085025
          ],
          [
            73.8306918,
            18.5085425
          ],
          [
            73.8306769,
            18.508585
          ],
          [
            73.8304167,
            18.5090601
          ],
          [
            73.8303385,
            18.5092135
          ]
        ]
      },
      "id": "way/1234855065"
    },
    {
      "type": "Feature",
      "properties": {
        "@id": "way/1234855066",
        "footway": "sidewalk",
        "highway": "footway"
      },
      "geometry": {
        "type": "LineString",
        "coordinates": [
          [
            73.8304022,
            18.5080343
          ],
          [
            73.830797,
            18.5082357
          ],
          [
            73.8308788,
            18.5082774
          ]
        ]
      },
      "id": "way/1234855066"
    },
    {
      "type": "Feature",
      "properties": {
        "@id": "way/1234855067",
        "crossing": "marked",
        "crossing:markings": "yes",
        "footway": "crossing",
        "highway": "footway"
      },
      "geometry": {
        "type": "LineString",
        "coordinates": [
          [
            73.8308807,
            18.508583
          ],
          [
            73.8309043,
            18.5085415
          ],
          [
            73.8309827,
            18.5084029
          ],
          [
            73.8310138,
            18.5083479
          ]
        ]
      },
      "id": "way/1234855067"
    },
    {
      "type": "Feature",
      "properties": {
        "@id": "way/1234855068",
        "crossing": "marked",
        "crossing:markings": "yes",
        "footway": "crossing",
        "highway": "footway"
      },
      "geometry": {
        "type": "LineString",
        "coordinates": [
          [
            73.8306707,
            18.5084766
          ],
          [
            73.8306936,
            18.508433
          ],
          [
            73.8307674,
            18.5082921
          ],
          [
            73.830797,
            18.5082357
          ]
        ]
      },
      "id": "way/1234855068"
    },
    {
      "type": "Feature",
      "properties": {
        "@id": "way/1234855069",
        "crossing": "marked",
        "crossing:markings": "yes",
        "footway": "crossing",
        "highway": "footway"
      },
      "geometry": {
        "type": "LineString",
        "coordinates": [
          [
            73.8306707,
            18.5084766
          ],
          [
            73.8307778,
            18.5085308
          ],
          [
            73.8308807,
            18.508583
          ]
        ]
      },
      "id": "way/1234855069"
    },
    {
      "type": "Feature",
      "properties": {
        "@id": "way/1234855070",
        "footway": "sidewalk",
        "highway": "footway"
      },
      "geometry": {
        "type": "LineString",
        "coordinates": [
          [
            73.8308657,
            18.5086096
          ],
          [
            73.8308807,
            18.508583
          ]
        ]
      },
      "id": "way/1234855070"
    },
    {
      "type": "Feature",
      "properties": {
        "@id": "way/1234862400",
        "crossing": "marked",
        "crossing:markings": "yes",
        "footway": "crossing",
        "highway": "footway"
      },
      "geometry": {
        "type": "LineString",
        "coordinates": [
          [
            73.8436611,
            18.5127439
          ],
          [
            73.8436903,
            18.512779
          ],
          [
            73.8437732,
            18.5128789
          ],
          [
            73.8438809,
            18.5130091
          ]
        ]
      },
      "id": "way/1234862400"
    },
    {
      "type": "Feature",
      "properties": {
        "@id": "way/1234862401",
        "footway": "sidewalk",
        "highway": "footway"
      },
      "geometry": {
        "type": "LineString",
        "coordinates": [
          [
            73.8448713,
            18.5128374
          ],
          [
            73.8442407,
            18.5127876
          ],
          [
            73.8441174,
            18.5127778
          ],
          [
            73.8440332,
            18.5127728
          ],
          [
            73.8440175,
            18.5127672
          ],
          [
            73.8439976,
            18.5127523
          ],
          [
            73.8439911,
            18.5127215
          ],
          [
            73.843987,
            18.5126577
          ],
          [
            73.8439743,
            18.5124609
          ],
          [
            73.8439706,
            18.5123498
          ],
          [
            73.843969,
            18.5123027
          ],
          [
            73.8439705,
            18.5122468
          ],
          [
            73.8439766,
            18.5122134
          ],
          [
            73.8440034,
            18.5121771
          ],
          [
            73.8440271,
            18.512151
          ],
          [
            73.8441457,
            18.5120066
          ],
          [
            73.8442177,
            18.5119209
          ],
          [
            73.8442927,
            18.5118571
          ],
          [
            73.8444169,
            18.5118007
          ]
        ]
      },
      "id": "way/1234862401"
    },
    {
      "type": "Feature",
      "properties": {
        "@id": "way/1234862402",
        "crossing": "marked",
        "crossing:markings": "yes",
        "footway": "crossing",
        "highway": "footway"
      },
      "geometry": {
        "type": "LineString",
        "coordinates": [
          [
            73.8442364,
            18.5128181
          ],
          [
            73.844221,
            18.5129572
          ],
          [
            73.844218,
            18.5129829
          ]
        ]
      },
      "id": "way/1234862402"
    },
    {
      "type": "Feature",
      "properties": {
        "@id": "way/1234862403",
        "crossing": "marked",
        "crossing:markings": "yes",
        "footway": "crossing",
        "highway": "footway"
      },
      "geometry": {
        "type": "LineString",
        "coordinates": [
          [
            73.8437368,
            18.5126287
          ],
          [
            73.8437729,
            18.5126329
          ],
          [
            73.8439041,
            18.5126481
          ],
          [
            73.8439626,
            18.5126549
          ]
        ]
      },
      "id": "way/1234862403"
    },
    {
      "type": "Feature",
      "properties": {
        "@id": "way/1234862404",
        "footway": "sidewalk",
        "highway": "footway"
      },
      "geometry": {
        "type": "LineString",
        "coordinates": [
          [
            73.8439626,
            18.5126549
          ],
          [
            73.843987,
            18.5126577
          ]
        ]
      },
      "id": "way/1234862404"
    },
    {
      "type": "Feature",
      "properties": {
        "@id": "way/1234862405",
        "footway": "sidewalk",
        "highway": "footway"
      },
      "geometry": {
        "type": "LineString",
        "coordinates": [
          [
            73.8437006,
            18.5126245
          ],
          [
            73.8437368,
            18.5126287
          ]
        ]
      },
      "id": "way/1234862405"
    },
    {
      "type": "Feature",
      "properties": {
        "@id": "way/1234862406",
        "footway": "sidewalk",
        "highway": "footway"
      },
      "geometry": {
        "type": "LineString",
        "coordinates": [
          [
            73.8436425,
            18.5127215
          ],
          [
            73.8436611,
            18.5127439
          ]
        ]
      },
      "id": "way/1234862406"
    },
    {
      "type": "Feature",
      "properties": {
        "@id": "way/1234862407",
        "footway": "sidewalk",
        "highway": "footway"
      },
      "geometry": {
        "type": "LineString",
        "coordinates": [
          [
            73.8438809,
            18.5130091
          ],
          [
            73.8439246,
            18.5130611
          ]
        ]
      },
      "id": "way/1234862407"
    },
    {
      "type": "Feature",
      "properties": {
        "@id": "way/1234862408",
        "crossing": "marked",
        "crossing:markings": "yes",
        "footway": "crossing",
        "highway": "footway"
      },
      "geometry": {
        "type": "LineString",
        "coordinates": [
          [
            73.8441814,
            18.5130238
          ],
          [
            73.8441106,
            18.5130559
          ],
          [
            73.8440496,
            18.5130835
          ]
        ]
      },
      "id": "way/1234862408"
    },
    {
      "type": "Feature",
      "properties": {
        "@id": "way/1234862409",
        "footway": "sidewalk",
        "highway": "footway"
      },
      "geometry": {
        "type": "LineString",
        "coordinates": [
          [
            73.844218,
            18.5129829
          ],
          [
            73.844215,
            18.5130086
          ],
          [
            73.8441814,
            18.5130238
          ]
        ]
      },
      "id": "way/1234862409"
    },
    {
      "type": "Feature",
      "properties": {
        "@id": "way/1234862410",
        "footway": "sidewalk",
        "highway": "footway"
      },
      "geometry": {
        "type": "LineString",
        "coordinates": [
          [
            73.8440496,
            18.5130835
          ],
          [
            73.8440146,
            18.5130994
          ]
        ]
      },
      "id": "way/1234862410"
    },
    {
      "type": "Feature",
      "properties": {
        "@id": "way/1234862411",
        "footway": "sidewalk",
        "highway": "footway"
      },
      "geometry": {
        "type": "LineString",
        "coordinates": [
          [
            73.8442407,
            18.5127876
          ],
          [
            73.8442364,
            18.5128181
          ]
        ]
      },
      "id": "way/1234862411"
    },
    {
      "type": "Feature",
      "properties": {
        "@id": "way/1234869241",
        "footway": "sidewalk",
        "highway": "footway"
      },
      "geometry": {
        "type": "LineString",
        "coordinates": [
          [
            73.8435448,
            18.5116697
          ],
          [
            73.8436775,
            18.5118315
          ],
          [
            73.8438041,
            18.5119949
          ],
          [
            73.8438173,
            18.5120157
          ],
          [
            73.8438322,
            18.5120341
          ],
          [
            73.8438533,
            18.5120324
          ],
          [
            73.8439289,
            18.5119649
          ],
          [
            73.8441715,
            18.5117932
          ],
          [
            73.8443077,
            18.5117291
          ]
        ]
      },
      "id": "way/1234869241"
    },
    {
      "type": "Feature",
      "properties": {
        "@id": "way/1234869242",
        "footway": "sidewalk",
        "highway": "footway"
      },
      "geometry": {
        "type": "LineString",
        "coordinates": [
          [
            73.8435348,
            18.5119909
          ],
          [
            73.843623,
            18.5121158
          ],
          [
            73.8436729,
            18.5122192
          ],
          [
            73.8436889,
            18.5122525
          ],
          [
            73.8436977,
            18.5123638
          ]
        ]
      },
      "id": "way/1234869242"
    },
    {
      "type": "Feature",
      "properties": {
        "@id": "way/1234869243",
        "crossing": "marked",
        "crossing:markings": "yes",
        "footway": "crossing",
        "highway": "footway"
      },
      "geometry": {
        "type": "LineString",
        "coordinates": [
          [
            73.8436729,
            18.5122192
          ],
          [
            73.8437186,
            18.5121822
          ],
          [
            73.8438038,
            18.5121131
          ],
          [
            73.8438392,
            18.5120841
          ]
        ]
      },
      "id": "way/1234869243"
    },
    {
      "type": "Feature",
      "properties": {
        "@id": "way/1234869244",
        "crossing": "marked",
        "crossing:markings": "yes",
        "footway": "crossing",
        "highway": "footway"
      },
      "geometry": {
        "type": "LineString",
        "coordinates": [
          [
            73.8438392,
            18.5120841
          ],
          [
            73.8438625,
            18.512113
          ],
          [
            73.8439042,
            18.5121646
          ],
          [
            73.8439705,
            18.5122468
          ]
        ]
      },
      "id": "way/1234869244"
    },
    {
      "type": "Feature",
      "properties": {
        "@id": "way/1234869245",
        "crossing": "marked",
        "crossing:markings": "yes",
        "footway": "crossing",
        "highway": "footway"
      },
      "geometry": {
        "type": "LineString",
        "coordinates": [
          [
            73.8437005,
            18.5123998
          ],
          [
            73.8437796,
            18.5123852
          ],
          [
            73.8438925,
            18.5123643
          ],
          [
            73.8439706,
            18.5123498
          ]
        ]
      },
      "id": "way/1234869245"
    },
    {
      "type": "Feature",
      "properties": {
        "@id": "way/1234869246",
        "footway": "sidewalk",
        "highway": "footway"
      },
      "geometry": {
        "type": "LineString",
        "coordinates": [
          [
            73.8438533,
            18.5120324
          ],
          [
            73.8438392,
            18.5120841
          ]
        ]
      },
      "id": "way/1234869246"
    },
    {
      "type": "Feature",
      "properties": {
        "@id": "way/1234869247",
        "footway": "sidewalk",
        "highway": "footway"
      },
      "geometry": {
        "type": "LineString",
        "coordinates": [
          [
            73.8435448,
            18.5116697
          ],
          [
            73.8434696,
            18.5116033
          ],
          [
            73.8434161,
            18.511557
          ],
          [
            73.8433761,
            18.5115005
          ],
          [
            73.8433341,
            18.5114202
          ],
          [
            73.8433226,
            18.5113694
          ],
          [
            73.8433175,
            18.5113254
          ]
        ]
      },
      "id": "way/1234869247"
    },
    {
      "type": "Feature",
      "properties": {
        "@id": "way/1234869248",
        "footway": "sidewalk",
        "highway": "footway"
      },
      "geometry": {
        "type": "LineString",
        "coordinates": [
          [
            73.8430938,
            18.5111474
          ],
          [
            73.843102,
            18.510911
          ],
          [
            73.8431281,
            18.5105847
          ]
        ]
      },
      "id": "way/1234869248"
    },
    {
      "type": "Feature",
      "properties": {
        "@id": "way/1234869249",
        "footway": "sidewalk",
        "highway": "footway"
      },
      "geometry": {
        "type": "LineString",
        "coordinates": [
          [
            73.8431634,
            18.5115454
          ],
          [
            73.8431115,
            18.5114173
          ],
          [
            73.8430911,
            18.5113325
          ]
        ]
      },
      "id": "way/1234869249"
    },
    {
      "type": "Feature",
      "properties": {
        "@id": "way/1234869250",
        "crossing": "marked",
        "crossing:markings": "yes",
        "footway": "crossing",
        "highway": "footway"
      },
      "geometry": {
        "type": "LineString",
        "coordinates": [
          [
            73.8430911,
            18.5113325
          ],
          [
            73.8430925,
            18.5112367
          ],
          [
            73.8430938,
            18.5111474
          ]
        ]
      },
      "id": "way/1234869250"
    },
    {
      "type": "Feature",
      "properties": {
        "@id": "way/1234869251",
        "footway": "sidewalk",
        "highway": "footway"
      },
      "geometry": {
        "type": "LineString",
        "coordinates": [
          [
            73.8433144,
            18.5111564
          ],
          [
            73.8433144,
            18.5110938
          ],
          [
            73.843322,
            18.5109119
          ]
        ]
      },
      "id": "way/1234869251"
    },
    {
      "type": "Feature",
      "properties": {
        "@id": "way/1234869252",
        "crossing": "marked",
        "crossing:markings": "yes",
        "footway": "crossing",
        "highway": "footway"
      },
      "geometry": {
        "type": "LineString",
        "coordinates": [
          [
            73.8433175,
            18.5113254
          ],
          [
            73.8433144,
            18.5112528
          ],
          [
            73.8433144,
            18.5111564
          ]
        ]
      },
      "id": "way/1234869252"
    },
    {
      "type": "Feature",
      "properties": {
        "@id": "way/1234869253",
        "crossing": "marked",
        "crossing:markings": "yes",
        "footway": "crossing",
        "highway": "footway"
      },
      "geometry": {
        "type": "LineString",
        "coordinates": [
          [
            73.8430911,
            18.5113325
          ],
          [
            73.8431714,
            18.51133
          ],
          [
            73.8432633,
            18.5113271
          ],
          [
            73.8433175,
            18.5113254
          ]
        ]
      },
      "id": "way/1234869253"
    },
    {
      "type": "Feature",
      "properties": {
        "@id": "way/1234869254",
        "crossing": "marked",
        "crossing:markings": "yes",
        "footway": "crossing",
        "highway": "footway"
      },
      "geometry": {
        "type": "LineString",
        "coordinates": [
          [
            73.8430938,
            18.5111474
          ],
          [
            73.8431581,
            18.51115
          ],
          [
            73.8432605,
            18.5111542
          ],
          [
            73.8433144,
            18.5111564
          ]
        ]
      },
      "id": "way/1234869254"
    },
    {
      "type": "Feature",
      "properties": {
        "@id": "way/1234870127",
        "footway": "sidewalk",
        "highway": "footway"
      },
      "geometry": {
        "type": "LineString",
        "coordinates": [
          [
            73.8435397,
            18.5098913
          ],
          [
            73.843591,
            18.5097119
          ],
          [
            73.8436086,
            18.5096622
          ],
          [
            73.843616,
            18.5096415
          ],
          [
            73.8436344,
            18.5096266
          ],
          [
            73.8436593,
            18.5096133
          ],
          [
            73.8436771,
            18.5096111
          ],
          [
            73.8437247,
            18.5096052
          ],
          [
            73.8439504,
            18.5096251
          ],
          [
            73.8444571,
            18.5096711
          ],
          [
            73.8453903,
            18.5097722
          ],
          [
            73.8460922,
            18.5098375
          ]
        ]
      },
      "id": "way/1234870127"
    },
    {
      "type": "Feature",
      "properties": {
        "@id": "way/1234870128",
        "footway": "sidewalk",
        "highway": "footway"
      },
      "geometry": {
        "type": "LineString",
        "coordinates": [
          [
            73.842608,
            18.5094277
          ],
          [
            73.8434204,
            18.5095037
          ],
          [
            73.8434552,
            18.5094942
          ],
          [
            73.8434699,
            18.5094841
          ],
          [
            73.8434782,
            18.5094634
          ],
          [
            73.8435527,
            18.5092036
          ]
        ]
      },
      "id": "way/1234870128"
    },
    {
      "type": "Feature",
      "properties": {
        "@id": "way/1234870129",
        "footway": "sidewalk",
        "highway": "footway"
      },
      "geometry": {
        "type": "LineString",
        "coordinates": [
          [
            73.8447624,
            18.509641
          ],
          [
            73.8437456,
            18.5095303
          ],
          [
            73.843709,
            18.5095135
          ],
          [
            73.8436972,
            18.5094945
          ],
          [
            73.8436958,
            18.5094862
          ],
          [
            73.8436902,
            18.509452
          ],
          [
            73.8439011,
            18.5088606
          ]
        ]
      },
      "id": "way/1234870129"
    },
    {
      "type": "Feature",
      "properties": {
        "@id": "way/1234870376",
        "crossing": "marked",
        "crossing:markings": "yes",
        "footway": "crossing",
        "highway": "footway"
      },
      "geometry": {
        "type": "LineString",
        "coordinates": [
          [
            73.8434782,
            18.5094634
          ],
          [
            73.8435437,
            18.5094703
          ],
          [
            73.8436316,
            18.5094794
          ],
          [
            73.8436958,
            18.5094862
          ]
        ]
      },
      "id": "way/1234870376"
    },
    {
      "type": "Feature",
      "properties": {
        "@id": "way/1234870377",
        "crossing": "marked",
        "crossing:markings": "yes",
        "footway": "crossing",
        "highway": "footway"
      },
      "geometry": {
        "type": "LineString",
        "coordinates": [
          [
            73.8433968,
            18.5096382
          ],
          [
            73.8434891,
            18.5096487
          ],
          [
            73.8435685,
            18.5096577
          ],
          [
            73.8436086,
            18.5096622
          ]
        ]
      },
      "id": "way/1234870377"
    },
    {
      "type": "Feature",
      "properties": {
        "@id": "way/1234870378",
        "crossing": "marked",
        "crossing:markings": "yes",
        "footway": "crossing",
        "highway": "footway"
      },
      "geometry": {
        "type": "LineString",
        "coordinates": [
          [
            73.8434204,
            18.5095037
          ],
          [
            73.8434135,
            18.5095336
          ],
          [
            73.8434053,
            18.5095695
          ]
        ]
      },
      "id": "way/1234870378"
    },
    {
      "type": "Feature",
      "properties": {
        "@id": "way/1234870379",
        "crossing": "marked",
        "crossing:markings": "yes",
        "footway": "crossing",
        "highway": "footway"
      },
      "geometry": {
        "type": "LineString",
        "coordinates": [
          [
            73.843709,
            18.5095135
          ],
          [
            73.8436934,
            18.5095613
          ],
          [
            73.8436771,
            18.5096111
          ]
        ]
      },
      "id": "way/1234870379"
    },
    {
      "type": "Feature",
      "properties": {
        "@id": "way/1234870872",
        "footway": "sidewalk",
        "highway": "footway"
      },
      "geometry": {
        "type": "LineString",
        "coordinates": [
          [
            73.8439011,
            18.5088606
          ],
          [
            73.8441082,
            18.5083631
          ],
          [
            73.8441107,
            18.5083572
          ],
          [
            73.8441214,
            18.5083502
          ],
          [
            73.844133,
            18.5083453
          ],
          [
            73.8441418,
            18.5083424
          ],
          [
            73.8441994,
            18.5083468
          ],
          [
            73.8447618,
            18.5084068
          ]
        ]
      },
      "id": "way/1234870872"
    },
    {
      "type": "Feature",
      "properties": {
        "@id": "way/1234870873",
        "footway": "sidewalk",
        "highway": "footway"
      },
      "geometry": {
        "type": "LineString",
        "coordinates": [
          [
            73.8436554,
            18.5089194
          ],
          [
            73.8437738,
            18.508617
          ],
          [
            73.8438683,
            18.5084008
          ],
          [
            73.8438981,
            18.5083287
          ],
          [
            73.8439022,
            18.5083034
          ],
          [
            73.8438919,
            18.5082907
          ],
          [
            73.8438662,
            18.508283
          ],
          [
            73.843469,
            18.5082134
          ]
        ]
      },
      "id": "way/1234870873"
    },
    {
      "type": "Feature",
      "properties": {
        "@id": "way/1234870874",
        "footway": "sidewalk",
        "highway": "footway"
      },
      "geometry": {
        "type": "LineString",
        "coordinates": [
          [
            73.8442106,
            18.5079477
          ],
          [
            73.8441521,
            18.5081859
          ],
          [
            73.8441451,
            18.5082273
          ],
          [
            73.8441467,
            18.5082428
          ],
          [
            73.8441622,
            18.5082583
          ],
          [
            73.8441794,
            18.5082701
          ],
          [
            73.844349,
            18.5082989
          ],
          [
            73.8445195,
            18.5083136
          ],
          [
            73.8451223,
            18.5083515
          ]
        ]
      },
      "id": "way/1234870874"
    },
    {
      "type": "Feature",
      "properties": {
        "@id": "way/1234870875",
        "footway": "sidewalk",
        "highway": "footway"
      },
      "geometry": {
        "type": "LineString",
        "coordinates": [
          [
            73.8428836,
            18.50803
          ],
          [
            73.843568,
            18.5081439
          ],
          [
            73.843798,
            18.5081842
          ],
          [
            73.8438954,
            18.5081987
          ],
          [
            73.8439284,
            18.5082004
          ],
          [
            73.8439526,
            18.5081931
          ],
          [
            73.8439644,
            18.5081797
          ],
          [
            73.8439768,
            18.5081377
          ],
          [
            73.8441154,
            18.5075901
          ],
          [
            73.8441318,
            18.507517
          ]
        ]
      },
      "id": "way/1234870875"
    },
    {
      "type": "Feature",
      "properties": {
        "@id": "way/1234871429",
        "crossing": "marked",
        "crossing:markings": "yes",
        "footway": "crossing",
        "highway": "footway"
      },
      "geometry": {
        "type": "LineString",
        "coordinates": [
          [
            73.8439644,
            18.5081797
          ],
          [
            73.8439963,
            18.5081881
          ],
          [
            73.8440951,
            18.5082141
          ],
          [
            73.8441451,
            18.5082273
          ]
        ]
      },
      "id": "way/1234871429"
    },
    {
      "type": "Feature",
      "properties": {
        "@id": "way/1234871430",
        "crossing": "marked",
        "crossing:markings": "yes",
        "footway": "crossing",
        "highway": "footway"
      },
      "geometry": {
        "type": "LineString",
        "coordinates": [
          [
            73.8439022,
            18.5083034
          ],
          [
            73.8439567,
            18.5083192
          ],
          [
            73.844055,
            18.5083477
          ],
          [
            73.8441082,
            18.5083631
          ]
        ]
      },
      "id": "way/1234871430"
    },
    {
      "type": "Feature",
      "properties": {
        "@id": "way/1234871431",
        "crossing": "marked",
        "crossing:markings": "yes",
        "footway": "crossing",
        "highway": "footway"
      },
      "geometry": {
        "type": "LineString",
        "coordinates": [
          [
            73.8439284,
            18.5082004
          ],
          [
            73.8439118,
            18.5082414
          ],
          [
            73.8438919,
            18.5082907
          ]
        ]
      },
      "id": "way/1234871431"
    },
    {
      "type": "Feature",
      "properties": {
        "@id": "way/1234871432",
        "crossing": "marked",
        "crossing:markings": "yes",
        "footway": "crossing",
        "highway": "footway"
      },
      "geometry": {
        "type": "LineString",
        "coordinates": [
          [
            73.8441622,
            18.5082583
          ],
          [
            73.8441507,
            18.5082923
          ],
          [
            73.844133,
            18.5083453
          ]
        ]
      },
      "id": "way/1234871432"
    },
    {
      "type": "Feature",
      "properties": {
        "@id": "way/1234871433",
        "footway": "sidewalk",
        "highway": "footway"
      },
      "geometry": {
        "type": "LineString",
        "coordinates": [
          [
            73.8442106,
            18.5079477
          ],
          [
            73.8443065,
            18.5075899
          ],
          [
            73.8443201,
            18.5075546
          ],
          [
            73.8443301,
            18.5075285
          ],
          [
            73.8443445,
            18.507513
          ],
          [
            73.8443602,
            18.5075051
          ],
          [
            73.8443787,
            18.5074984
          ],
          [
            73.8444184,
            18.5075003
          ],
          [
            73.8448028,
            18.5075478
          ]
        ]
      },
      "id": "way/1234871433"
    },
    {
      "type": "Feature",
      "properties": {
        "@id": "way/1234871434",
        "footway": "sidewalk",
        "highway": "footway"
      },
      "geometry": {
        "type": "LineString",
        "coordinates": [
          [
            73.8441608,
            18.5073912
          ],
          [
            73.8441724,
            18.5073416
          ],
          [
            73.8442079,
            18.5071896
          ],
          [
            73.8442816,
            18.5069102
          ]
        ]
      },
      "id": "way/1234871434"
    },
    {
      "type": "Feature",
      "properties": {
        "@id": "way/1234871435",
        "footway": "sidewalk",
        "highway": "footway"
      },
      "geometry": {
        "type": "LineString",
        "coordinates": [
          [
            73.8443892,
            18.5072723
          ],
          [
            73.844368,
            18.5073556
          ],
          [
            73.8443666,
            18.5073813
          ],
          [
            73.8443774,
            18.5073973
          ],
          [
            73.8444039,
            18.507407
          ],
          [
            73.8447609,
            18.5074333
          ],
          [
            73.8451383,
            18.5074722
          ]
        ]
      },
      "id": "way/1234871435"
    },
    {
      "type": "Feature",
      "properties": {
        "@id": "way/1234871436",
        "crossing": "marked",
        "crossing:markings": "yes",
        "footway": "crossing",
        "highway": "footway"
      },
      "geometry": {
        "type": "LineString",
        "coordinates": [
          [
            73.8441318,
            18.507517
          ],
          [
            73.8441695,
            18.5075245
          ],
          [
            73.8442697,
            18.5075445
          ],
          [
            73.8443201,
            18.5075546
          ]
        ]
      },
      "id": "way/1234871436"
    },
    {
      "type": "Feature",
      "properties": {
        "@id": "way/1234871437",
        "crossing": "marked",
        "crossing:markings": "yes",
        "footway": "crossing",
        "highway": "footway"
      },
      "geometry": {
        "type": "LineString",
        "coordinates": [
          [
            73.8441724,
            18.5073416
          ],
          [
            73.8442157,
            18.5073504
          ],
          [
            73.8443152,
            18.5073708
          ],
          [
            73.8443666,
            18.5073813
          ]
        ]
      },
      "id": "way/1234871437"
    },
    {
      "type": "Feature",
      "properties": {
        "@id": "way/1234871438",
        "crossing": "marked",
        "crossing:markings": "yes",
        "footway": "crossing",
        "highway": "footway"
      },
      "geometry": {
        "type": "LineString",
        "coordinates": [
          [
            73.8441404,
            18.5074785
          ],
          [
            73.8441608,
            18.5073912
          ]
        ]
      },
      "id": "way/1234871438"
    },
    {
      "type": "Feature",
      "properties": {
        "@id": "way/1234871439",
        "crossing": "marked",
        "crossing:markings": "yes",
        "footway": "crossing",
        "highway": "footway"
      },
      "geometry": {
        "type": "LineString",
        "coordinates": [
          [
            73.8441318,
            18.507517
          ],
          [
            73.8441404,
            18.5074785
          ]
        ]
      },
      "id": "way/1234871439"
    },
    {
      "type": "Feature",
      "properties": {
        "@id": "way/1234871440",
        "crossing": "marked",
        "crossing:markings": "yes",
        "footway": "crossing",
        "highway": "footway"
      },
      "geometry": {
        "type": "LineString",
        "coordinates": [
          [
            73.8443774,
            18.5073973
          ],
          [
            73.8443651,
            18.5074408
          ],
          [
            73.8443445,
            18.507513
          ]
        ]
      },
      "id": "way/1234871440"
    },
    {
      "type": "Feature",
      "properties": {
        "@id": "way/1234872162",
        "footway": "sidewalk",
        "highway": "footway"
      },
      "geometry": {
        "type": "LineString",
        "coordinates": [
          [
            73.8446851,
            18.5054437
          ],
          [
            73.8447382,
            18.5052378
          ],
          [
            73.8447398,
            18.5052173
          ],
          [
            73.8447341,
            18.5052012
          ],
          [
            73.8447268,
            18.5051836
          ],
          [
            73.8447056,
            18.5051607
          ],
          [
            73.8446938,
            18.5051513
          ],
          [
            73.8446381,
            18.5051282
          ],
          [
            73.8444005,
            18.5050688
          ]
        ]
      },
      "id": "way/1234872162"
    },
    {
      "type": "Feature",
      "properties": {
        "@id": "way/1234872662",
        "footway": "sidewalk",
        "highway": "footway"
      },
      "geometry": {
        "type": "LineString",
        "coordinates": [
          [
            73.8448582,
            18.5054978
          ],
          [
            73.8449354,
            18.5052367
          ],
          [
            73.8449925,
            18.5050439
          ],
          [
            73.8450308,
            18.5049148
          ],
          [
            73.8451931,
            18.5044395
          ]
        ]
      },
      "id": "way/1234872662"
    },
    {
      "type": "Feature",
      "properties": {
        "@id": "way/1234872663",
        "footway": "sidewalk",
        "highway": "footway"
      },
      "geometry": {
        "type": "LineString",
        "coordinates": [
          [
            73.8441589,
            18.5048957
          ],
          [
            73.8443843,
            18.5049428
          ],
          [
            73.8446768,
            18.5050076
          ],
          [
            73.8447582,
            18.5050188
          ],
          [
            73.8447859,
            18.5050088
          ],
          [
            73.8447975,
            18.5049944
          ],
          [
            73.8448,
            18.5049863
          ],
          [
            73.8448365,
            18.5048695
          ]
        ]
      },
      "id": "way/1234872663"
    },
    {
      "type": "Feature",
      "properties": {
        "@id": "way/1234872664",
        "crossing": "marked",
        "crossing:markings": "yes",
        "footway": "crossing",
        "highway": "footway"
      },
      "geometry": {
        "type": "LineString",
        "coordinates": [
          [
            73.8449354,
            18.5052367
          ],
          [
            73.8448829,
            18.5052234
          ],
          [
            73.8447836,
            18.5051981
          ],
          [
            73.8447268,
            18.5051836
          ]
        ]
      },
      "id": "way/1234872664"
    },
    {
      "type": "Feature",
      "properties": {
        "@id": "way/1234872665",
        "crossing": "marked",
        "crossing:markings": "yes",
        "footway": "crossing",
        "highway": "footway"
      },
      "geometry": {
        "type": "LineString",
        "coordinates": [
          [
            73.8449925,
            18.5050439
          ],
          [
            73.8449446,
            18.5050295
          ],
          [
            73.8448467,
            18.5050003
          ],
          [
            73.8448,
            18.5049863
          ]
        ]
      },
      "id": "way/1234872665"
    },
    {
      "type": "Feature",
      "properties": {
        "@id": "way/1234872666",
        "crossing": "marked",
        "crossing:markings": "yes",
        "footway": "crossing",
        "highway": "footway"
      },
      "geometry": {
        "type": "LineString",
        "coordinates": [
          [
            73.8447859,
            18.5050088
          ],
          [
            73.84475,
            18.5051151
          ],
          [
            73.8447268,
            18.5051836
          ]
        ]
      },
      "id": "way/1234872666"
    },
    {
      "type": "Feature",
      "properties": {
        "@id": "way/1234874493",
        "footway": "sidewalk",
        "highway": "footway"
      },
      "geometry": {
        "type": "LineString",
        "coordinates": [
          [
            73.8453554,
            18.5037576
          ],
          [
            73.8454276,
            18.503413
          ],
          [
            73.8454518,
            18.5032975
          ],
          [
            73.8454619,
            18.5032788
          ],
          [
            73.8454951,
            18.5032621
          ],
          [
            73.8455405,
            18.5032621
          ],
          [
            73.8456608,
            18.5032817
          ],
          [
            73.8457025,
            18.5032885
          ],
          [
            73.8458007,
            18.5033296
          ],
          [
            73.8458972,
            18.5033987
          ],
          [
            73.8459945,
            18.5034684
          ],
          [
            73.846276,
            18.5036631
          ]
        ]
      },
      "id": "way/1234874493"
    },
    {
      "type": "Feature",
      "properties": {
        "@id": "way/1234874494",
        "footway": "sidewalk",
        "highway": "footway"
      },
      "geometry": {
        "type": "LineString",
        "coordinates": [
          [
            73.8459483,
            18.5033097
          ],
          [
            73.8457446,
            18.5031402
          ],
          [
            73.8455589,
            18.5029397
          ],
          [
            73.8455264,
            18.5028831
          ],
          [
            73.8455007,
            18.5028253
          ],
          [
            73.8454979,
            18.5027879
          ],
          [
            73.8454939,
            18.5027354
          ],
          [
            73.8454998,
            18.5026905
          ]
        ]
      },
      "id": "way/1234874494"
    },
    {
      "type": "Feature",
      "properties": {
        "@id": "way/1234874495",
        "footway": "sidewalk",
        "highway": "footway"
      },
      "geometry": {
        "type": "LineString",
        "coordinates": [
          [
            73.8455818,
            18.5020682
          ],
          [
            73.8456606,
            18.5014785
          ],
          [
            73.8457012,
            18.5014245
          ],
          [
            73.8457393,
            18.5013955
          ],
          [
            73.8457703,
            18.5013719
          ],
          [
            73.8458679,
            18.5013243
          ],
          [
            73.845888,
            18.501321
          ],
          [
            73.8459235,
            18.5013153
          ],
          [
            73.8462057,
            18.5013118
          ]
        ]
      },
      "id": "way/1234874495"
    },
    {
      "type": "Feature",
      "properties": {
        "@id": "way/1234874496",
        "bridge": "yes",
        "footway": "sidewalk",
        "highway": "footway",
        "layer": "1"
      },
      "geometry": {
        "type": "LineString",
        "coordinates": [
          [
            73.8454998,
            18.5026905
          ],
          [
            73.8455603,
            18.502229
          ],
          [
            73.8455818,
            18.5020682
          ]
        ]
      },
      "id": "way/1234874496"
    },
    {
      "type": "Feature",
      "properties": {
        "@id": "way/1234874497",
        "footway": "sidewalk",
        "highway": "footway"
      },
      "geometry": {
        "type": "LineString",
        "coordinates": [
          [
            73.845383,
            18.502075
          ],
          [
            73.8454218,
            18.5018106
          ],
          [
            73.845484,
            18.5013466
          ],
          [
            73.8454705,
            18.5012914
          ],
          [
            73.8454176,
            18.5012348
          ],
          [
            73.8452337,
            18.5010979
          ]
        ]
      },
      "id": "way/1234874497"
    },
    {
      "type": "Feature",
      "properties": {
        "@id": "way/1234874498",
        "footway": "sidewalk",
        "highway": "footway"
      },
      "geometry": {
        "type": "LineString",
        "coordinates": [
          [
            73.8451389,
            18.5037185
          ],
          [
            73.845175,
            18.5033797
          ],
          [
            73.845184,
            18.5032353
          ],
          [
            73.8451954,
            18.5030507
          ],
          [
            73.8452173,
            18.5029586
          ],
          [
            73.8452629,
            18.5027669
          ],
          [
            73.8452862,
            18.502669
          ]
        ]
      },
      "id": "way/1234874498"
    },
    {
      "type": "Feature",
      "properties": {
        "@id": "way/1234874499",
        "bridge": "yes",
        "footway": "sidewalk",
        "highway": "footway",
        "layer": "1"
      },
      "geometry": {
        "type": "LineString",
        "coordinates": [
          [
            73.8452862,
            18.502669
          ],
          [
            73.8453349,
            18.5024017
          ],
          [
            73.845383,
            18.502075
          ]
        ]
      },
      "id": "way/1234874499"
    },
    {
      "type": "Feature",
      "properties": {
        "@id": "way/1234874500",
        "crossing": "marked",
        "crossing:markings": "yes",
        "footway": "crossing",
        "highway": "footway"
      },
      "geometry": {
        "type": "LineString",
        "coordinates": [
          [
            73.845175,
            18.5033797
          ],
          [
            73.8452338,
            18.5033874
          ],
          [
            73.845349,
            18.5034027
          ],
          [
            73.8454276,
            18.503413
          ]
        ]
      },
      "id": "way/1234874500"
    },
    {
      "type": "Feature",
      "properties": {
        "@id": "way/1234874501",
        "crossing": "marked",
        "crossing:markings": "yes",
        "footway": "crossing",
        "highway": "footway"
      },
      "geometry": {
        "type": "LineString",
        "coordinates": [
          [
            73.8456608,
            18.5032817
          ],
          [
            73.8456864,
            18.5032385
          ],
          [
            73.8457124,
            18.5031946
          ],
          [
            73.8457446,
            18.5031402
          ]
        ]
      },
      "id": "way/1234874501"
    },
    {
      "type": "Feature",
      "properties": {
        "@id": "way/1234874502",
        "crossing": "marked",
        "crossing:markings": "yes",
        "footway": "crossing",
        "highway": "footway"
      },
      "geometry": {
        "type": "LineString",
        "coordinates": [
          [
            73.8452629,
            18.5027669
          ],
          [
            73.8453161,
            18.5027716
          ],
          [
            73.8454151,
            18.5027805
          ],
          [
            73.8454979,
            18.5027879
          ]
        ]
      },
      "id": "way/1234874502"
    },
    {
      "type": "Feature",
      "properties": {
        "@id": "way/1234875165",
        "footway": "sidewalk",
        "highway": "footway"
      },
      "geometry": {
        "type": "LineString",
        "coordinates": [
          [
            73.8455099,
            18.5009412
          ],
          [
            73.8455512,
            18.5009702
          ],
          [
            73.8456289,
            18.5010247
          ],
          [
            73.8456933,
            18.5010518
          ],
          [
            73.8457559,
            18.501073
          ],
          [
            73.8458611,
            18.5010757
          ],
          [
            73.8459222,
            18.5010756
          ],
          [
            73.8464443,
            18.5010747
          ],
          [
            73.846801,
            18.501074
          ]
        ]
      },
      "id": "way/1234875165"
    },
    {
      "type": "Feature",
      "properties": {
        "@id": "way/1234875166",
        "crossing": "marked",
        "crossing:markings": "yes",
        "footway": "crossing",
        "highway": "footway"
      },
      "geometry": {
        "type": "LineString",
        "coordinates": [
          [
            73.8454176,
            18.5012348
          ],
          [
            73.8454692,
            18.5011325
          ],
          [
            73.8455139,
            18.5010439
          ],
          [
            73.8455512,
            18.5009702
          ]
        ]
      },
      "id": "way/1234875166"
    },
    {
      "type": "Feature",
      "properties": {
        "@id": "way/1234875167",
        "crossing": "marked",
        "crossing:markings": "yes",
        "footway": "crossing",
        "highway": "footway"
      },
      "geometry": {
        "type": "LineString",
        "coordinates": [
          [
            73.8459222,
            18.5010756
          ],
          [
            73.8459119,
            18.5011494
          ],
          [
            73.8459008,
            18.5012294
          ],
          [
            73.845888,
            18.501321
          ]
        ]
      },
      "id": "way/1234875167"
    },
    {
      "type": "Feature",
      "properties": {
        "@id": "way/1234875168",
        "crossing": "marked",
        "crossing:markings": "yes",
        "footway": "crossing",
        "highway": "footway"
      },
      "geometry": {
        "type": "LineString",
        "coordinates": [
          [
            73.845484,
            18.5013466
          ],
          [
            73.8455279,
            18.501355
          ],
          [
            73.8456212,
            18.5013729
          ],
          [
            73.8457393,
            18.5013955
          ]
        ]
      },
      "id": "way/1234875168"
    },
    {
      "type": "Feature",
      "properties": {
        "@id": "way/1252334945",
        "highway": "service",
        "maxspeed": "20",
        "surface": "paving_stones"
      },
      "geometry": {
        "type": "LineString",
        "coordinates": [
          [
            73.841291,
            18.5086383
          ],
          [
            73.8412728,
            18.5090198
          ]
        ]
      },
      "id": "way/1252334945"
    },
    {
      "type": "Feature",
      "properties": {
        "@id": "way/1292065135",
        "highway": "secondary_link"
      },
      "geometry": {
        "type": "LineString",
        "coordinates": [
          [
            73.8350735,
            18.5028503
          ],
          [
            73.8351575,
            18.5028545
          ]
        ]
      },
      "id": "way/1292065135"
    },
    {
      "type": "Feature",
      "properties": {
        "@id": "way/1292336664",
        "access": "private",
        "highway": "residential"
      },
      "geometry": {
        "type": "LineString",
        "coordinates": [
          [
            73.8493972,
            18.5002629
          ],
          [
            73.849341,
            18.5001856
          ],
          [
            73.8491837,
            18.4999633
          ],
          [
            73.8491666,
            18.4999444
          ],
          [
            73.8491394,
            18.4999408
          ],
          [
            73.8490418,
            18.5000019
          ],
          [
            73.8490326,
            18.5000171
          ],
          [
            73.8490397,
            18.5000376
          ]
        ]
      },
      "id": "way/1292336664"
    },
    {
      "type": "Feature",
      "properties": {
        "@id": "way/1292336665",
        "access": "private",
        "highway": "residential"
      },
      "geometry": {
        "type": "LineString",
        "coordinates": [
          [
            73.849241,
            18.5003638
          ],
          [
            73.8491936,
            18.5002871
          ],
          [
            73.8490397,
            18.5000376
          ]
        ]
      },
      "id": "way/1292336665"
    },
    {
      "type": "Feature",
      "properties": {
        "@id": "way/1293383277",
        "access": "private",
        "highway": "residential"
      },
      "geometry": {
        "type": "LineString",
        "coordinates": [
          [
            73.8322114,
            18.5044465
          ],
          [
            73.8322745,
            18.504537
          ],
          [
            73.832274,
            18.5045509
          ],
          [
            73.8322707,
            18.5045732
          ],
          [
            73.8320973,
            18.5047034
          ]
        ]
      },
      "id": "way/1293383277"
    },
    {
      "type": "Feature",
      "properties": {
        "@id": "way/1293386064",
        "highway": "service"
      },
      "geometry": {
        "type": "LineString",
        "coordinates": [
          [
            73.834953,
            18.5013071
          ],
          [
            73.8353748,
            18.5013372
          ],
          [
            73.8354533,
            18.5013515
          ],
          [
            73.8355135,
            18.5013634
          ],
          [
            73.835855,
            18.5013078
          ]
        ]
      },
      "id": "way/1293386064"
    },
    {
      "type": "Feature",
      "properties": {
        "@id": "way/1296619253",
        "highway": "residential",
        "oneway": "yes"
      },
      "geometry": {
        "type": "LineString",
        "coordinates": [
          [
            73.8421508,
            18.5044597
          ],
          [
            73.8421474,
            18.5046951
          ],
          [
            73.8421472,
            18.5047057
          ],
          [
            73.8421444,
            18.5048996
          ]
        ]
      },
      "id": "way/1296619253"
    },
    {
      "type": "Feature",
      "properties": {
        "@id": "way/1296619254",
        "highway": "residential",
        "name": "Kushaba Ganapati Ovhal Path",
        "name:mr": "कुशाबा गणपती ओव्हाळ पथ"
      },
      "geometry": {
        "type": "LineString",
        "coordinates": [
          [
            73.8431941,
            18.5044606
          ],
          [
            73.8426926,
            18.5044529
          ],
          [
            73.8421508,
            18.5044597
          ]
        ]
      },
      "id": "way/1296619254"
    },
    {
      "type": "Feature",
      "properties": {
        "@id": "way/1299281773",
        "access": "private",
        "highway": "residential"
      },
      "geometry": {
        "type": "LineString",
        "coordinates": [
          [
            73.8315194,
            18.5173864
          ],
          [
            73.8315504,
            18.5173683
          ],
          [
            73.8315646,
            18.517341
          ],
          [
            73.8315157,
            18.5171648
          ],
          [
            73.8314922,
            18.5171505
          ],
          [
            73.831461,
            18.5171497
          ],
          [
            73.83129,
            18.5171981
          ],
          [
            73.8312674,
            18.5172045
          ],
          [
            73.8311883,
            18.5172258
          ]
        ]
      },
      "id": "way/1299281773"
    },
    {
      "type": "Feature",
      "properties": {
        "@id": "way/1299281774",
        "access": "private",
        "highway": "residential"
      },
      "geometry": {
        "type": "LineString",
        "coordinates": [
          [
            73.8313592,
            18.5174319
          ],
          [
            73.83129,
            18.5171981
          ]
        ]
      },
      "id": "way/1299281774"
    },
    {
      "type": "Feature",
      "properties": {
        "@id": "way/1299926319",
        "access": "private",
        "highway": "service",
        "oneway": "yes"
      },
      "geometry": {
        "type": "LineString",
        "coordinates": [
          [
            73.8342988,
            18.5078844
          ],
          [
            73.8343243,
            18.5078356
          ],
          [
            73.8343595,
            18.507768
          ]
        ]
      },
      "id": "way/1299926319"
    },
    {
      "type": "Feature",
      "properties": {
        "@id": "way/1299926320",
        "access": "private",
        "highway": "service",
        "oneway": "yes"
      },
      "geometry": {
        "type": "LineString",
        "coordinates": [
          [
            73.8337517,
            18.5074362
          ],
          [
            73.8337184,
            18.5074888
          ],
          [
            73.8336852,
            18.5075414
          ]
        ]
      },
      "id": "way/1299926320"
    },
    {
      "type": "Feature",
      "properties": {
        "@id": "way/1299929798",
        "highway": "residential"
      },
      "geometry": {
        "type": "LineString",
        "coordinates": [
          [
            73.8308492,
            18.5083342
          ],
          [
            73.8308788,
            18.5082774
          ]
        ]
      },
      "id": "way/1299929798"
    },
    {
      "type": "Feature",
      "properties": {
        "@id": "way/1299929799",
        "access": "private",
        "highway": "residential"
      },
      "geometry": {
        "type": "LineString",
        "coordinates": [
          [
            73.8308788,
            18.5082774
          ],
          [
            73.8308818,
            18.5082713
          ]
        ]
      },
      "id": "way/1299929799"
    },
    {
      "type": "Feature",
      "properties": {
        "@id": "way/1299931842",
        "access": "private",
        "highway": "service"
      },
      "geometry": {
        "type": "LineString",
        "coordinates": [
          [
            73.8308943,
            18.5077459
          ],
          [
            73.8308814,
            18.5077702
          ],
          [
            73.8308724,
            18.5077872
          ],
          [
            73.8307604,
            18.5079979
          ]
        ]
      },
      "id": "way/1299931842"
    },
    {
      "type": "Feature",
      "properties": {
        "@id": "way/1299931843",
        "access": "private",
        "highway": "service"
      },
      "geometry": {
        "type": "LineString",
        "coordinates": [
          [
            73.8308724,
            18.5077872
          ],
          [
            73.8310504,
            18.5078789
          ]
        ]
      },
      "id": "way/1299931843"
    },
    {
      "type": "Feature",
      "properties": {
        "@id": "way/1300415626",
        "highway": "service"
      },
      "geometry": {
        "type": "LineString",
        "coordinates": [
          [
            73.8330858,
            18.5096648
          ],
          [
            73.833057,
            18.5097065
          ]
        ]
      },
      "id": "way/1300415626"
    },
    {
      "type": "Feature",
      "properties": {
        "@id": "way/1300415627",
        "highway": "service",
        "oneway": "yes"
      },
      "geometry": {
        "type": "LineString",
        "coordinates": [
          [
            73.833057,
            18.5097065
          ],
          [
            73.8329804,
            18.5098461
          ],
          [
            73.8329776,
            18.5098549
          ],
          [
            73.8329796,
            18.5098639
          ],
          [
            73.8329858,
            18.5098714
          ],
          [
            73.8331863,
            18.5099771
          ],
          [
            73.8331974,
            18.5099752
          ],
          [
            73.8332094,
            18.5099706
          ],
          [
            73.8332194,
            18.5099623
          ],
          [
            73.8332934,
            18.5098256
          ]
        ]
      },
      "id": "way/1300415627"
    },
    {
      "type": "Feature",
      "properties": {
        "@id": "way/1300415628",
        "highway": "service"
      },
      "geometry": {
        "type": "LineString",
        "coordinates": [
          [
            73.8332934,
            18.5098256
          ],
          [
            73.8333158,
            18.5097833
          ]
        ]
      },
      "id": "way/1300415628"
    },
    {
      "type": "Feature",
      "properties": {
        "@id": "way/1302630695",
        "access": "private",
        "highway": "residential"
      },
      "geometry": {
        "type": "LineString",
        "coordinates": [
          [
            73.8352754,
            18.5196528
          ],
          [
            73.8353595,
            18.519623
          ],
          [
            73.8354575,
            18.5195882
          ]
        ]
      },
      "id": "way/1302630695"
    },
    {
      "type": "Feature",
      "properties": {
        "@id": "way/1302630696",
        "access": "private",
        "highway": "residential"
      },
      "geometry": {
        "type": "LineString",
        "coordinates": [
          [
            73.8353595,
            18.519623
          ],
          [
            73.8353689,
            18.5196456
          ],
          [
            73.8353849,
            18.5196844
          ]
        ]
      },
      "id": "way/1302630696"
    },
    {
      "type": "Feature",
      "properties": {
        "@id": "way/1308739833",
        "auto_rickshaw": "no",
        "bicycle": "yes",
        "bridge": "yes",
        "foot": "yes",
        "goods": "no",
        "hgv": "no",
        "highway": "tertiary",
        "layer": "1",
        "motorcar": "no",
        "motorcycle": "yes",
        "name": "Chavan Bridge",
        "name:etymology:wikidata": "Q1764541",
        "name:mr": "यशवंतराव चव्हाण पूल",
        "oneway": "yes"
      },
      "geometry": {
        "type": "LineString",
        "coordinates": [
          [
            73.8408274,
            18.5127361
          ],
          [
            73.8409833,
            18.5125288
          ],
          [
            73.841667,
            18.5116945
          ],
          [
            73.8419863,
            18.5113215
          ]
        ]
      },
      "id": "way/1308739833"
    },
    {
      "type": "Feature",
      "properties": {
        "@id": "way/1308739834",
        "bicycle": "yes",
        "foot": "yes",
        "goods": "no",
        "hgv": "no",
        "highway": "tertiary",
        "motorcycle": "yes",
        "name": "Chavan Bridge",
        "name:etymology:wikidata": "Q1764541",
        "name:mr": "यशवंतराव चव्हाण पूल",
        "oneway": "yes"
      },
      "geometry": {
        "type": "LineString",
        "coordinates": [
          [
            73.8419863,
            18.5113215
          ],
          [
            73.8420168,
            18.5112563
          ]
        ]
      },
      "id": "way/1308739834"
    },
    {
      "type": "Feature",
      "properties": {
        "@id": "way/1308739835",
        "bicycle": "yes",
        "foot": "yes",
        "goods": "no",
        "hgv": "no",
        "highway": "tertiary",
        "lane_markings": "no",
        "motorcar": "no",
        "motorcycle": "yes",
        "name": "Yashwantrao Chavan Bridge",
        "name:etymology:wikidata": "Q1764541",
        "name:mr": "यशवंतराव चव्हाण पूल",
        "oneway": "yes",
        "surface": "asphalt"
      },
      "geometry": {
        "type": "LineString",
        "coordinates": [
          [
            73.8406095,
            18.513099
          ],
          [
            73.8406438,
            18.5130323
          ],
          [
            73.8407523,
            18.5128553
          ],
          [
            73.8408274,
            18.5127361
          ]
        ]
      },
      "id": "way/1308739835"
    },
    {
      "type": "Feature",
      "properties": {
        "@id": "way/1308739836",
        "highway": "primary",
        "lanes": "3",
        "name": "Karve Road",
        "name:etymology:wikidata": "Q3518496",
        "name:mr": "कर्वे रस्ता",
        "oneway": "yes",
        "ref": "SH60"
      },
      "geometry": {
        "type": "LineString",
        "coordinates": [
          [
            73.8406095,
            18.513099
          ],
          [
            73.8405641,
            18.5130809
          ]
        ]
      },
      "id": "way/1308739836"
    },
    {
      "type": "Feature",
      "properties": {
        "@id": "way/1308739837",
        "highway": "tertiary",
        "lane_markings": "no",
        "oneway": "yes",
        "surface": "asphalt"
      },
      "geometry": {
        "type": "LineString",
        "coordinates": [
          [
            73.8405749,
            18.5131772
          ],
          [
            73.8406095,
            18.513099
          ]
        ]
      },
      "id": "way/1308739837"
    },
    {
      "type": "Feature",
      "properties": {
        "@id": "way/1319839522",
        "highway": "service"
      },
      "geometry": {
        "type": "LineString",
        "coordinates": [
          [
            73.8350925,
            18.5082299
          ],
          [
            73.835134,
            18.5081824
          ]
        ]
      },
      "id": "way/1319839522"
    },
    {
      "type": "Feature",
      "properties": {
        "@id": "way/1319840663",
        "highway": "residential"
      },
      "geometry": {
        "type": "LineString",
        "coordinates": [
          [
            73.8361462,
            18.5111245
          ],
          [
            73.8361213,
            18.5111676
          ]
        ]
      },
      "id": "way/1319840663"
    },
    {
      "type": "Feature",
      "properties": {
        "@id": "way/1319846634",
        "highway": "residential"
      },
      "geometry": {
        "type": "LineString",
        "coordinates": [
          [
            73.8357636,
            18.5100461
          ],
          [
            73.8358286,
            18.5100847
          ]
        ]
      },
      "id": "way/1319846634"
    },
    {
      "type": "Feature",
      "properties": {
        "@id": "way/1322809523",
        "highway": "service",
        "source": "maxar"
      },
      "geometry": {
        "type": "LineString",
        "coordinates": [
          [
            73.8466306,
            18.5106064
          ],
          [
            73.8466813,
            18.5106091
          ]
        ]
      },
      "id": "way/1322809523"
    },
    {
      "type": "Feature",
      "properties": {
        "@id": "way/1322818945",
        "access": "private",
        "highway": "residential"
      },
      "geometry": {
        "type": "LineString",
        "coordinates": [
          [
            73.8313822,
            18.5159214
          ],
          [
            73.8314097,
            18.5159134
          ]
        ]
      },
      "id": "way/1322818945"
    },
    {
      "type": "Feature",
      "properties": {
        "@id": "way/1322819269",
        "access": "private",
        "highway": "residential"
      },
      "geometry": {
        "type": "LineString",
        "coordinates": [
          [
            73.8302528,
            18.5154077
          ],
          [
            73.8305261,
            18.5153327
          ],
          [
            73.8305529,
            18.5153253
          ]
        ]
      },
      "id": "way/1322819269"
    },
    {
      "type": "Feature",
      "properties": {
        "@id": "way/1322819270",
        "highway": "residential"
      },
      "geometry": {
        "type": "LineString",
        "coordinates": [
          [
            73.8305529,
            18.5153253
          ],
          [
            73.8305883,
            18.5153156
          ]
        ]
      },
      "id": "way/1322819270"
    },
    {
      "type": "Feature",
      "properties": {
        "@id": "way/1322824467",
        "highway": "residential"
      },
      "geometry": {
        "type": "LineString",
        "coordinates": [
          [
            73.8338501,
            18.5147822
          ],
          [
            73.8338089,
            18.5147892
          ]
        ]
      },
      "id": "way/1322824467"
    },
    {
      "type": "Feature",
      "properties": {
        "@id": "way/1322825988",
        "highway": "residential"
      },
      "geometry": {
        "type": "LineString",
        "coordinates": [
          [
            73.836739,
            18.5139256
          ],
          [
            73.8367429,
            18.5138849
          ]
        ]
      },
      "id": "way/1322825988"
    },
    {
      "type": "Feature",
      "properties": {
        "@id": "way/1322826278",
        "highway": "residential"
      },
      "geometry": {
        "type": "LineString",
        "coordinates": [
          [
            73.8365564,
            18.5139243
          ],
          [
            73.8365596,
            18.5138812
          ]
        ]
      },
      "id": "way/1322826278"
    },
    {
      "type": "Feature",
      "properties": {
        "@id": "way/1323147446",
        "access": "private",
        "highway": "residential"
      },
      "geometry": {
        "type": "LineString",
        "coordinates": [
          [
            73.8305894,
            18.5155375
          ],
          [
            73.8305261,
            18.5153327
          ]
        ]
      },
      "id": "way/1323147446"
    },
    {
      "type": "Feature",
      "properties": {
        "@id": "way/1348643827",
        "access": "private",
        "highway": "service",
        "service": "driveway"
      },
      "geometry": {
        "type": "LineString",
        "coordinates": [
          [
            73.8430454,
            18.5198348
          ],
          [
            73.8431614,
            18.520133
          ]
        ]
      },
      "id": "way/1348643827"
    },
    {
      "type": "Feature",
      "properties": {
        "@id": "way/1348643828",
        "highway": "steps"
      },
      "geometry": {
        "type": "LineString",
        "coordinates": [
          [
            73.8430454,
            18.5198348
          ],
          [
            73.8430311,
            18.519838
          ],
          [
            73.8430231,
            18.51984
          ]
        ]
      },
      "id": "way/1348643828"
    },
    {
      "type": "Feature",
      "properties": {
        "@id": "way/1372337262",
        "highway": "tertiary",
        "name": "Bhandarkar Path",
        "name:etymology:wikidata": "Q2623927",
        "name:mr": "भांडारकर पथ",
        "oneway": "no",
        "surface": "asphalt"
      },
      "geometry": {
        "type": "LineString",
        "coordinates": [
          [
            73.8303857,
            18.5191108
          ],
          [
            73.8303101,
            18.5191167
          ]
        ]
      },
      "id": "way/1372337262"
    },
    {
      "type": "Feature",
      "properties": {
        "@id": "way/1372337263",
        "alt_name": "Law College Road",
        "alt_name:mr": "विधी महाविद्यालय रस्ता",
        "highway": "primary",
        "lanes": "2",
        "name": "Vishnushastri Chiplunkar Path",
        "name:etymology:wikidata": "Q3633358",
        "name:mr": "विष्णुशास्त्री चिपळूणकर पथ",
        "oneway": "yes",
        "surface": "asphalt"
      },
      "geometry": {
        "type": "LineString",
        "coordinates": [
          [
            73.8303781,
            18.5190107
          ],
          [
            73.8303282,
            18.5187987
          ],
          [
            73.8303073,
            18.5187099
          ],
          [
            73.830255,
            18.5185651
          ],
          [
            73.8301985,
            18.5183654
          ],
          [
            73.830089,
            18.5181491
          ],
          [
            73.8300655,
            18.5181031
          ],
          [
            73.8299082,
            18.5177954
          ]
        ]
      },
      "id": "way/1372337263"
    },
    {
      "type": "Feature",
      "properties": {
        "@id": "way/1372353664",
        "alt_name": "Law College Road",
        "alt_name:mr": "विधी महाविद्यालय रस्ता",
        "highway": "primary",
        "lanes": "2",
        "name": "Vishnushastri Chiplunkar Path",
        "name:etymology:wikidata": "Q3633358",
        "name:mr": "विष्णुशास्त्री चिपळूणकर पथ",
        "oneway": "yes",
        "surface": "asphalt"
      },
      "geometry": {
        "type": "LineString",
        "coordinates": [
          [
            73.8303857,
            18.5191108
          ],
          [
            73.8303781,
            18.5190107
          ]
        ]
      },
      "id": "way/1372353664"
    },
    {
      "type": "Feature",
      "properties": {
        "@id": "way/1372356980",
        "highway": "residential",
        "oneway": "yes"
      },
      "geometry": {
        "type": "LineString",
        "coordinates": [
          [
            73.8441363,
            18.5171405
          ],
          [
            73.844055,
            18.5170059
          ]
        ]
      },
      "id": "way/1372356980"
    },
    {
      "type": "Feature",
      "properties": {
        "@id": "way/1372356981",
        "highway": "residential",
        "oneway": "yes"
      },
      "geometry": {
        "type": "LineString",
        "coordinates": [
          [
            73.8444223,
            18.5169499
          ],
          [
            73.8441363,
            18.5171405
          ]
        ]
      },
      "id": "way/1372356981"
    },
    {
      "type": "Feature",
      "properties": {
        "@id": "way/1392076019",
        "highway": "tertiary",
        "name": "Bhandarkar Path",
        "name:etymology:wikidata": "Q2623927",
        "name:mr": "भांडारकर पथ",
        "oneway": "no",
        "surface": "asphalt"
      },
      "geometry": {
        "type": "LineString",
        "coordinates": [
          [
            73.8305176,
            18.5190898
          ],
          [
            73.8303857,
            18.5191108
          ]
        ]
      },
      "id": "way/1392076019"
    },
    {
      "type": "Feature",
      "properties": {
        "@id": "way/1392076020",
        "alt_name": "Law College Road",
        "alt_name:mr": "विधी महाविद्यालय रस्ता",
        "highway": "primary",
        "lanes": "2",
        "name": "Vishnushastri Chiplunkar Path",
        "name:etymology:wikidata": "Q3633358",
        "name:mr": "विष्णुशास्त्री चिपळूणकर पथ",
        "oneway": "yes",
        "surface": "asphalt"
      },
      "geometry": {
        "type": "LineString",
        "coordinates": [
          [
            73.8303029,
            18.5190212
          ],
          [
            73.8303101,
            18.5191167
          ]
        ]
      },
      "id": "way/1392076020"
    },
    {
      "type": "Feature",
      "properties": {
        "@id": "way/1432706182",
        "bridge": "yes",
        "highway": "pedestrian",
        "layer": "1"
      },
      "geometry": {
        "type": "LineString",
        "coordinates": [
          [
            73.8482874,
            18.5188557
          ],
          [
            73.8480565,
            18.519002
          ],
          [
            73.8475376,
            18.5192122
          ]
        ]
      },
      "id": "way/1432706182"
    },
    {
      "type": "Feature",
      "properties": {
        "@id": "way/1432706184",
        "bridge": "yes",
        "highway": "pedestrian",
        "layer": "1"
      },
      "geometry": {
        "type": "LineString",
        "coordinates": [
          [
            73.8475376,
            18.5192122
          ],
          [
            73.8468834,
            18.5195228
          ],
          [
            73.8462477,
            18.5199734
          ]
        ]
      },
      "id": "way/1432706184"
    },
    {
      "type": "Feature",
      "properties": {
        "@id": "way/1433567149",
        "highway": "residential",
        "name": "Gangaram Dhanvat Path"
      },
      "geometry": {
        "type": "LineString",
        "coordinates": [
          [
            73.8345629,
            18.5070303
          ],
          [
            73.8341018,
            18.5065141
          ],
          [
            73.8340768,
            18.5064867
          ]
        ]
      },
      "id": "way/1433567149"
    },
    {
      "type": "Feature",
      "properties": {
        "@id": "way/1442779516",
        "highway": "tertiary_link",
        "oneway": "yes"
      },
      "geometry": {
        "type": "LineString",
        "coordinates": [
          [
            73.8442374,
            18.5129638
          ],
          [
            73.8442355,
            18.5129085
          ],
          [
            73.8442458,
            18.5128703
          ],
          [
            73.8442629,
            18.5128425
          ],
          [
            73.8442915,
            18.5128225
          ]
        ]
      },
      "id": "way/1442779516"
    },
    {
      "type": "Feature",
      "properties": {
        "@id": "way/1453900000",
        "access": "private",
        "highway": "service"
      },
      "geometry": {
        "type": "LineString",
        "coordinates": [
          [
            73.8342615,
            18.507574
          ],
          [
            73.8342417,
            18.5076222
          ],
          [
            73.8342118,
            18.5076874
          ]
        ]
      },
      "id": "way/1453900000"
    },
    {
      "type": "Feature",
      "properties": {
        "@id": "way/1453900001",
        "access": "private",
        "highway": "service",
        "oneway": "yes"
      },
      "geometry": {
        "type": "LineString",
        "coordinates": [
          [
            73.8336191,
            18.507238
          ],
          [
            73.833608,
            18.5072637
          ],
          [
            73.8335752,
            18.5073398
          ]
        ]
      },
      "id": "way/1453900001"
    },
    {
      "type": "Feature",
      "properties": {
        "@id": "way/1456861362",
        "highway": "tertiary",
        "name": "Bhandarkar Path",
        "name:etymology:wikidata": "Q2623927",
        "name:mr": "भांडारकर पथ",
        "oneway": "no",
        "surface": "asphalt"
      },
      "geometry": {
        "type": "LineString",
        "coordinates": [
          [
            73.841496,
            18.5175812
          ],
          [
            73.8414594,
            18.517584
          ],
          [
            73.8412161,
            18.5176027
          ],
          [
            73.8411006,
            18.5176177
          ],
          [
            73.8410231,
            18.5176278
          ],
          [
            73.8407659,
            18.5176612
          ],
          [
            73.8407212,
            18.517667
          ],
          [
            73.8402338,
            18.5177409
          ],
          [
            73.8401752,
            18.5177498
          ],
          [
            73.8398492,
            18.5177985
          ],
          [
            73.8396603,
            18.5178267
          ],
          [
            73.8394692,
            18.5178552
          ],
          [
            73.8390776,
            18.5179137
          ],
          [
            73.8390165,
            18.5179228
          ],
          [
            73.8387512,
            18.5179497
          ],
          [
            73.8383365,
            18.5179918
          ],
          [
            73.8382879,
            18.5179967
          ],
          [
            73.8381152,
            18.5180143
          ],
          [
            73.8376311,
            18.5180517
          ],
          [
            73.8374112,
            18.5180641
          ],
          [
            73.8370316,
            18.5180855
          ],
          [
            73.8366666,
            18.5181007
          ],
          [
            73.8366454,
            18.5181013
          ],
          [
            73.8362397,
            18.5181132
          ]
        ]
      },
      "id": "way/1456861362"
    },
    {
      "type": "Feature",
      "properties": {
        "@id": "way/1456861363",
        "highway": "residential"
      },
      "geometry": {
        "type": "LineString",
        "coordinates": [
          [
            73.8361477,
            18.5182297
          ],
          [
            73.8361411,
            18.5181161
          ]
        ]
      },
      "id": "way/1456861363"
    },
    {
      "type": "Feature",
      "properties": {
        "@id": "way/1456861364",
        "highway": "tertiary",
        "name": "Bhandarkar Path",
        "name:etymology:wikidata": "Q2623927",
        "name:mr": "भांडारकर पथ",
        "oneway": "no",
        "surface": "asphalt"
      },
      "geometry": {
        "type": "LineString",
        "coordinates": [
          [
            73.8362397,
            18.5181132
          ],
          [
            73.8361411,
            18.5181161
          ]
        ]
      },
      "id": "way/1456861364"
    },
    {
      "type": "Feature",
      "properties": {
        "@id": "way/1461180121",
        "bridge": "yes",
        "highway": "footway",
        "layer": "2",
        "wheelchair": "yes"
      },
      "geometry": {
        "type": "LineString",
        "coordinates": [
          [
            73.844012,
            18.5177676
          ],
          [
            73.8439052,
            18.5176475
          ]
        ]
      },
      "id": "way/1461180121"
    },
    {
      "type": "Feature",
      "properties": {
        "@id": "way/1461180122",
        "conveying": "forward",
        "covered": "yes",
        "highway": "steps",
        "incline": "up",
        "level": "0;2"
      },
      "geometry": {
        "type": "LineString",
        "coordinates": [
          [
            73.8440625,
            18.5180828
          ],
          [
            73.8438763,
            18.5178709
          ]
        ]
      },
      "id": "way/1461180122"
    },
    {
      "type": "Feature",
      "properties": {
        "@id": "way/1461180123",
        "covered": "yes",
        "highway": "steps",
        "level": "0;2"
      },
      "geometry": {
        "type": "LineString",
        "coordinates": [
          [
            73.8437659,
            18.5177457
          ],
          [
            73.8438763,
            18.5178709
          ]
        ]
      },
      "id": "way/1461180123"
    },
    {
      "type": "Feature",
      "properties": {
        "@id": "way/1461180124",
        "bridge": "yes",
        "highway": "footway",
        "layer": "2",
        "wheelchair": "yes"
      },
      "geometry": {
        "type": "LineString",
        "coordinates": [
          [
            73.8438763,
            18.5178709
          ],
          [
            73.844012,
            18.5177676
          ],
          [
            73.8441891,
            18.5176518
          ],
          [
            73.8443504,
            18.5175736
          ],
          [
            73.8444466,
            18.5175383
          ],
          [
            73.8447329,
            18.517366
          ],
          [
            73.8449589,
            18.5174172
          ],
          [
            73.8450615,
            18.5173456
          ],
          [
            73.8447674,
            18.5169451
          ],
          [
            73.8446797,
            18.5169072
          ]
        ]
      },
      "id": "way/1461180124"
    },
    {
      "type": "Feature",
      "properties": {
        "@id": "way/1461180130",
        "conveying": "forward",
        "covered": "yes",
        "highway": "steps",
        "incline": "up",
        "level": "0;2"
      },
      "geometry": {
        "type": "LineString",
        "coordinates": [
          [
            73.8426374,
            18.516124
          ],
          [
            73.8427013,
            18.5162045
          ]
        ]
      },
      "id": "way/1461180130"
    },
    {
      "type": "Feature",
      "properties": {
        "@id": "way/1461180131",
        "covered": "yes",
        "highway": "steps",
        "level": "0;1"
      },
      "geometry": {
        "type": "LineString",
        "coordinates": [
          [
            73.8427173,
            18.5161958
          ],
          [
            73.8426515,
            18.5161129
          ]
        ]
      },
      "id": "way/1461180131"
    },
    {
      "type": "Feature",
      "properties": {
        "@id": "way/1461180132",
        "bridge": "yes",
        "highway": "footway",
        "layer": "2",
        "wheelchair": "yes"
      },
      "geometry": {
        "type": "LineString",
        "coordinates": [
          [
            73.8439036,
            18.51587
          ],
          [
            73.8438454,
            18.5157888
          ],
          [
            73.843715,
            18.5159072
          ],
          [
            73.8433948,
            18.5160606
          ],
          [
            73.8429985,
            18.5162069
          ],
          [
            73.8429397,
            18.5161596
          ],
          [
            73.8427173,
            18.5161958
          ],
          [
            73.8427013,
            18.5162045
          ]
        ]
      },
      "id": "way/1461180132"
    },
    {
      "type": "Feature",
      "properties": {
        "@id": "way/1461223223",
        "footway": "sidewalk",
        "highway": "footway"
      },
      "geometry": {
        "type": "LineString",
        "coordinates": [
          [
            73.8426412,
            18.5160999
          ],
          [
            73.8426515,
            18.5161129
          ]
        ]
      },
      "id": "way/1461223223"
    },
    {
      "type": "Feature",
      "properties": {
        "@id": "way/1461223224",
        "footway": "sidewalk",
        "highway": "footway"
      },
      "geometry": {
        "type": "LineString",
        "coordinates": [
          [
            73.8426491,
            18.5160943
          ],
          [
            73.8426412,
            18.5160999
          ],
          [
            73.8426266,
            18.5161103
          ],
          [
            73.8426374,
            18.516124
          ]
        ]
      },
      "id": "way/1461223224"
    },
    {
      "type": "Feature",
      "properties": {
        "@id": "way/1461223225",
        "footway": "sidewalk",
        "highway": "footway"
      },
      "geometry": {
        "type": "LineString",
        "coordinates": [
          [
            73.8440443,
            18.5181126
          ],
          [
            73.8440705,
            18.518092
          ],
          [
            73.8440625,
            18.5180828
          ]
        ]
      },
      "id": "way/1461223225"
    },
    {
      "type": "Feature",
      "properties": {
        "@id": "way/1461223226",
        "footway": "sidewalk",
        "highway": "footway"
      },
      "geometry": {
        "type": "LineString",
        "coordinates": [
          [
            73.8437114,
            18.517741
          ],
          [
            73.8437414,
            18.5177176
          ],
          [
            73.8437659,
            18.5177457
          ]
        ]
      },
      "id": "way/1461223226"
    },
    {
      "type": "Feature",
      "properties": {
        "@id": "way/1461223227",
        "footway": "sidewalk",
        "highway": "footway"
      },
      "geometry": {
        "type": "LineString",
        "coordinates": [
          [
            73.8439003,
            18.517634
          ],
          [
            73.8438962,
            18.5176373
          ],
          [
            73.8439052,
            18.5176475
          ]
        ]
      },
      "id": "way/1461223227"
    },
    {
      "type": "Feature",
      "properties": {
        "@id": "way/1464087872",
        "highway": "primary",
        "lanes": "1",
        "name": "Karve Road",
        "name:etymology:wikidata": "Q3518496",
        "name:mr": "कर्वे रस्ता",
        "oneway": "yes",
        "ref": "SH60",
        "surface": "asphalt"
      },
      "geometry": {
        "type": "LineString",
        "coordinates": [
          [
            73.8312011,
            18.5085154
          ],
          [
            73.8309827,
            18.5084029
          ],
          [
            73.8308827,
            18.5083514
          ]
        ]
      },
      "id": "way/1464087872"
    },
    {
      "type": "Feature",
      "properties": {
        "@id": "way/1464087873",
        "highway": "secondary",
        "lanes": "3",
        "maxspeed": "40",
        "name": "Amrutrao Khilare Path",
        "name:mr": "अमृतराव खिलारे पथ",
        "oneway": "yes"
      },
      "geometry": {
        "type": "LineString",
        "coordinates": [
          [
            73.8322472,
            18.5068803
          ],
          [
            73.8318351,
            18.5077266
          ],
          [
            73.8316243,
            18.5081022
          ]
        ]
      },
      "id": "way/1464087873"
    },
    {
      "type": "Feature",
      "properties": {
        "@id": "way/1464087874",
        "highway": "secondary_link",
        "oneway": "yes"
      },
      "geometry": {
        "type": "LineString",
        "coordinates": [
          [
            73.8316243,
            18.5081022
          ],
          [
            73.8315106,
            18.5082453
          ],
          [
            73.8313966,
            18.5084475
          ],
          [
            73.8313275,
            18.5084921
          ],
          [
            73.831292,
            18.5085073
          ],
          [
            73.8312011,
            18.5085154
          ]
        ]
      },
      "id": "way/1464087874"
    },
    {
      "type": "Feature",
      "properties": {
        "@id": "way/1464087875",
        "direction": "clockwise",
        "highway": "secondary",
        "junction": "roundabout",
        "name": "Keshavrao Sadoba Padale Chowk",
        "name:mr": "केशवराव सदोबा पाडळे चौक"
      },
      "geometry": {
        "type": "LineString",
        "coordinates": [
          [
            73.832286,
            18.506798
          ],
          [
            73.8322652,
            18.5068123
          ],
          [
            73.8322508,
            18.5068325
          ],
          [
            73.8322446,
            18.5068561
          ],
          [
            73.8322472,
            18.5068803
          ]
        ]
      },
      "id": "way/1464087875"
    },
    {
      "type": "Feature",
      "properties": {
        "@id": "way/1464087876",
        "highway": "secondary",
        "lanes": "2",
        "name": "Anant Kanhere Path",
        "name:etymology:wikidata": "Q4751430",
        "name:mr": "अनंत कान्हेरे पथ",
        "surface": "asphalt"
      },
      "geometry": {
        "type": "LineString",
        "coordinates": [
          [
            73.8448023,
            18.5051285
          ],
          [
            73.8449008,
            18.5051559
          ]
        ]
      },
      "id": "way/1464087876"
    },
    {
      "type": "Feature",
      "properties": {
        "@id": "way/1464087877",
        "alt_name": "Shastri Road",
        "alt_name:mr": "शास्त्री रस्ता",
        "highway": "primary",
        "lanes": "2",
        "name": "Lalbahadur Shashtri Marg",
        "name:etymology:wikidata": "Q244689",
        "name:mr": "लालबहादूर शास्त्री मार्ग",
        "oneway": "yes"
      },
      "geometry": {
        "type": "LineString",
        "coordinates": [
          [
            73.8452509,
            18.5032546
          ],
          [
            73.8452428,
            18.5033095
          ],
          [
            73.8452338,
            18.5033874
          ],
          [
            73.8452119,
            18.5035777
          ],
          [
            73.8451901,
            18.5037253
          ],
          [
            73.8451494,
            18.5040014
          ],
          [
            73.8451068,
            18.5041942
          ],
          [
            73.8450704,
            18.5043275
          ],
          [
            73.8450351,
            18.5044571
          ],
          [
            73.845014,
            18.5045181
          ],
          [
            73.8449505,
            18.5047011
          ],
          [
            73.8448864,
            18.5048859
          ],
          [
            73.8448467,
            18.5050003
          ],
          [
            73.8448023,
            18.5051285
          ]
        ]
      },
      "id": "way/1464087877"
    },
    {
      "type": "Feature",
      "properties": {
        "@id": "way/1464087878",
        "highway": "primary",
        "junction": "roundabout",
        "lanes": "2",
        "name": "Barrister Nath Pai Chowk",
        "name:etymology:wikidata": "Q17495806",
        "name:mr": "बॅरिस्टर नाथ पै चौक"
      },
      "geometry": {
        "type": "LineString",
        "coordinates": [
          [
            73.8452509,
            18.5032546
          ],
          [
            73.8452845,
            18.5032758
          ],
          [
            73.8453189,
            18.503285
          ],
          [
            73.8453615,
            18.5032846
          ],
          [
            73.8453945,
            18.5032719
          ],
          [
            73.8454215,
            18.5032527
          ],
          [
            73.8454427,
            18.5032226
          ],
          [
            73.8454533,
            18.5031787
          ],
          [
            73.8454562,
            18.5029566
          ]
        ]
      },
      "id": "way/1464087878"
    },
    {
      "type": "Feature",
      "properties": {
        "@id": "way/1479314587",
        "bridge": "yes",
        "covered": "yes",
        "handrail": "yes",
        "highway": "steps",
        "incline": "up",
        "layer": "1",
        "ramp": "yes",
        "ramp:wheelchair": "yes",
        "surface": "concrete"
      },
      "geometry": {
        "type": "LineString",
        "coordinates": [
          [
            73.848465,
            18.5191154
          ],
          [
            73.8482874,
            18.5188557
          ]
        ]
      },
      "id": "way/1479314587"
    },
    {
      "type": "Feature",
      "properties": {
        "@id": "way/1479314588",
        "highway": "footway"
      },
      "geometry": {
        "type": "LineString",
        "coordinates": [
          [
            73.848465,
            18.5191154
          ],
          [
            73.8485671,
            18.5190545
          ]
        ]
      },
      "id": "way/1479314588"
    },
    {
      "type": "Feature",
      "properties": {
        "@id": "way/1479314589",
        "highway": "footway"
      },
      "geometry": {
        "type": "LineString",
        "coordinates": [
          [
            73.8462477,
            18.5199734
          ],
          [
            73.8459681,
            18.5201809
          ]
        ]
      },
      "id": "way/1479314589"
    },
    {
      "type": "Feature",
      "properties": {
        "@id": "way/1479314592",
        "bridge": "yes",
        "highway": "footway",
        "layer": "1"
      },
      "geometry": {
        "type": "LineString",
        "coordinates": [
          [
            73.8468834,
            18.5195228
          ],
          [
            73.8469478,
            18.5195998
          ]
        ]
      },
      "id": "way/1479314592"
    },
    {
      "type": "Feature",
      "properties": {
        "@id": "way/1479318634",
        "highway": "service",
        "name": "Internal Road"
      },
      "geometry": {
        "type": "LineString",
        "coordinates": [
          [
            73.8345948,
            18.5199744
          ],
          [
            73.8346133,
            18.5209152
          ],
          [
            73.8346141,
            18.5210113
          ],
          [
            73.834615,
            18.5210676
          ],
          [
            73.8346158,
            18.5211167
          ],
          [
            73.8346164,
            18.5211483
          ],
          [
            73.8346322,
            18.522213
          ]
        ]
      },
      "id": "way/1479318634"
    },
    {
      "type": "Feature",
      "properties": {
        "@id": "way/1480625754",
        "highway": "service",
        "oneway": "yes"
      },
      "geometry": {
        "type": "LineString",
        "coordinates": [
          [
            73.8336077,
            18.5100418
          ],
          [
            73.8336334,
            18.5100438
          ],
          [
            73.8336535,
            18.5100403
          ],
          [
            73.8336728,
            18.5100168
          ],
          [
            73.8337057,
            18.5099593
          ]
        ]
      },
      "id": "way/1480625754"
    },
    {
      "type": "Feature",
      "properties": {
        "@id": "way/1480625755",
        "highway": "service",
        "oneway": "yes"
      },
      "geometry": {
        "type": "LineString",
        "coordinates": [
          [
            73.8335334,
            18.5098779
          ],
          [
            73.8335009,
            18.5099301
          ],
          [
            73.83348,
            18.5099618
          ],
          [
            73.8334816,
            18.5099764
          ],
          [
            73.8335022,
            18.5099899
          ]
        ]
      },
      "id": "way/1480625755"
    },
    {
      "type": "Feature",
      "properties": {
        "@id": "way/1480625756",
        "highway": "service",
        "oneway": "yes",
        "tunnel": "building_passage"
      },
      "geometry": {
        "type": "LineString",
        "coordinates": [
          [
            73.8335022,
            18.5099899
          ],
          [
            73.8336077,
            18.5100418
          ]
        ]
      },
      "id": "way/1480625756"
    },
    {
      "type": "Feature",
      "properties": {
        "@id": "way/1506511683",
        "highway": "secondary",
        "lanes": "3",
        "maxspeed": "40",
        "name": "Amrutrao Khilare Path",
        "name:mr": "अमृतराव खिलारे पथ",
        "oneway": "yes"
      },
      "geometry": {
        "type": "LineString",
        "coordinates": [
          [
            73.8313811,
            18.508787
          ],
          [
            73.8314516,
            18.5086444
          ]
        ]
      },
      "id": "way/1506511683"
    },
    {
      "type": "Feature",
      "properties": {
        "@id": "way/1506511684",
        "highway": "secondary",
        "lanes": "3",
        "maxspeed": "40",
        "name": "Amrutrao Khilare Path",
        "name:mr": "अमृतराव खिलारे पथ",
        "oneway": "yes"
      },
      "geometry": {
        "type": "LineString",
        "coordinates": [
          [
            73.8313753,
            18.5086051
          ],
          [
            73.8313026,
            18.5087466
          ]
        ]
      },
      "id": "way/1506511684"
    },
    {
      "type": "Feature",
      "properties": {
        "@id": "way/1506511685",
        "highway": "primary",
        "lanes": "1",
        "name": "Karve Road",
        "name:etymology:wikidata": "Q3518496",
        "name:mr": "कर्वे रस्ता",
        "oneway": "yes",
        "ref": "SH60",
        "surface": "asphalt"
      },
      "geometry": {
        "type": "LineString",
        "coordinates": [
          [
            73.8314516,
            18.5086444
          ],
          [
            73.8313753,
            18.5086051
          ]
        ]
      },
      "id": "way/1506511685"
    },
    {
      "type": "Feature",
      "properties": {
        "@id": "way/1506511686",
        "highway": "primary",
        "lanes": "3",
        "name": "Karve Road",
        "name:etymology:wikidata": "Q3518496",
        "name:mr": "कर्वे रस्ता",
        "oneway": "yes",
        "ref": "SH60",
        "surface": "asphalt"
      },
      "geometry": {
        "type": "LineString",
        "coordinates": [
          [
            73.8313026,
            18.5087466
          ],
          [
            73.8313811,
            18.508787
          ]
        ]
      },
      "id": "way/1506511686"
    },
    {
      "type": "Feature",
      "properties": {
        "@id": "way/1506511687",
        "highway": "primary",
        "lanes": "1",
        "name": "Karve Road",
        "name:etymology:wikidata": "Q3518496",
        "name:mr": "कर्वे रस्ता",
        "oneway": "yes",
        "ref": "SH60",
        "surface": "asphalt"
      },
      "geometry": {
        "type": "LineString",
        "coordinates": [
          [
            73.8314277,
            18.508811
          ],
          [
            73.8314496,
            18.5088223
          ],
          [
            73.8318967,
            18.5090525
          ],
          [
            73.8320531,
            18.509133
          ],
          [
            73.8321165,
            18.5091656
          ],
          [
            73.8325245,
            18.5093758
          ],
          [
            73.8325745,
            18.5094016
          ],
          [
            73.8329954,
            18.5096183
          ],
          [
            73.8330858,
            18.5096648
          ],
          [
            73.8333158,
            18.5097833
          ],
          [
            73.8333864,
            18.5098196
          ],
          [
            73.8335334,
            18.5098779
          ],
          [
            73.8335799,
            18.5098963
          ]
        ]
      },
      "id": "way/1506511687"
    },
    {
      "type": "Feature",
      "properties": {
        "@id": "way/1512528404",
        "highway": "residential"
      },
      "geometry": {
        "type": "LineString",
        "coordinates": [
          [
            73.8467348,
            18.5161093
          ],
          [
            73.8467947,
            18.5160892
          ],
          [
            73.846829,
            18.5160613
          ],
          [
            73.846859,
            18.5160081
          ],
          [
            73.8468886,
            18.5159514
          ],
          [
            73.8468986,
            18.515913
          ],
          [
            73.8469055,
            18.5158393
          ]
        ]
      },
      "id": "way/1512528404"
    },
    {
      "type": "Feature",
      "properties": {
        "@id": "way/1528680000",
        "highway": "secondary",
        "lanes": "2",
        "name": "Anant Kanhere Path",
        "name:etymology:wikidata": "Q4751430",
        "name:mr": "अनंत कान्हेरे पथ",
        "oneway": "yes"
      },
      "geometry": {
        "type": "LineString",
        "coordinates": [
          [
            73.8380363,
            18.5046639
          ],
          [
            73.8381251,
            18.5046639
          ]
        ]
      },
      "id": "way/1528680000"
    },
    {
      "type": "Feature",
      "properties": {
        "@id": "way/1528680001",
        "highway": "secondary",
        "lanes": "2",
        "name": "Anant Kanhere Path",
        "name:etymology:wikidata": "Q4751430",
        "name:mr": "अनंत कान्हेरे पथ",
        "oneway": "yes"
      },
      "geometry": {
        "type": "LineString",
        "coordinates": [
          [
            73.8381232,
            18.5046028
          ],
          [
            73.8380431,
            18.5046017
          ]
        ]
      },
      "id": "way/1528680001"
    },
    {
      "type": "Feature",
      "properties": {
        "@id": "way/1528680002",
        "highway": "secondary",
        "lanes": "2",
        "name": "Anant Kanhere Path",
        "name:etymology:wikidata": "Q4751430",
        "name:mr": "अनंत कान्हेरे पथ",
        "oneway": "yes"
      },
      "geometry": {
        "type": "LineString",
        "coordinates": [
          [
            73.838348,
            18.5046619
          ],
          [
            73.8386366,
            18.5046593
          ],
          [
            73.838758,
            18.5046678
          ],
          [
            73.8388301,
            18.5046947
          ]
        ]
      },
      "id": "way/1528680002"
    },
    {
      "type": "Feature",
      "properties": {
        "@id": "way/1534814992",
        "access": "private",
        "highway": "service"
      },
      "geometry": {
        "type": "LineString",
        "coordinates": [
          [
            73.8352227,
            18.5087015
          ],
          [
            73.8351608,
            18.5086443
          ],
          [
            73.8348682,
            18.5084581
          ]
        ]
      },
      "id": "way/1534814992"
    },
    {
      "type": "Feature",
      "properties": {
        "@id": "way/1534814993",
        "highway": "service"
      },
      "geometry": {
        "type": "LineString",
        "coordinates": [
          [
            73.8350887,
            18.5088423
          ],
          [
            73.834966,
            18.5087521
          ],
          [
            73.8348225,
            18.5086465
          ],
          [
            73.8347565,
            18.508598
          ]
        ]
      },
      "id": "way/1534814993"
    },
    {
      "type": "Feature",
      "properties": {
        "@id": "way/1534814994",
        "access": "private",
        "highway": "service"
      },
      "geometry": {
        "type": "LineString",
        "coordinates": [
          [
            73.8347669,
            18.5085672
          ],
          [
            73.8348417,
            18.5086126
          ],
          [
            73.8349966,
            18.5087066
          ],
          [
            73.8350605,
            18.5087454
          ]
        ]
      },
      "id": "way/1534814994"
    },
    {
      "type": "Feature",
      "properties": {
        "@id": "way/1534814995",
        "access": "private",
        "highway": "service"
      },
      "geometry": {
        "type": "LineString",
        "coordinates": [
          [
            73.834966,
            18.5087521
          ],
          [
            73.8349813,
            18.5087293
          ],
          [
            73.8349966,
            18.5087066
          ]
        ]
      },
      "id": "way/1534814995"
    },
    {
      "type": "Feature",
      "properties": {
        "@id": "way/1534814996",
        "access": "private",
        "highway": "service"
      },
      "geometry": {
        "type": "LineString",
        "coordinates": [
          [
            73.8348225,
            18.5086465
          ],
          [
            73.8348289,
            18.5086352
          ],
          [
            73.8348417,
            18.5086126
          ]
        ]
      },
      "id": "way/1534814996"
    },
    {
      "type": "Feature",
      "properties": {
        "@id": "way/1537130395",
        "access": "private",
        "highway": "service"
      },
      "geometry": {
        "type": "LineString",
        "coordinates": [
          [
            73.8339092,
            18.517403
          ],
          [
            73.8339105,
            18.5174308
          ]
        ]
      },
      "id": "way/1537130395"
    },
    {
      "type": "Feature",
      "properties": {
        "@id": "way/1545694407",
        "highway": "secondary"
      },
      "geometry": {
        "type": "LineString",
        "coordinates": [
          [
            73.8373905,
            18.5115203
          ],
          [
            73.8373048,
            18.5115953
          ]
        ]
      },
      "id": "way/1545694407"
    },
    {
      "type": "Feature",
      "properties": {
        "@id": "way/1545694408",
        "highway": "tertiary",
        "maxspeed": "40",
        "name": "8th Lane"
      },
      "geometry": {
        "type": "LineString",
        "coordinates": [
          [
            73.8372619,
            18.5116703
          ],
          [
            73.8372232,
            18.5117308
          ]
        ]
      },
      "id": "way/1545694408"
    },
    {
      "type": "Feature",
      "properties": {
        "@id": "way/1545694892",
        "highway": "secondary",
        "lanes": "2",
        "name": "Anant Kanhere Path",
        "name:etymology:wikidata": "Q4751430",
        "name:mr": "अनंत कान्हेरे पथ",
        "oneway": "yes"
      },
      "geometry": {
        "type": "LineString",
        "coordinates": [
          [
            73.8382022,
            18.5046027
          ],
          [
            73.8381232,
            18.5046028
          ]
        ]
      },
      "id": "way/1545694892"
    },
    {
      "type": "Feature",
      "properties": {
        "@id": "way/1545694893",
        "highway": "secondary",
        "lanes": "2",
        "name": "Anant Kanhere Path",
        "name:etymology:wikidata": "Q4751430",
        "name:mr": "अनंत कान्हेरे पथ",
        "oneway": "yes"
      },
      "geometry": {
        "type": "LineString",
        "coordinates": [
          [
            73.8381251,
            18.5046639
          ],
          [
            73.8382003,
            18.5046632
          ]
        ]
      },
      "id": "way/1545694893"
    },
    {
      "type": "Feature",
      "properties": {
        "@id": "way/1552464853",
        "highway": "primary",
        "lanes": "2",
        "name": "Karve Road",
        "name:etymology:wikidata": "Q3518496",
        "name:mr": "कर्वे रस्ता",
        "oneway": "yes",
        "ref": "SH60",
        "surface": "asphalt"
      },
      "geometry": {
        "type": "LineString",
        "coordinates": [
          [
            73.8339729,
            18.5100929
          ],
          [
            73.8340207,
            18.5101168
          ]
        ]
      },
      "id": "way/1552464853"
    },
    {
      "type": "Feature",
      "properties": {
        "@id": "way/1553766597",
        "alt_name": "Tilak Road",
        "alt_name:mr": "टिळक रस्ता",
        "highway": "secondary",
        "lanes": "2",
        "name": "Lokmanya Tilak Marg",
        "name:en": "Lokmanya Tilak Road",
        "name:etymology:wikidata": "Q312555",
        "name:mr": "लोकमान्य टिळक मार्ग",
        "oneway": "no",
        "surface": "asphalt"
      },
      "geometry": {
        "type": "LineString",
        "coordinates": [
          [
            73.8459983,
            18.5106379
          ],
          [
            73.8451068,
            18.5114324
          ],
          [
            73.8450707,
            18.5114645
          ]
        ]
      },
      "id": "way/1553766597"
    },
    {
      "type": "Feature",
      "properties": {
        "@id": "way/1553766598",
        "alt_name": "Tilak Road",
        "alt_name:mr": "टिळक रस्ता",
        "highway": "secondary",
        "lanes": "2",
        "name": "Lokmanya Tilak Marg",
        "name:en": "Lokmanya Tilak Road",
        "name:etymology:wikidata": "Q312555",
        "name:mr": "लोकमान्य टिळक मार्ग",
        "oneway": "no",
        "surface": "asphalt"
      },
      "geometry": {
        "type": "LineString",
        "coordinates": [
          [
            73.8462835,
            18.5104237
          ],
          [
            73.8459983,
            18.5106379
          ]
        ]
      },
      "id": "way/1553766598"
    },
    {
      "type": "Feature",
      "properties": {
        "@id": "way/1553766599",
        "highway": "tertiary",
        "name": "Baburao Phule Path",
        "name:mr": "बाबुराव फुले पथ",
        "oneway": "yes"
      },
      "geometry": {
        "type": "LineString",
        "coordinates": [
          [
            73.84601,
            18.5105337
          ],
          [
            73.8459983,
            18.5106379
          ]
        ]
      },
      "id": "way/1553766599"
    }
  ]
}